Date,AAPL,MSFT,AMZN,GOOG,META,JPM,V,NVDA,NFLX,ORCL,INTC,AMD,IBM,CSCO,BA,GE,F,GM,QCOM,TXN,MU,LRCX,ADI,AVGO,TSM,ASML,NXPI,STX,PYPL,SHOP,COIN,TWLO,UBER,LYFT,DASH,ABNB,Z,PINS,SNAP,ETSY,EBAY,BABA,BIDU,JD,PDD,NTES,RBLX,PLTR,CRWD,OKTA,NET,ZS,PANW,SNOW,MDB,DDOG,DOCU,ZM,TEAM,CRM,NOW,WDAY,SAP,ADP,INTU,PAYC,ADBE,MS,GOOGL,WFC,BAC,C,GS,SCHW,T,VZ,TMUS,CMCSA,SIRI,TEF,NOK,ERIC,SONY,DELL,HPQ,LEN,LOW,HD,COST,WMT,TGT,XOM,CVX,BP,EOG,COP,SLB,HAL,TSLA,DIS,OXY,DVN,PSX,VLO,MPC,ALB
2022-01-03,178.87991333007812,325.6347961425781,170.4044952392578,144.39059448242188,336.9519958496094,146.99583435058594,216.01869201660156,30.06822395324707,597.3699951171875,83.57335662841797,49.350486755371094,150.24000549316406,118.38258361816406,56.774959564208984,207.86000061035156,59.02247619628906,17.267024993896484,59.47835159301758,173.15696716308594,173.45803833007812,93.83806610107422,71.69122314453125,167.03663635253906,61.81290817260742,121.47501373291016,775.2235107421875,218.176513671875,100.28336334228516,194.94000244140625,136.31399536132812,251.0500030517578,262.2900085449219,43.95000076293945,44.59000015258789,145.33999633789062,172.67999267578125,63.439998626708984,36.40999984741211,46.59000015258789,209.92999267578125,62.5590705871582,116.25657653808594,149.10000610351562,62.00297164916992,56.099998474121094,95.09172058105467,98.80999755859376,18.530000686645508,198.3300018310547,222.66000366210935,126.16000366210938,301.8299865722656,90.70166778564452,332.010009765625,487.55999755859375,163.8300018310547,157.00999450683594,184.2599945068359,350.4200134277344,253.64251708984375,630.1400146484375,263.7200012207031,133.44534301757812,227.88653564453125,617.2879028320312,399.0388793945313,564.3699951171875,89.30563354492188,144.30160522460938,46.59425354003906,42.412723541259766,55.51762771606445,362.7073669433594,81.91195678710938,15.41171646118164,41.99247360229492,111.90228271484376,45.81459426879883,60.70490264892578,3.5707693099975586,5.733656883239746,9.934531211853027,25.009742736816406,52.97270965576172,34.038089752197266,104.36714935302734,240.07127380371097,376.16058349609375,542.518310546875,46.076942443847656,211.8791046142578,56.641754150390625,105.02197265625,23.400299072265625,77.91192626953125,65.3731460571289,29.70269775390625,22.598691940307617,399.9266662597656,154.84706115722656,29.80254364013672,38.11519241333008,67.09461212158203,69.4827651977539,60.9272346496582,228.25970458984375
2022-01-04,176.60963439941406,320.05108642578125,167.52200317382812,143.7357177734375,334.95135498046875,152.56838989257812,217.02354431152344,29.238679885864254,591.1500244140625,84.46708679199219,49.28556060791016,144.4199981689453,120.10563659667967,55.38248825073242,213.6300048828125,60.942047119140625,19.28164291381836,63.92197036743164,174.10549926757812,173.64007568359375,94.41627502441406,70.36107635498047,165.52798461914062,62.52112579345703,125.81340789794922,757.4346313476562,219.73342895507812,102.81790161132812,191.13999938964844,122.18599700927734,250.1499938964844,251.0,44.41999816894531,44.95000076293945,135.91000366210938,170.8000030517578,62.25,33.130001068115234,44.029998779296875,200.9900054931641,61.00446319580078,115.46466827392578,146.52999877929688,58.25538635253906,49.81999969482422,92.21930694580078,95.1500015258789,18.170000076293945,189.19000244140625,215.0099945068359,114.95999908447266,281.5799865722656,87.33333587646484,315.5299987792969,465.3699951171875,157.75999450683594,154.44000244140625,179.85000610351562,334.989990234375,246.46397399902344,603.9400024414062,253.05999755859375,132.37892150878906,228.9512176513672,604.433349609375,386.1593017578125,554.0,92.9334945678711,143.71243286132812,48.44957733154297,44.075069427490234,55.94874572753906,373.8547058105469,85.92350006103516,15.538986206054688,42.81727600097656,111.54044342041016,45.5423698425293,58.891387939453125,3.5459721088409424,5.6971940994262695,9.88945484161377,25.463314056396484,54.376522064208984,35.094505310058594,105.0485382080078,244.11146545410156,380.0267028808594,540.144287109375,45.232810974121094,213.906982421875,58.77228546142578,106.93289947509766,24.409151077270508,81.49299621582031,68.20889282226562,31.14475440979004,23.955183029174805,383.1966552734375,153.8296356201172,32.028621673583984,39.86330032348633,69.6015853881836,70.71676635742188,62.92225646972656,233.9596710205078
2022-01-05,171.911865234375,307.7650146484375,164.35699462890625,137.0045928955078,322.64935302734375,149.7790985107422,214.6236267089844,27.55562973022461,567.52001953125,82.20423889160156,49.962608337402344,136.14999389648438,120.27964782714844,54.50540542602539,213.07000732421875,60.942047119140625,18.766090393066406,61.00493621826172,173.4266815185547,170.0179901123047,92.5150146484375,68.3658676147461,162.9727020263672,59.91934585571289,119.83395385742188,724.8504028320312,211.9016571044922,101.656982421875,187.16000366210935,119.0009994506836,234.22999572753903,235.19000244140625,43.2400016784668,43.59000015258789,127.97000122070312,162.25,58.34000015258789,32.84000015258789,41.33000183105469,188.3500061035156,60.39572525024414,117.0098648071289,143.8800048828125,57.18465042114258,48.529998779296875,90.19729614257812,88.54000091552734,16.959999084472656,179.2899932861328,198.58999633789065,105.9499969482422,262.3299865722656,84.1433334350586,296.8699951171875,428.7699890136719,145.52000427246094,144.1699981689453,174.8800048828125,311.6400146484375,226.05023193359375,572.760009765625,248.2599945068359,131.7277374267578,226.9992828369141,580.3663940429688,355.6800537109375,514.4299926757812,90.63375854492188,137.11944580078125,48.027069091796875,43.33114242553711,55.297664642333984,365.7350463867187,85.30265808105469,15.88443088531494,43.25769805908203,112.8117446899414,45.56959533691406,58.700496673583984,3.512909173965454,5.596924781799316,9.754230499267578,25.469255447387695,53.90237808227539,34.7990608215332,103.43370819091795,239.3572235107422,374.8718566894531,526.4451904296875,45.84441757202149,209.0565185546875,59.50326156616211,107.62860107421876,24.25526428222656,79.997314453125,67.03915405273438,31.14475440979004,23.71967887878418,362.7066650390625,153.29624938964844,30.52218246459961,38.98506164550781,69.3801040649414,70.43755340576172,63.321266174316406,227.2663116455078
2022-01-06,169.04205322265625,305.3330078125,163.25399780273438,136.90257263183594,330.9004211425781,151.370361328125,214.37974548339844,28.128623962402344,553.2899780273438,82.39508819580078,50.09245681762695,136.22999572753906,117.77345275878906,55.08409881591797,211.33999633789065,61.297760009765625,19.40061378479004,61.13134002685547,172.9152374267578,169.9634246826172,93.74005889892578,69.36397552490234,163.4912872314453,59.3630256652832,121.16378021240234,741.8131713867188,214.1568298339844,99.59210968017578,192.27000427246097,116.89299774169922,234.0,238.6499938964844,42.029998779296875,43.599998474121094,137.27999877929688,159.75,57.34000015258789,32.689998626708984,41.68000030517578,196.9499969482422,62.56844329833984,122.29249572753906,150.75,60.59648895263672,52.130001068115234,91.86026763916016,89.19999694824219,16.739999771118164,187.4900054931641,202.22000122070312,104.04000091552734,260.2099914550781,88.8183364868164,297.0899963378906,429.6799926757813,143.88999938964844,143.10000610351562,176.3300018310547,313.75,227.5196990966797,574.0399780273438,250.6300048828125,129.283447265625,225.43963623046875,573.2205200195312,351.6299743652344,514.1199951171875,92.18474578857422,137.09207153320312,49.25783157348633,44.203643798828125,57.110130310058594,364.17529296875,86.66849517822266,15.823829650878906,43.04949569702149,113.01710510253906,45.832733154296875,59.08229446411133,3.5873007774353027,5.57869291305542,9.727185249328612,24.383853912353516,53.95816421508789,34.62896728515625,100.8760986328125,242.2135467529297,373.5094604492187,526.330322265625,45.71699905395508,211.33102416992188,60.9028205871582,108.54441833496094,24.631444931030273,81.6382827758789,69.55589294433594,31.884506225585938,24.12474250793457,354.8999938964844,154.9853515625,31.43371963500977,40.4571418762207,71.29356384277344,72.20299530029297,65.09359741210938,225.0866241455078
2022-01-07,169.20913696289062,305.4887390136719,162.5540008544922,136.358642578125,330.23358154296875,152.87017822265625,211.657958984375,27.199256896972656,541.0599975585938,83.51165008544922,49.56380462646485,132.0,117.32965087890624,55.273983001708984,215.5,62.187015533447266,19.38475227355957,60.54793930053711,167.76361083984375,163.30174255371094,92.56401824951172,66.14041137695312,159.20106506347656,57.696834564208984,116.47640991210938,734.9891357421875,208.8444366455078,98.33370208740234,187.6000061035156,114.447998046875,232.3300018310547,230.1999969482422,41.5099983215332,43.099998474121094,132.27000427246094,166.0500030517578,56.68000030517578,32.41999816894531,41.36000061035156,185.1499938964844,62.10954284667969,125.36356353759766,153.3300018310547,61.92130661010742,55.900001525878906,94.2129898071289,84.37000274658203,16.559999465942383,188.9900054931641,196.6699981689453,107.0,261.5299987792969,87.5816650390625,299.67999267578125,429.6300048828125,143.7899932861328,135.92999267578125,171.60000610351562,303.7099914550781,226.68568420410156,566.3900146484375,250.2400054931641,130.48199462890625,223.05816650390625,555.4575805664062,350.61492919921875,510.7000122070313,92.74630737304688,136.36505126953125,50.304893493652344,45.16798782348633,57.87558364868164,364.7074890136719,87.6236343383789,16.36441993713379,43.9571647644043,107.3158721923828,45.415340423583984,59.177734375,3.628628730773926,5.56046199798584,9.952559471130373,24.62153434753418,53.91167449951172,34.60211181640625,96.096923828125,235.9183349609375,362.32513427734375,513.291748046875,46.15338897705078,210.81036376953125,61.40201568603515,110.10311889648438,25.36671257019043,83.8946304321289,71.461181640625,32.802188873291016,24.51096534729004,342.32000732421875,155.9040069580078,31.865501403808594,40.8920783996582,72.60462188720703,72.95960998535156,65.8173828125,227.63278198242188
2022-01-10,169.22882080078125,305.7124938964844,161.48599243164062,137.92074584960938,326.5310363769531,153.01651000976562,206.78988647460935,27.35198974609375,539.8499755859375,85.20075225830078,51.20541763305664,132.0,117.50367736816406,55.89788818359375,209.30999755859375,60.97272109985352,18.91679000854492,59.38111877441406,167.084716796875,166.5052032470703,92.01519775390624,65.64630126953125,160.67198181152344,57.88414001464844,117.90055084228516,706.866943359375,209.31625366210935,101.39997100830078,182.9499969482422,113.11699676513672,225.0099945068359,227.52000427246097,42.599998474121094,44.130001068115234,133.4499969482422,160.7100067138672,56.540000915527344,32.70000076293945,41.709999084472656,183.7100067138672,60.47065353393555,123.90528869628906,152.36000061035156,63.155372619628906,56.9900016784668,94.5814971923828,85.5199966430664,16.5,192.5,201.2400054931641,110.75,275.6499938964844,87.10166931152344,302.7300109863281,435.0,146.3300018310547,136.22999572753906,172.55999755859375,312.9800109863281,227.99630737304688,572.0,252.30999755859375,130.8123016357422,217.50131225585935,558.0313720703125,358.71514892578125,525.8300170898438,92.8176040649414,138.00967407226562,50.837615966796875,44.938385009765625,58.095550537109375,366.2304992675781,87.53766632080078,16.470237731933594,43.65731048583984,103.40423583984376,45.8418083190918,59.75041961669922,3.711285352706909,5.624270915985107,10.042710304260254,24.395740509033203,55.66876983642578,34.879642486572266,97.10503387451172,232.7238311767578,356.6639404296875,496.6536865234375,46.064208984375,207.7410888671875,61.03654479980469,110.1735610961914,25.27266502380371,83.80915069580078,71.8067626953125,32.8864631652832,24.3508243560791,352.7066650390625,154.6890411376953,31.069107055664062,40.56587600708008,74.28775024414062,72.98664093017578,65.3719711303711,218.90440368652344
2022-01-11,172.06906127929688,306.40313720703125,165.36199951171875,139.35743713378906,332.801513671875,153.17198181152344,209.1409912109375,27.76825714111328,540.8400268554688,84.43732452392578,51.85464096069336,137.30999755859375,115.62403869628906,56.39519119262695,216.02000427246097,62.42619705200195,19.31336784362793,59.76033020019531,172.40377807617188,168.03408813476562,92.31901550292967,66.52778625488281,163.7176055908203,57.967079162597656,121.8239517211914,708.8013916015625,214.70411682128903,99.0072250366211,191.52000427246097,115.7310028076172,237.22999572753903,234.17999267578125,43.619998931884766,44.5,143.63999938964844,168.61000061035156,58.349998474121094,34.0,43.310001373291016,182.80999755859375,62.21257400512695,127.66204833984376,156.6999969482422,69.65239715576172,60.02000045776367,97.92633056640624,89.04000091552734,16.889999389648438,196.11000061035156,207.97999572753903,114.13999938964844,277.5299987792969,87.67500305175781,301.2699890136719,443.7900085449219,148.60000610351562,142.1300048828125,175.97000122070312,314.95001220703125,233.1692352294922,578.4400024414062,255.72000122070312,130.982177734375,219.73336791992188,566.3795166015625,361.8488159179687,529.8900146484375,94.41314697265624,139.0710906982422,51.48973083496094,45.1955451965332,59.04576110839844,369.790283203125,89.69625854492188,16.39554214477539,43.430397033691406,108.51871490478516,46.40439224243164,60.3231086730957,3.719550848007202,5.6880784034729,10.204980850219728,25.01964569091797,56.012733459472656,35.08555221557617,100.5587387084961,234.4244384765625,355.9367370605469,499.7457885742187,45.9336051940918,207.85983276367188,63.60386276245117,112.69210815429688,26.110525131225582,87.34748840332031,74.07535552978516,34.159976959228516,25.66020965576172,354.79998779296875,155.96327209472656,33.2951774597168,41.6532096862793,76.31636047363281,75.52669525146484,67.45051574707031,231.6353302001953
2022-01-12,172.51138305664062,309.60357666015625,165.20700073242188,140.98023986816406,331.6966857910156,154.040771484375,210.4384765625,27.949941635131836,537.219970703125,84.27507781982422,51.69697570800781,137.47000122070312,116.25060272216795,56.16913986206055,217.4499969482422,62.70217514038086,19.40854835510254,59.34222030639648,173.352294921875,169.29905700683594,93.21085357666016,67.82334899902344,163.8307647705078,57.96241760253906,124.7099380493164,721.4481201171875,216.1006317138672,100.34539031982422,187.1999969482422,116.8759994506836,234.6999969482422,227.11000061035156,43.040000915527344,42.380001068115234,140.66000366210938,169.5399932861328,57.06999969482422,34.43000030517578,42.72999954223633,178.05999755859375,60.23651885986328,132.7032470703125,159.36000061035156,69.32572937011719,60.380001068115234,100.16568756103516,89.05999755859375,16.719999313354492,187.97000122070312,213.92999267578125,113.97000122070312,273.9800109863281,88.66999816894531,307.1400146484375,432.489990234375,146.3300018310547,139.25,170.64999389648438,320.5899963378906,236.1379547119141,573.3900146484375,257.9599914550781,132.2656707763672,219.1263732910156,564.95068359375,352.85186767578125,532.3699951171875,91.85492706298828,140.75755310058594,51.802005767822266,44.87408828735352,59.19532775878906,358.10162353515625,90.56542205810548,16.464012145996094,43.316932678222656,108.40135955810548,46.23199462890625,60.418556213378906,3.719550848007202,5.551346778869629,10.28611660003662,25.18404197692871,55.73383712768555,34.90650177001953,100.75475311279295,235.5707244873047,358.44976806640625,503.3548278808594,45.69151306152344,205.04635620117188,63.41666030883789,112.1285171508789,26.6662540435791,87.83464813232422,74.7931900024414,34.13188552856445,25.84861183166504,368.739990234375,155.8743896484375,33.3431510925293,41.73685073852539,76.44924926757812,75.9950942993164,67.81240844726562,232.50332641601562
2022-01-13,169.22882080078125,296.500244140625,161.21400451660156,138.47512817382812,324.9485168457031,153.84869384765625,209.74581909179688,26.52843856811523,519.2000122070312,83.77885437011719,50.95500564575195,132.74000549316406,117.26873779296876,55.60853576660156,223.8999938964844,62.83711242675781,19.844785690307617,60.061767578125,170.99964904785156,167.58815002441406,93.71066284179688,67.86781311035156,160.08738708496094,55.650447845458984,131.2741241455078,709.69580078125,209.3445281982422,98.22735595703124,181.0099945068359,106.43599700927734,228.22999572753903,217.16000366210935,42.869998931884766,42.599998474121094,131.77999877929688,166.0,56.599998474121094,32.970001220703125,38.380001068115234,166.8000030517578,59.26254653930664,126.87013244628906,152.50999450683594,64.82500457763672,57.619998931884766,95.5925064086914,80.18000030517578,16.010000228881836,174.89999389648438,202.0,98.9800033569336,250.47000122070312,83.0999984741211,291.760009765625,390.8299865722656,135.1300048828125,130.58999633789062,162.10000610351562,298.6499938964844,227.00341796875,521.260009765625,249.41000366210935,128.2642059326172,216.6047210693359,541.1297607421875,337.55804443359375,516.9000244140625,91.40925598144533,137.92758178710938,51.43461990356445,44.782249450683594,59.63524627685547,358.5511474609375,89.19001770019531,16.681875228881836,43.37366485595703,107.68749237060548,46.53142929077149,60.70490264892578,3.7360823154449463,5.3690361976623535,10.241040229797363,24.718585968017575,55.9383659362793,34.64686965942383,101.31480407714844,235.55191040039065,356.2221374511719,494.8156433105469,46.33815383911133,206.2886505126953,62.9620361328125,111.66181182861328,26.69190216064453,87.81744384765625,74.1019515991211,33.869686126708984,26.31019401550293,343.85333251953125,153.54319763183594,32.76744842529297,41.519378662109375,76.87445068359375,75.08535766601562,67.8495101928711,226.870849609375
2022-01-14,170.09365844726562,301.7532958984375,162.13800048828125,139.1275177001953,330.3431396484375,144.39263916015625,209.4238739013672,26.89478874206543,525.6900024414062,83.68341827392578,51.659881591796875,136.8800048828125,116.7901382446289,55.48195266723633,225.9600067138672,63.26639938354492,19.97961807250977,59.410282135009766,175.46316528320312,170.19091796875,95.41590118408205,72.1220932006836,162.1806640625,55.57402420043945,132.6605224609375,723.7422485351562,212.58103942871097,96.77397918701172,178.4199981689453,110.29100036621094,230.02999877929688,215.16000366210935,41.5099983215332,41.2599983215332,131.52999877929688,163.99000549316406,55.349998474121094,32.83000183105469,38.040000915527344,163.6999969482422,59.4217529296875,127.06328582763672,154.52999877929688,66.89388275146484,60.40999984741211,97.66178131103516,79.05000305175781,16.010000228881836,176.6999969482422,204.41000366210935,100.29000091552734,254.7400054931641,83.18499755859375,289.5899963378906,396.8900146484375,138.27999877929688,130.44000244140625,159.72000122070312,297.3900146484375,229.58493041992188,531.02001953125,254.30999755859375,131.0859832763672,213.6348876953125,539.0451049804688,329.1227722167969,520.5999755859375,88.13795471191406,138.8168182373047,53.32667541503906,44.0015983581543,58.88739776611328,349.50482177734375,91.2435531616211,16.918405532836914,43.17916488647461,106.12281799316406,46.8943977355957,58.986839294433594,3.7856764793396,5.4054975509643555,10.241040229797363,24.71660804748535,56.273048400878906,34.39619445800781,100.96011352539062,228.69300842285156,342.43280029296875,481.5185241699219,46.20754623413086,202.2420196533203,64.0674057006836,113.5639190673828,27.39297103881836,90.94271850585938,76.8668212890625,35.4053955078125,27.07321548461914,349.8699951171875,150.0858917236328,34.072383880615234,42.14668655395508,78.46898651123047,76.74270629882812,69.35275268554688,225.36630249023438
2022-01-18,166.87994384765625,294.4088134765625,158.91749572753906,135.64801025390625,316.6575927734375,138.3385772705078,210.4384765625,25.85761451721191,510.7999877929687,81.64118957519531,50.78805923461914,131.92999267578125,115.68497467041016,54.00809860229492,225.0099945068359,63.10080337524414,19.337160110473633,57.16417694091797,166.32225036621094,165.8863525390625,91.01556396484376,67.10095977783203,156.99461364746094,53.84260940551758,126.21898651123048,695.2603759765625,205.15499877929688,93.45954895019533,174.4600067138672,105.46600341796876,222.0,207.2400054931641,38.40999984741211,38.43000030517578,128.5800018310547,154.69000244140625,54.06999969482422,31.690000534057617,35.70000076293945,163.49000549316406,57.698577880859375,124.1950225830078,152.94000244140625,66.603515625,61.529998779296875,96.13108825683594,77.20999908447266,14.970000267028809,172.85000610351562,197.1999969482422,93.62999725341795,259.20001220703125,83.72833251953125,287.67999267578125,387.2699890136719,131.8699951171875,127.30999755859376,157.6999969482422,293.6300048828125,224.4517059326172,522.3400268554688,245.86000061035156,128.4435272216797,211.47752380371097,526.351806640625,318.0268859863281,513.3400268554688,83.79702758789062,135.35089111328125,52.068363189697266,42.4861946105957,57.4532585144043,325.1549072265625,88.02479553222656,16.999326705932617,43.30073165893555,104.54839324951172,45.53329849243164,58.318702697753906,3.769145011901855,5.241419315338135,10.141875267028809,22.943918228149418,55.2968864440918,33.68893051147461,94.55675506591795,224.74322509765625,337.5724182128906,467.2354431152344,45.39845657348633,200.97227478027344,65.14604187011719,113.93378448486328,27.683656692504883,90.97715759277344,77.5491943359375,35.152565002441406,26.941335678100582,343.5033264160156,150.411865234375,34.57133483886719,42.1215934753418,78.53984832763672,77.13902282714844,69.17642974853516,218.2582244873047
2022-01-19,163.37127685546875,295.07037353515625,156.2989959716797,135.0124969482422,318.0908203125,136.19857788085938,209.43365478515625,25.0230770111084,515.8599853515625,79.57034301757812,49.73074722290039,128.27000427246094,114.50148010253906,53.25761795043945,217.0800018310547,61.70866012573242,17.80636978149414,54.684688568115234,160.38015747070312,162.2642822265625,88.20288848876953,63.51570892333984,153.75103759765625,52.55477142333984,123.55931854248048,679.3084716796875,199.04998779296875,90.7123031616211,173.5500030517578,103.09500122070312,219.5,203.69000244140625,37.86000061035156,36.90999984741211,131.75999450683594,154.5800018310547,54.220001220703125,31.63999938964844,35.04999923706055,163.13999938964844,58.33539581298828,123.36447143554688,154.47999572753906,65.6053695678711,64.3499984741211,97.75626373291016,76.16000366210938,14.5600004196167,175.7100067138672,197.4199981689453,94.31999969482422,253.11000061035156,86.60166931152344,282.55999755859375,384.5899963378906,130.91000366210938,126.98999786376952,157.22999572753906,293.4599914550781,224.66021728515625,521.2899780273438,249.4600067138672,129.0946807861328,209.9738922119141,533.7211303710938,324.9544372558594,516.5800170898438,85.33016967773438,134.4735870361328,51.039676666259766,42.65150833129883,56.520633697509766,318.6592102050781,87.40393829345703,16.98065185546875,43.357460021972656,103.05218505859376,45.66940689086914,58.2232551574707,3.744348526000977,5.232304096221924,10.22301197052002,21.795135498046875,53.8837890625,32.766807556152344,90.41232299804688,221.24588012695312,331.1011657714844,469.23626708984375,45.85078811645508,204.47085571289065,65.17279815673828,113.51988983154295,27.44426918029785,90.51222229003906,77.34534454345703,34.740543365478516,26.73409652709961,331.8833312988281,148.27822875976562,34.379432678222656,40.925533294677734,77.28192138671875,75.8509750366211,68.06293487548828,211.88307189941406
2022-01-20,161.68089294433594,293.38739013671875,151.66749572753906,132.8771209716797,315.07501220703125,135.03713989257812,209.1117248535156,24.107683181762695,508.25,78.94049835205078,48.26535415649414,121.88999938964844,113.8401336669922,52.51616287231445,214.19000244140625,60.25517654418945,17.171844482421875,53.1386604309082,154.8286590576172,157.8504638671875,83.3713150024414,61.23686981201172,149.5739288330078,51.04047775268555,121.03173828125,686.7352294921875,188.3496856689453,89.00192260742188,173.27999877929688,102.3949966430664,221.6199951171875,201.4900054931641,37.81999969482422,37.599998474121094,126.77999877929688,158.0,53.86000061035156,31.950000762939453,34.9900016784668,159.2899932861328,56.85570526123047,126.54178619384766,162.02999877929688,69.87017059326172,66.12000274658203,97.66178131103516,75.38999938964844,14.619999885559082,173.88999938964844,200.32000732421875,93.41000366210938,250.6699981689453,86.61166381835938,279.2699890136719,389.1199951171875,130.00999450683594,124.44000244140624,155.80999755859375,291.32000732421875,221.35389709472656,515.0,251.77000427246097,129.30230712890625,205.7525634765625,533.0066528320312,323.48614501953125,510.8500061035156,88.98474884033203,132.67320251464844,50.516143798828125,42.01779556274414,56.71419906616211,319.374755859375,87.3275375366211,16.818811416625977,43.27641677856445,101.76134490966795,45.56959533691406,57.65056991577149,3.67822265625,5.132033348083496,10.150890350341797,22.506195068359375,53.3631706237793,32.32813262939453,89.24552154541016,211.09327697753903,321.794677734375,462.2095031738281,44.98435592651367,202.53431701660156,65.3154067993164,113.11479949951172,26.811595916748047,89.10887145996094,75.88316345214844,34.693721771240234,26.508012771606445,332.0899963378906,145.818603515625,33.53504943847656,40.67461395263672,75.74054718017578,73.32891082763672,66.80096435546875,209.43336486816406
2022-01-21,159.61700439453125,287.96917724609375,142.64300537109375,129.47872924804688,301.74786376953125,132.67771911621094,200.89747619628903,23.333045959472656,397.5,78.46334838867188,48.26535415649414,118.80999755859376,112.5609359741211,51.250274658203125,205.44000244140625,59.05927276611328,16.378686904907227,51.806549072265625,153.36865234375,159.843505859375,80.29400634765625,59.86522674560547,150.4131317138672,49.6901969909668,117.4478530883789,675.3326416015625,188.6705017089844,84.65064239501953,163.5399932861328,88.21199798583984,191.97000122070312,192.05999755859375,35.939998626708984,36.79999923706055,116.9499969482422,156.72999572753906,51.099998474121094,29.450000762939453,32.119998931884766,148.85000610351562,55.759986877441406,119.00895690917967,156.83999633789062,66.657958984375,62.40999984741211,91.6429443359375,68.93000030517578,13.529999732971191,164.72999572753906,188.2599945068359,88.55000305175781,241.94000244140625,80.6050033569336,267.55999755859375,375.5700073242187,125.5500030517578,116.12999725341795,147.66000366210938,283.0,217.0745849609375,507.739990234375,245.69000244140625,128.16038513183594,202.78268432617188,517.2794189453125,305.4823913574219,499.9100036621094,88.1201400756836,129.73126220703125,49.29457092285156,41.25550079345703,55.66720199584961,315.5305480957031,85.19758605957031,16.563602447509766,43.0819091796875,99.37525939941406,45.12497329711914,57.36422348022461,3.669956922531128,5.022646903991699,9.925515174865724,22.110063552856445,51.661869049072266,31.20903778076172,88.96549224853516,212.12078857421875,321.3528747558594,461.05120849609375,44.656253814697266,198.45114135742188,64.33485412597656,111.7586669921875,26.255868911743164,86.63794708251953,73.3044204711914,34.047611236572266,25.942813873291016,314.6333312988281,135.7035675048828,32.383644104003906,38.57522201538086,73.91569519042969,71.41935729980469,65.60394287109375,205.18971252441406
2022-01-24,158.840576171875,288.2998352050781,144.54400634765625,129.7574005126953,307.2618713378906,132.55882263183594,196.91717529296875,23.33104705810547,387.1499938964844,78.65419006347656,48.17259979248047,116.52999877929688,112.09973907470705,51.449195861816406,204.1999969482422,59.43337631225586,16.172468185424805,51.18424606323242,158.14837646484375,162.3007049560547,81.29364776611328,61.449337005615234,152.22352600097656,50.46830749511719,118.79652404785156,668.2268676757812,191.6145172119141,86.10401916503906,162.1699981689453,93.8489990234375,191.47999572753903,197.5,36.279998779296875,37.130001068115234,117.3499984741211,147.89999389648438,53.290000915527344,31.11000061035156,31.799999237060547,154.05999755859375,55.87236785888672,116.24691772460938,149.0500030517578,65.09722137451172,60.52000045776367,90.03667449951172,70.73999786376953,13.399999618530272,167.27000427246094,190.8999938964844,93.27999877929688,243.1999969482422,84.03500366210938,277.5,386.4500122070313,136.07000732421875,121.83000183105467,152.9499969482422,300.2699890136719,221.4432678222656,525.8400268554688,247.6300048828125,126.19740295410156,203.81935119628903,523.2786254882812,321.5350036621094,519.6599731445312,87.42487335205078,130.18161010742188,48.973106384277344,40.91569137573242,55.16569519042969,315.053466796875,84.72957611083984,16.39554214477539,42.91982650756836,104.2941436767578,45.4334831237793,57.74601364135742,3.744348526000977,5.0044145584106445,9.826350212097168,21.8941707611084,51.52241897583008,31.889440536499023,93.35263061523438,219.03060913085935,334.8937072753906,468.0299987792969,44.65944290161133,201.49295043945312,64.88753509521484,111.9964370727539,25.63174819946289,88.08434295654297,73.57025146484375,34.2723388671875,26.93191719055176,310.0,135.7825927734375,32.633113861083984,40.42369079589844,73.37532806396484,70.788818359375,65.3163070678711,204.38922119140625
2022-01-25,157.0321807861328,280.6343994140625,139.98599243164062,126.13805389404295,298.7420349121094,134.00376892089844,197.0635223388672,22.284881591796875,366.4200134277344,77.36588287353516,47.300785064697266,111.12999725341795,118.43484497070312,50.73488235473633,204.1000061035156,55.87632369995117,15.847272872924805,50.46471405029297,153.85223388671875,158.3146209716797,79.10818481445312,58.129920959472656,146.87718200683594,49.77499008178711,115.5144500732422,630.4614868164062,183.78271484375,83.99483489990234,158.1999969482422,89.23899841308594,185.6300048828125,185.83999633789065,34.81999969482422,36.220001220703125,109.38999938964844,144.55999755859375,49.59000015258789,28.459999084472656,30.65999984741211,145.1300048828125,54.486328125,115.05905151367188,150.97000122070312,65.46925354003906,59.5,93.18309783935548,65.29000091552734,13.0600004196167,158.58999633789062,177.66000366210938,84.77999877929688,228.8800048828125,79.24500274658203,263.42999267578125,365.4800109863281,125.13999938964844,117.8000030517578,145.88999938964844,286.69000244140625,213.85760498046875,495.0799865722656,236.11000061035156,124.87616729736328,202.5492401123047,504.9871826171875,300.2300720214844,502.7200012207031,88.28057098388672,126.33101654052734,49.221092224121094,41.72390365600586,56.40625762939453,313.3652648925781,84.55764770507812,16.482683181762695,42.87120819091797,103.33577728271484,45.070518493652344,57.841461181640625,3.7939419746398926,5.077340602874756,10.5475492477417,21.77136993408203,51.541011810302734,31.31647491455078,91.42974853515624,216.82473754882812,330.4476013183594,456.9443664550781,43.687889099121094,196.10348510742188,66.79519653320312,116.76055145263672,26.845794677734375,92.07057189941406,77.19473266601562,36.32306289672851,28.8159236907959,306.1333312988281,134.84417724609375,35.2813835144043,42.874366760253906,76.14804077148438,73.10372161865234,66.34628295898438,198.689208984375
2022-01-26,156.9437713623047,288.6306457519531,138.87249755859375,128.63075256347656,293.2479248046875,135.27493286132812,200.8389434814453,22.732099533081055,359.70001220703125,75.95352172851562,47.94073486328125,110.70999908447266,116.8336410522461,50.02959442138672,194.27000427246097,54.77854537963867,15.79175090789795,50.90227127075195,155.2936248779297,162.29159545898438,80.33322143554688,58.96397399902344,150.64883422851562,51.91643142700195,116.080322265625,635.0205078125,185.84918212890625,85.35073852539062,156.97999572753906,86.89199829101562,178.63999938964844,179.11000061035156,34.79999923706055,35.68000030517578,101.47000122070312,142.13999938964844,47.709999084472656,26.739999771118164,28.6299991607666,141.3000030517578,54.04616928100586,109.48670196533205,148.3000030517578,64.52555847167969,54.08000183105469,91.42564392089844,63.02000045776367,12.75,160.94000244140625,178.0399932861328,80.06999969482422,226.8500061035156,79.37333679199219,253.1000061035156,351.57000732421875,128.0399932861328,114.33000183105467,140.3300018310547,293.05999755859375,209.49884033203125,484.4200134277344,225.0399932861328,124.83840942382812,184.41244506835935,496.6586608886719,297.6580810546875,500.80999755859375,89.2878189086914,128.6180877685547,49.726261138916016,42.15556335449219,56.96935272216797,314.40203857421875,85.97124481201172,15.0946044921875,41.347618103027344,101.91780853271484,43.972564697265625,57.077884674072266,3.7526137828826904,5.08645486831665,10.65573024749756,21.79315757751465,51.44805908203125,31.5402889251709,87.283447265625,215.02423095703125,328.88275146484375,462.8317260742187,43.24192810058594,193.39051818847656,66.1176986694336,116.84862518310548,26.931293487548828,92.57852935791016,77.15040588378906,37.26883316040039,29.013748168945312,312.4700012207031,131.96971130371094,35.55963897705078,43.31766128540039,75.34193420410156,73.22982788085938,65.86377716064453,198.31307983398438
2022-01-27,156.48182678222656,291.6753234863281,139.6374969482422,128.51229858398438,293.2579040527344,132.88804626464844,201.1120758056641,21.90555000305176,386.7000122070313,76.13482666015625,44.56475830078125,102.5999984741211,115.31950378417967,49.38761138916016,189.75,55.134254455566406,15.506213188171388,50.02715301513672,149.90016174316406,159.08816528320312,77.14810943603516,54.87571716308594,145.76454162597656,50.53633117675781,109.7613296508789,616.9398193359375,177.35687255859375,91.88209533691406,158.11000061035156,81.57599639892578,170.1999969482422,176.75,34.09000015258789,34.93000030517578,96.08999633789062,138.41000366210938,46.779998779296875,26.8799991607666,28.299999237060547,139.5399932861328,53.10029220581055,107.9608154296875,143.72999572753906,60.5057487487793,50.83000183105469,89.32803344726562,57.060001373291016,12.279999732971191,159.80999755859375,175.60000610351562,80.33999633789062,223.0800018310547,80.87000274658203,244.72000122070312,351.510009765625,128.14999389648438,110.69000244140624,136.80999755859375,290.8900146484375,211.2264709472656,528.6900024414062,226.17999267578125,115.49534606933594,183.441162109375,506.1908874511719,296.5938720703125,493.0499877929687,90.1613540649414,128.39117431640625,49.377227783203125,41.76063537597656,56.44145584106445,312.8881530761719,85.6751480102539,15.013689041137695,41.485382080078125,103.68783569335938,43.564239501953125,58.50959777832031,3.769145011901855,5.095571041107178,10.89913558959961,20.39481544494629,51.550315856933594,31.522382736206055,85.95287322998047,212.9786376953125,328.1002502441406,461.9223327636719,43.27060317993164,193.81980895996097,66.96456146240234,119.20863342285156,26.956941604614254,94.4898452758789,79.45445251464844,36.388614654541016,29.04201316833496,276.3666687011719,133.76748657226562,35.75154495239258,43.27584457397461,76.0240249633789,73.84234619140625,66.71744537353516,198.1298370361328
2022-01-28,167.40077209472656,299.8661193847656,143.97799682617188,132.66116333007812,300.2947082519531,134.076904296875,222.42811584472656,22.799978256225582,384.3599853515625,76.80284118652344,44.26796340942383,105.23999786376952,117.04248809814452,50.28277587890625,190.57000732421875,56.48348236083984,15.577964782714844,48.850616455078125,155.1168975830078,162.41357421875,77.68712615966797,55.45283508300781,149.5739288330078,52.194129943847656,110.92140197753906,626.9619750976562,178.76283264160156,94.84202575683594,163.52000427246094,87.2229995727539,177.5800018310547,188.22999572753903,35.209999084472656,35.75,103.66999816894533,142.77000427246094,47.41999816894531,26.84000015258789,30.420000076293945,145.9499969482422,53.886966705322266,111.28298950195312,146.52999877929688,62.91944885253906,53.04999923706055,91.0854949951172,58.18000030517578,12.710000038146973,168.89999389648438,184.2400054931641,84.18000030517578,238.6999969482422,82.69499969482422,253.52000427246097,373.0499877929687,136.9600067138672,117.29000091552734,143.80999755859375,319.1700134277344,220.54966735839844,561.0800170898438,238.17999267578125,115.10840606689452,186.10284423828125,523.4157104492188,312.6070251464844,518.1599731445312,91.3730697631836,132.71649169921875,49.77217483520508,42.12800979614258,56.91656875610352,318.374755859375,84.92059326171875,15.692161560058594,42.87120819091797,106.2499542236328,45.11589050292969,59.08229446411133,3.843536376953125,5.214072227478027,10.88110637664795,21.161327362060547,52.284759521484375,32.49821853637695,87.53644561767578,221.51925659179688,337.40673828125,471.4093017578125,43.80574417114258,198.8347625732422,67.10720825195312,115.01693725585938,26.563661575317383,94.44680786132812,79.06454467773438,37.156463623046875,29.541271209716797,282.1166687011719,136.93832397460938,36.04898834228515,43.11692428588867,74.63323211669922,73.32891082763672,66.62467193603516,198.9014129638672
2022-01-31,171.77426147460938,302.51202392578125,149.57350158691406,135.05880737304688,311.7904968261719,135.8968048095703,220.6428680419922,24.443098068237305,427.1400146484375,77.45177459716797,45.27890396118164,114.25,116.2332000732422,50.3370246887207,200.2400054931641,57.943092346191406,16.18385887145996,51.27176284790039,163.43955993652344,164.42897033691406,80.6272201538086,58.29692459106445,154.60903930664062,54.59649658203125,115.65589141845705,658.2921752929688,193.8508148193359,94.95724487304688,171.94000244140625,96.42400360107422,190.1499938964844,206.1199951171875,37.400001525878906,38.52000045776367,113.48999786376952,153.97000122070312,50.47999954223633,29.559999465942383,32.540000915527344,157.0800018310547,56.25634765625,121.48126983642578,159.74000549316406,67.94647979736328,59.84000015258789,97.66178131103516,65.86000061035156,13.710000038146973,180.63999938964844,197.88999938964844,96.4000015258789,257.1099853515625,86.23332977294922,275.8999938964844,405.1099853515625,146.11000061035156,125.7699966430664,154.27999877929688,324.3399963378906,230.97496032714844,585.780029296875,253.0099945068359,118.16614532470705,192.54689025878903,543.3905029296875,330.4136962890625,534.2999877929688,92.03727722167967,134.65969848632812,49.413970947265625,42.375980377197266,57.294898986816406,325.41180419921875,83.76490020751953,15.872681617736816,43.138648986816406,105.7805633544922,45.36090087890625,60.70490264892578,3.8187386989593506,5.378151893615723,11.16057014465332,22.11600685119629,52.81467056274414,32.88318634033203,90.05701446533203,223.74400329589844,337.811767578125,483.567138671875,44.53520584106445,201.35594177246097,67.71337127685547,115.65098571777344,26.435413360595703,95.97930145263672,78.53282928466797,36.58526611328125,28.95722770690918,312.239990234375,141.22535705566406,36.14493942260742,42.2972412109375,75.11158752441406,74.73406219482422,66.57827758789062,212.8957977294922
2022-02-01,171.60716247558594,300.3525085449219,151.19349670410156,137.22850036621094,317.50360107421875,138.22879028320312,226.68157958984375,24.594825744628903,457.1300048828125,77.33726501464844,45.39947891235352,116.77999877929688,117.93880462646484,50.06576919555664,208.33999633789065,60.071189880371094,16.470869064331055,52.574703216552734,164.7135009765625,166.0779571533203,79.82360076904297,58.25245666503906,155.9291229248047,55.23389434814453,116.05201721191406,662.4525756835938,196.45510864257812,95.67506408691406,175.8000030517578,98.41999816894533,197.72999572753903,210.57000732421875,38.61000061035156,39.41999816894531,114.62000274658205,156.94000244140625,51.400001525878906,30.010000228881836,33.65999984741211,152.16000366210938,56.64030838012695,122.86228942871094,161.10000610351562,68.1279525756836,59.599998474121094,96.4901351928711,67.75,14.199999809265137,182.1499938964844,201.4199981689453,102.43000030517578,261.0899963378906,85.47666931152344,283.760009765625,411.1499938964844,147.77999877929688,127.5,155.67999267578125,325.8699951171875,230.4685821533203,586.5399780273438,252.7400054931641,120.4971923828125,191.97720336914065,548.87109375,333.1236572265625,535.97998046875,93.3028564453125,136.98907470703125,51.06722640991211,43.110721588134766,58.56185531616211,334.0177307128906,86.01900482177734,15.200424194335938,43.11433029174805,107.1300811767578,45.315521240234375,64.52281951904297,3.7939419746398926,5.414614677429199,11.151555061340332,22.29426383972168,54.45088577270508,33.53673553466797,89.6634750366211,224.68667602539065,339.39501953125,486.7071838378906,44.88561248779297,200.25978088378903,72.05467224121094,118.69788360595705,27.153579711914062,97.44293212890624,81.12046813964844,37.00663757324219,29.550691604614254,310.4166564941406,142.726806640625,37.6993522644043,43.961700439453125,77.65400695800781,77.95870208740234,68.68464660644531,217.19729614257812
2022-02-02,172.81602478027344,304.9244689941406,150.6125030517578,147.33863830566406,321.48486328125,137.1222381591797,229.66680908203125,25.197771072387695,429.4800109863281,78.73055267333984,45.91886138916016,122.76000213623048,119.435546875,50.78913116455078,207.52000427246097,60.12638092041016,16.446950912475586,52.02046585083008,175.0074920654297,172.07830810546875,82.822509765625,60.4561767578125,159.26705932617188,56.23192596435547,117.0894775390625,667.5756225585938,198.4838409423828,97.82855987548828,132.57000732421875,88.58799743652344,187.3699951171875,197.3999938964844,37.16999816894531,38.439998626708984,104.16999816894533,151.75999450683594,49.09000015258789,27.329999923706055,32.06999969482422,138.0399932861328,54.82347869873047,118.6709442138672,158.27000427246094,66.43110656738281,57.790000915527344,96.24447631835938,66.16999816894531,13.31999969482422,177.0399932861328,191.2400054931641,99.8000030517578,257.5,84.9000015258789,268.2799987792969,397.9100036621094,142.1999969482422,121.56999969482422,148.11000061035156,314.2900085449219,223.4091796875,581.1500244140625,242.8500061035156,119.99700927734376,194.16258239746097,550.3096923828125,320.8155822753906,533.0900268554688,93.2759246826172,147.29580688476562,51.370323181152344,43.06480026245117,58.271507263183594,333.1002502441406,86.30553436279297,15.275116920471191,43.60057830810547,107.15941619873048,45.36090087890625,63.75924301147461,3.843536376953125,5.44196081161499,11.205645561218262,22.23286247253418,55.22251510620117,34.163421630859375,91.37822723388672,225.403076171875,344.0252380371094,499.7361450195313,44.866485595703125,198.7799530029297,71.86746215820312,119.24388122558594,27.324575424194336,97.21907043457033,81.7142105102539,36.75381088256836,29.588369369506836,301.88665771484375,140.87960815429688,38.01599884033203,44.53046417236328,77.68941497802734,78.90618896484375,72.84172058105469,213.61917114257812
2022-02-03,169.9265899658203,293.0469665527344,138.8455047607422,141.97802734375,236.64468383789065,135.98822021484375,225.88162231445312,23.906036376953125,405.6000061035156,78.1961441040039,44.778076171875,120.08000183105467,119.8967514038086,49.91204833984375,206.38999938964844,60.2981071472168,15.856995582580566,51.64125061035156,166.54541015625,160.8562469482422,80.33322143554688,58.18229293823242,152.77037048339844,54.12776565551758,113.02456665039062,627.8952026367188,187.15130615234375,95.86117553710938,124.3000030517578,80.94400024414062,181.30999755859375,180.2100067138672,34.540000915527344,36.36000061035156,92.29000091552734,149.57000732421875,47.529998779296875,24.510000228881836,24.5,126.95999908447266,53.55918502807617,119.24073791503906,154.32000732421875,65.19703674316406,55.130001068115234,94.6098403930664,60.66999816894531,12.449999809265137,170.6300048828125,182.8000030517578,96.66000366210938,245.02000427246097,82.0683364868164,256.260009765625,381.8500061035156,138.02000427246094,114.23999786376952,137.94000244140625,304.4100036621094,211.2562561035156,560.8499755859375,233.02000427246097,116.84490203857422,191.5756072998047,524.1692504882812,310.09417724609375,510.8299865722656,91.8128890991211,142.40914916992188,50.89979934692383,42.642330169677734,57.418067932128906,329.2651672363281,84.90149688720703,15.28756618499756,43.59247589111328,118.1120147705078,45.04330062866211,63.66379165649414,3.901395797729492,5.214072227478027,11.268750190734863,21.39702606201172,55.036582946777344,33.76951599121094,88.85762786865234,220.6897125244141,335.81427001953125,500.2539978027344,44.91108322143555,194.7698211669922,71.0295181274414,118.17831420898438,27.487022399902344,96.23757934570312,80.52672576904297,36.12641143798828,29.409387588500977,297.0466613769531,138.3212127685547,38.38060760498047,44.33808898925781,77.26422119140625,77.52137756347656,71.42201232910156,207.4176025390625
2022-02-04,169.64120483398438,297.6092529296875,157.63949584960938,142.34181213378906,235.9778289794922,139.51828002929688,222.80859375,24.276390075683594,410.1700134277344,78.35838317871094,44.866851806640625,123.5999984741211,119.34851837158205,49.86684036254883,206.4499969482422,60.72127151489258,14.318334579467772,49.871578216552734,166.88946533203125,157.03611755371094,79.54917907714844,57.224708557128906,151.83692932128906,54.995330810546875,114.1374740600586,634.5831298828125,186.94374084472656,96.3485870361328,126.08000183105467,87.5999984741211,194.44000244140625,192.0,37.04999923706055,37.68000030517578,98.48999786376952,155.55999755859375,48.939998626708984,27.25,38.90999984741211,133.6699981689453,55.52585983276367,118.03355407714844,158.3800048828125,66.93924713134766,55.849998474121094,95.0539321899414,63.7400016784668,12.9399995803833,177.2100067138672,188.86000061035156,103.19000244140624,258.9800109863281,85.91666412353516,275.7200012207031,403.5400085449219,150.25999450683594,118.45999908447266,144.10000610351562,320.9100036621094,217.67027282714844,577.52001953125,236.7899932861328,119.0438232421875,192.62158203125,532.41943359375,321.0127258300781,513.5399780273438,93.44646453857422,142.61119079589844,51.97001266479492,44.341407775878906,58.59747314453125,337.265625,87.77645111083984,14.988789558410645,43.20347595214844,118.26847839355467,44.76200866699219,64.7137222290039,3.909661531448364,5.204956531524658,11.214659690856934,21.61291885375977,54.60893630981445,33.66207504272461,84.61292266845703,215.93862915039065,331.0827941894531,498.33642578125,44.38230895996094,195.5188751220703,72.57170867919922,119.65775299072266,28.11113548278809,97.89060974121094,81.41291046142578,36.06086730957031,30.08763313293457,307.7733459472656,140.28695678710938,39.148223876953125,44.22098922729492,78.69931030273438,78.98818969726562,72.55406951904297,208.343505859375
2022-02-07,168.9228515625,292.75518798828125,157.9355010986328,138.28302001953125,223.85498046875,139.98468017578125,221.60867309570312,24.684669494628903,402.1000061035156,77.05096435546875,45.025726318359375,123.66999816894533,119.42684173583984,49.88492584228515,211.9199981689453,61.26708984375,14.262527465820312,49.307621002197266,162.81649780273438,155.68943786621094,79.25518798828125,56.46378326416016,151.638916015625,54.75957489013672,115.35411834716795,631.8807983398438,185.8114318847656,96.98664093017578,121.41000366210938,86.68900299072266,205.7400054931641,195.77999877929688,37.540000915527344,39.099998474121094,97.91000366210938,157.91000366210938,48.41999816894531,26.459999084472656,37.880001068115234,135.66000366210938,54.97331619262695,110.88703155517578,155.60000610351562,66.37667083740234,53.33000183105469,93.62718200683594,63.060001373291016,12.979999542236328,178.83999633789062,188.08999633789065,107.0999984741211,262.9200134277344,85.163330078125,293.19000244140625,407.8299865722656,152.6199951171875,118.41000366210938,141.44000244140625,314.19000244140625,215.4263610839844,573.2000122070312,236.4499969482422,119.75163269042967,192.3694610595703,533.6526489257812,323.7916259765625,507.1000061035156,94.40687561035156,138.5386505126953,52.89261245727539,44.55264663696289,58.84576797485352,337.770263671875,88.9608154296875,14.89541721343994,42.952247619628906,119.3539581298828,44.33552169799805,64.33192443847656,3.926192998886109,5.223188400268555,11.358901023864746,21.737701416015625,54.81345748901367,33.563602447509766,86.23397064208984,214.0061492919922,328.9471130371094,494.6164245605469,43.94590759277344,193.0068359375,73.44528198242188,122.00901794433594,28.50442123413086,98.7429656982422,82.36109924316406,37.70894241333008,30.624570846557617,302.4466552734375,140.77096557617188,39.34012985229492,43.98678970336914,79.98380279541016,81.65755462646484,74.07586669921875,211.9698944091797
2022-02-08,172.0423126220703,296.2668762207031,161.4134979248047,138.55674743652344,219.1471405029297,142.61846923828125,222.36961364746097,25.06400489807129,403.5299987792969,77.09868621826172,45.61448287963867,128.22999572753906,119.23542785644533,50.03863906860352,213.27000427246097,60.90525436401367,14.126998901367188,48.092193603515625,166.0711669921875,158.14459228515625,82.44029235839844,56.949989318847656,153.8170166015625,55.93278884887695,116.67448425292967,635.2247314453125,191.10494995117188,98.13871002197266,120.26000213623048,87.80000305175781,208.72999572753903,198.47999572753903,38.34000015258789,41.20000076293945,100.51000213623048,162.25999450683594,48.849998474121094,26.68000030517578,37.560001373291016,141.22999572753906,55.93791580200195,117.7245101928711,162.99000549316406,68.38202667236328,60.15999984741211,97.92633056640624,64.43000030517578,13.149999618530272,178.89999389648438,190.4499969482422,109.95999908447266,270.7099914550781,85.54166412353516,293.510009765625,419.4299926757813,151.72999572753906,121.87000274658205,142.69000244140625,318.04998779296875,215.8831024169922,591.27001953125,238.5099945068359,118.61914825439452,194.63888549804688,542.4116821289062,330.1279296875,511.30999755859375,95.45703125,138.73573303222656,54.20270538330078,45.35166931152344,59.51970291137695,339.5593566894531,90.69915008544922,14.90164279937744,42.80638122558594,122.66908264160156,44.65312194824219,64.90461730957031,4.025381088256836,5.1867265701293945,11.358901023864746,21.741661071777344,55.73383712768555,34.020179748535156,87.87376403808594,218.4744110107422,332.7120666503906,499.6595153808594,43.955467224121094,194.5231781005859,71.54655456542969,120.15090942382812,28.05129051208496,96.02234649658205,80.93437957763672,36.53948974609375,29.918073654174805,307.3333435058594,140.7413330078125,37.75692367553711,42.815818786621094,78.68158721923828,80.61896514892578,73.57478332519531,218.6343231201172
2022-02-09,173.4691619873047,302.73577880859375,161.1894989013672,140.78619384765625,230.9116973876953,143.21290588378906,225.22801208496097,26.658201217651367,412.8900146484375,79.63713836669922,46.6424674987793,132.85000610351562,119.9054718017578,50.89763641357422,215.86000061035156,60.868465423583984,14.629257202148438,49.31734848022461,171.05543518066406,161.88223266601562,86.36042785644531,60.02827835083008,158.60702514648438,56.96904754638672,118.38155364990234,661.3736572265625,197.9270782470703,99.32624053955078,122.94000244140624,92.49700164794922,214.5,202.0099945068359,40.189998626708984,44.0,108.12999725341795,169.52999877929688,49.65999984741211,26.799999237060547,40.279998779296875,146.61000061035156,56.76205825805664,122.1669464111328,166.6999969482422,71.04071807861328,62.279998779296875,101.9136962890625,70.4800033569336,13.869999885559082,186.8999938964844,195.4600067138672,114.80999755859376,280.8500061035156,89.0816650390625,307.94000244140625,441.6700134277344,155.5,128.16000366210938,149.60000610351562,335.6000061035156,220.46029663085935,613.969970703125,243.4499969482422,119.18538665771484,197.2071990966797,567.0449829101562,359.6217346191406,521.75,97.59324645996094,140.91827392578125,54.488712310791016,45.259822845458984,60.158172607421875,343.6237487792969,90.27888488769533,15.250218391418455,43.357460021972656,125.2507553100586,45.161258697509766,65.47728729248047,4.091506004333496,5.259650707244873,11.494126319885254,22.076391220092773,56.49616622924805,34.378292083740234,90.27253723144533,220.2655334472656,335.4092102050781,507.0227966308594,43.85989761352539,197.89390563964844,71.20404815673828,121.33973693847656,28.20518684387207,97.55484008789062,82.36997985839844,37.009151458740234,30.756458282470703,310.6666564941406,145.43336486816406,38.6684684753418,43.59368133544922,79.23966217041016,80.93782043457031,74.03873443603516,228.02818298339844
2022-02-10,169.37551879882812,294.1462097167969,159.0034942626953,137.9490966796875,227.0001678466797,142.61846923828125,220.43505859375,25.778749465942383,406.2699890136719,78.11024475097656,45.66120147705078,125.7699966430664,117.58926391601562,49.61366271972656,218.75,60.58635711669922,14.414003372192385,48.94785690307617,161.86801147460938,156.3399200439453,89.20250701904297,58.78608703613281,152.44036865234375,55.10715866088867,117.61761474609376,638.53955078125,187.82127380371097,97.5538330078125,119.0199966430664,89.33399963378906,204.77000427246097,205.91000366210935,37.75,42.099998474121094,97.80999755859376,171.9499969482422,48.790000915527344,25.549999237060547,40.619998931884766,143.02999877929688,55.07633972167969,119.73326873779295,164.55999755859375,69.32572937011719,63.20000076293945,97.60511016845705,69.91999816894531,13.5600004196167,187.8800048828125,196.27999877929688,115.95999908447266,284.1000061035156,87.95833587646484,311.1099853515625,450.6000061035156,174.60000610351562,127.22000122070312,145.72000122070312,346.1600036621094,216.1213836669922,610.4600219726562,239.63999938964844,116.88265228271484,191.95852661132812,545.6904296875,359.0798034667969,495.0199890136719,96.55206298828124,137.9604034423828,54.47948455810547,45.048580169677734,59.85666275024414,339.99053955078125,88.87187194824219,15.0946044921875,42.98466491699219,122.36591339111328,44.38997650146485,60.418556213378906,4.091506004333496,5.150263786315918,11.241705894470217,21.769390106201172,56.44968795776367,34.11866760253906,86.18712615966797,214.3643493652344,326.8668212890625,497.099609375,43.3470573425293,195.3361663818359,70.51905059814453,119.79866790771484,28.265031814575195,96.99523162841795,81.4483642578125,36.7931022644043,30.53037452697754,301.51666259765625,150.30322265625,39.0330810546875,43.67732238769531,79.24854278564453,81.8944320678711,73.99234771728516,227.65208435058594
2022-02-11,165.95103454589844,287.006103515625,153.2935028076172,133.49769592285156,218.5200958251953,140.76199340820312,219.5556640625,23.90703392028809,391.30999755859375,76.10620880126953,44.511741638183594,113.18000030517578,116.8582992553711,48.73659133911133,212.3000030517578,59.384307861328125,13.991469383239746,47.4796142578125,153.0989990234375,150.60516357421875,87.96766662597656,55.33919143676758,145.11395263671875,53.43537902832031,114.12804412841795,610.6991577148438,176.20570373535156,96.33973693847656,115.29000091552734,85.4000015258789,194.52999877929688,190.8800048828125,35.290000915527344,39.9900016784668,95.01000213623048,166.52999877929688,55.400001525878906,25.399999618530273,39.4900016784668,141.77000427246094,54.67363739013672,118.0625228881836,160.63999938964844,67.12981414794922,60.0,93.57994079589844,66.80999755859375,13.130000114440918,181.86000061035156,191.77000427246097,104.91999816894533,273.0,85.0250015258789,293.69000244140625,427.1700134277344,167.39999389648438,122.4800033569336,141.24000549316406,321.760009765625,206.42091369628903,583.719970703125,232.77000427246097,113.57010650634766,190.3241271972656,524.3844604492188,344.4659118652344,473.9700012207031,93.8593521118164,133.6435546875,53.7967643737793,44.01076889038086,59.54631042480469,333.1002502441406,85.29209899902344,15.019912719726562,43.21158218383789,121.73027801513672,43.210350036621094,59.368629455566406,4.050177574157715,5.04999303817749,11.16057014465332,21.34949111938477,55.32478713989258,33.42035675048828,85.77484130859375,212.95977783203125,322.44830322265625,488.65289306640625,43.1081428527832,193.25347900390625,72.29463958740234,122.23795318603516,28.41037368774414,100.51654052734376,83.29195404052734,38.15511703491211,31.576004028320312,286.6666564941406,147.64602661132812,41.23996353149414,45.25813674926758,82.5616226196289,83.81675720214844,75.33782196044922,222.6851043701172
2022-02-14,166.18719482421875,286.9671630859375,155.16700744628906,134.66217041015625,216.6788024902344,139.4542694091797,220.19078063964844,24.22447967529297,396.5700073242187,75.34274291992188,44.46501159667969,114.2699966430664,114.62132263183594,48.08555603027344,210.0399932861328,59.24325180053711,13.919717788696287,47.06150817871094,153.55470275878906,148.8371124267578,88.06566619873047,55.167240142822266,145.1894073486328,53.91622543334961,112.95855712890624,610.3784790039062,175.3942108154297,94.0533218383789,114.12000274658205,84.74500274658203,195.25,195.7100067138672,34.59000015258789,39.9900016784668,97.11000061035156,169.66000366210938,58.06999969482422,24.709999084472656,39.619998931884766,142.64999389648438,54.486328125,117.74382781982422,160.7899932861328,67.55628204345703,59.15999984741211,92.58781433105467,68.31999969482422,13.260000228881836,180.6000061035156,189.41000366210935,105.55999755859376,274.42999267578125,86.836669921875,291.1300048828125,429.9299926757813,164.35000610351562,120.77999877929688,142.08999633789062,320.25,204.93157958984375,579.5800170898438,232.97999572753903,111.69205474853516,188.6337432861328,517.7686157226562,340.6818542480469,474.010009765625,92.06420135498048,134.8811492919922,53.37236785888672,43.55155944824219,58.93444061279297,330.51300048828125,83.98080444335938,14.97011375427246,43.17106628417969,122.7375259399414,43.01072692871094,58.891387939453125,4.033646583557129,4.9497222900390625,10.953225135803224,21.214807510375977,54.47877502441406,32.68623733520508,84.88467407226562,212.99745178222656,323.6173400878906,485.671142578125,42.66855239868164,190.5222015380859,71.18602752685547,120.35342407226562,27.743507385253903,97.64093017578124,81.53742980957031,36.91521453857422,30.483278274536133,291.9200134277344,149.0092010498047,39.560813903808594,43.71077346801758,80.18754577636719,81.73955535888672,73.45415496826172,219.5891571044922
2022-02-15,170.0348358154297,292.2882385253906,156.510498046875,135.78237915039062,219.96331787109375,141.4936065673828,222.61415100097656,26.44857406616211,407.4599914550781,76.12528228759766,45.268707275390625,121.47000122070312,114.43640899658205,49.07114028930664,217.72999572753903,61.89264678955078,14.414003372192385,48.29637908935547,160.87301635742188,152.22665405273438,94.08306121826172,58.68233108520508,152.7892303466797,56.17041778564453,117.43841552734376,638.0825805664062,185.52833557128903,97.41204071044922,115.45999908447266,88.94999694824219,208.9499969482422,199.3699951171875,37.09000015258789,43.5,101.80999755859376,180.07000732421875,65.16000366210938,25.8799991607666,41.43000030517578,148.24000549316406,56.1252326965332,121.91585540771484,166.86000061035156,69.08072662353516,61.22999954223633,94.37362670898438,73.30000305175781,14.170000076293944,189.3000030517578,195.42999267578125,115.3499984741211,285.82000732421875,87.73332977294922,300.0,445.8299865722656,168.99000549316406,125.56999969482422,146.89999389648438,330.3299865722656,212.72572326660156,591.6599731445312,235.4600067138672,113.48517608642578,190.53895568847656,516.5256958007812,343.1158447265625,479.5,92.83611297607422,135.95848083496094,53.86134338378906,43.891380310058594,59.41328048706055,333.9076843261719,85.79940795898438,15.150628089904783,43.243995666503906,124.22394561767578,43.60053634643555,59.177734375,4.10803747177124,5.104686260223389,11.223674774169922,21.482194900512695,55.612979888916016,33.4561653137207,86.09342193603516,215.02423095703125,325.1822204589844,492.72760009765625,42.80234146118164,190.07264709472656,70.2937240600586,119.47248077392578,27.495567321777344,95.4799346923828,79.87195587158203,37.65727233886719,30.63400077819824,307.4766540527344,152.8319549560547,38.23668670654297,43.0081901550293,78.3272476196289,80.65540313720703,73.29525756835938,232.8119659423828
2022-02-16,169.79867553710938,291.947021484375,158.10049438476562,136.83935546875,215.52423095703125,141.74969482421875,223.59130859375,26.46454811096191,398.0799865722656,75.57178497314453,45.072452545166016,117.69000244140624,113.7670669555664,49.05305480957031,218.92999267578125,62.193153381347656,14.358198165893556,49.035362243652344,160.50106811523438,154.12295532226562,94.14186096191406,58.450103759765625,158.72959899902344,55.652305603027344,116.57073974609376,645.3246459960938,188.3968811035156,99.12242889404295,110.54000091552734,74.68499755859375,207.9600067138672,186.9900054931641,36.58000183105469,43.81999969482422,94.88999938964844,186.63999938964844,64.0199966430664,25.729999542236328,40.0099983215332,140.41000366210938,53.98998260498047,121.25914001464844,167.35000610351562,68.32758331298828,60.20000076293945,94.68543243408205,53.869998931884766,13.970000267028809,183.27999877929688,188.5500030517578,111.98999786376952,280.8699951171875,87.73500061035156,304.70001220703125,436.1300048828125,173.9199981689453,120.13999938964844,138.50999450683594,318.7099914550781,210.23358154296875,590.8900146484375,228.30999755859375,114.10804748535156,190.74441528320312,516.887939453125,339.4599304199219,477.7000122070313,90.7896499633789,137.08262634277344,53.63991928100586,43.79035568237305,59.36894989013672,330.3387145996094,85.50267791748047,14.90164279937744,43.27641677856445,124.64444732666016,43.6368293762207,58.891387939453125,4.083240032196045,5.323459625244141,9.925515174865724,21.097949981689453,56.0499267578125,33.92169952392578,86.22459411621094,213.9967041015625,322.2641906738281,491.2703552246094,42.53477478027344,190.650634765625,70.6181869506836,119.50807189941406,27.769153594970703,96.2289810180664,80.34397888183594,39.16019058227539,31.62310028076172,307.7966613769531,154.4420928955078,38.04478073120117,45.04066848754883,78.22093200683594,80.208984375,72.96807098388672,237.2581024169922
2022-02-17,166.18719482421875,283.3982238769531,154.65249633789062,131.68478393554688,206.73565673828125,138.48486328125,219.4774932861328,24.46405601501465,386.6700134277344,72.07901763916016,44.455665588378906,112.37000274658205,110.05938720703124,50.42744827270508,213.5800018310547,60.38396453857422,13.983497619628906,47.46989059448242,155.10760498046875,150.8341827392578,91.85841369628906,57.376895904541016,151.2711639404297,53.95536804199219,112.9491195678711,632.2696533203125,177.02664184570312,98.53753662109376,105.1999969482422,66.0,191.9199981689453,170.1300048828125,35.709999084472656,42.900001525878906,105.02999877929688,183.6000061035156,62.68000030517578,24.690000534057617,39.45000076293945,132.1699981689453,52.219966888427734,120.16785430908205,166.39999389648438,67.64703369140625,59.63999938964844,94.33583068847656,54.4900016784668,11.770000457763672,169.85000610351562,173.4499969482422,103.80999755859376,261.94000244140625,83.19000244140625,286.2799987792969,409.55999755859375,165.80999755859375,115.0,129.3800048828125,304.0,198.6068878173828,565.75,216.7100067138672,111.21074676513672,187.21420288085935,485.5996398925781,322.9441833496094,457.7099914550781,86.3017807006836,131.90834045410156,51.803951263427734,42.31169128417969,57.382598876953125,320.2555236816406,82.3344955444336,14.789602279663086,43.42229843139648,121.79874420166016,42.439064025878906,57.555118560791016,4.04191255569458,5.150263786315918,9.294466018676758,20.75925636291504,55.09236145019531,32.60565948486328,83.70401000976562,210.96128845214844,320.2850646972656,493.7726745605469,44.238956451416016,187.15524291992188,70.51004028320312,118.89407348632812,27.888343811035156,96.94356536865234,81.19007110595703,38.615379333496094,31.057897567749023,292.1166687011719,151.08355712890625,38.246280670166016,46.211647033691406,77.1047592163086,79.29793548583984,71.93982696533203,190.0186767578125
2022-02-18,164.63235473632812,280.6688537597656,152.60150146484375,129.85244750976562,205.19293212890625,139.13418579101562,217.6013336181641,23.60057258605957,391.2900085449219,71.16287231445312,42.0912971496582,113.83000183105467,109.51335906982422,51.72950744628906,209.02999877929688,56.845314025878906,14.382113456726074,47.25597381591797,155.88870239257812,152.74880981445312,88.98690032958984,56.32741165161133,151.20516967773438,54.04761505126953,112.52471923828124,629.7422485351562,176.5359344482422,96.2776870727539,103.6500015258789,65.68800354003906,189.16000366210935,158.3300018310547,34.68000030517578,41.2599983215332,96.20999908447266,174.89999389648438,60.810001373291016,23.86000061035156,38.0099983215332,127.3000030517578,51.93901443481445,114.91419219970705,157.72000122070312,65.20610809326172,56.029998779296875,93.08861541748048,49.720001220703125,11.020000457763672,164.92999267578125,164.6699981689453,95.87000274658205,255.22000122070312,80.36166381835938,273.7699890136719,390.1799926757813,159.02000427246094,110.27999877929688,126.95999908447266,298.07000732421875,195.43959045410156,556.010009765625,214.47000122070312,109.20057678222656,187.2048492431641,470.93902587890625,313.927490234375,442.55999755859375,85.64654541015625,129.7825164794922,51.32420349121094,42.21066665649414,56.87714385986328,317.48480224609375,81.94206237792969,14.858067512512209,43.62489700317383,121.2413330078125,42.321102142333984,57.555118560791016,4.033646583557129,5.159379482269287,9.069090843200684,20.644378662109375,54.757686614990234,32.40869903564453,83.7977294921875,209.9243621826172,319.3001403808594,491.5291137695313,43.955467224121094,187.51304626464844,69.72588348388672,118.72500610351562,27.439224243164062,96.09983825683594,79.82740783691406,37.76999282836914,30.38907241821289,285.6600036621094,149.51296997070312,37.95842742919922,45.81853485107422,76.16468048095703,79.00639343261719,71.99591827392578,183.9811553955078
2022-02-22,161.6999053955078,280.4641418457031,150.19749450683594,128.79246520996094,201.1320648193359,138.8872528076172,216.26266479492188,23.349010467529297,377.3800048828125,70.73343658447266,41.76421356201172,115.6500015258789,109.1346664428711,50.90667343139648,198.7400054931641,57.7407112121582,13.784191131591797,45.476585388183594,154.2614288330078,152.70301818847656,88.7614974975586,55.3125114440918,151.69549560546875,53.81184768676758,110.2612075805664,622.3933715820312,176.677490234375,95.13448333740234,103.16999816894533,62.61600112915039,176.75999450683594,161.22999572753906,33.68000030517578,38.880001068115234,93.16999816894533,165.24000549316406,58.459999084472656,23.920000076293945,36.869998931884766,121.33999633789062,51.64869689941406,109.06175994873048,151.6699981689453,64.4075927734375,54.400001525878906,86.33279418945312,48.209999084472656,10.479999542236328,166.7100067138672,168.92999267578125,94.7300033569336,254.80999755859375,79.25166320800781,267.7799987792969,382.4299926757813,158.94000244140625,110.98999786376952,126.61000061035156,295.70001220703125,193.7417449951172,550.1500244140625,218.08999633789065,107.1715316772461,186.6912078857422,472.9454040527344,316.0067138671875,438.3999938964844,85.045166015625,129.19581604003906,51.00128555297851,41.84330368041992,56.65544891357422,315.86077880859375,80.94661712646484,14.783376693725586,43.6816291809082,120.78170776367188,42.59332275390625,57.45967483520508,3.9509897232055664,5.022646903991699,9.060075759887695,20.337373733520508,53.11216354370117,31.504478454589844,80.6680679321289,202.28868103027344,291.04022216796875,481.4717102050781,43.46490859985352,180.1369171142578,68.91470336914062,117.81735229492188,26.826011657714844,94.30044555664062,78.22425079345703,37.150047302246094,29.635467529296875,273.84332275390625,146.28286743164062,36.76862716674805,44.053707122802734,75.29621887207031,78.20467376708984,70.69657897949219,185.0324249267578
2022-02-23,157.51766967773438,273.2020263671875,144.82699584960938,126.98355102539062,197.51910400390625,135.97911071777344,211.0153656005859,22.3477725982666,367.4599914550781,69.1588363647461,41.726837158203125,109.76000213623048,107.50538635253906,49.224857330322266,196.4199981689453,56.82078170776367,13.51313018798828,45.09736633300781,150.2907257080078,151.74110412597656,85.56658935546875,53.59992599487305,147.55612182617188,52.668453216552734,109.30864715576172,614.0916748046875,174.7053680419922,92.90126037597656,100.72000122070312,62.6609992980957,172.74000549316406,157.14999389648438,32.38999938964844,37.43000030517578,90.5500030517578,150.0399932861328,54.54999923706055,23.38999938964844,36.97999954223633,116.51000213623048,51.12424850463867,105.9617156982422,149.82000732421875,64.00833129882812,51.81999969482422,86.5123062133789,45.68000030517578,10.43000030517578,161.8300018310547,159.50999450683594,91.33999633789062,239.3999938964844,79.60166931152344,252.6300048828125,354.80999755859375,149.44000244140625,106.3499984741211,120.0999984741211,281.0199890136719,189.18438720703125,524.7000122070312,213.0099945068359,104.7366714477539,183.31971740722656,457.0418395996094,310.3011474609375,429.4500122070313,83.96810150146484,126.9809112548828,49.77423095703125,41.12692642211914,56.061317443847656,313.0350036621094,79.01317596435547,14.633983612060549,43.284515380859375,118.75743865966795,40.9509391784668,56.9824333190918,3.909661531448364,4.904145240783691,8.84371566772461,20.06602478027344,52.78677749633789,30.922557830810547,77.14488220214844,202.76004028320312,283.933837890625,474.8370666503906,43.018951416015625,174.21949768066406,69.19410705566406,120.62041473388672,26.88646697998047,94.98920440673828,78.58051300048828,37.32852554321289,29.842714309692383,254.67999267578125,144.0899658203125,37.12364196777344,44.78974533081055,75.18878936767578,78.66930389404297,70.78071594238281,175.53240966796875
2022-02-24,160.1450958251953,287.16082763671875,151.35800170898438,132.04803466796875,206.6261749267578,132.1930389404297,212.33453369140625,23.706392288208008,390.0299987792969,71.39189910888672,43.66131210327149,116.61000061035156,107.41731262207033,49.48707580566406,198.42999267578125,56.753318786621094,13.672574996948242,45.06819915771485,156.2049102783203,155.35968017578125,87.05624389648438,55.624786376953125,151.40296936035156,54.048553466796875,105.51726531982422,638.5006103515625,180.6216735839844,91.42127227783205,105.0199966430664,66.39800262451172,179.55999755859375,165.02000427246094,34.869998931884766,38.77000045776367,100.41999816894533,158.25999450683594,57.709999084472656,25.34000015258789,38.83000183105469,128.16000366210938,51.920284271240234,105.19878387451172,151.1199951171875,64.34407806396484,51.060001373291016,87.68395233154297,50.099998474121094,11.829999923706056,182.8800048828125,173.55999755859375,108.37999725341795,263.3800048828125,89.98999786376953,269.8699951171875,375.3599853515625,159.86000061035156,113.55999755859376,126.97000122070312,301.6000061035156,202.83656311035156,573.9500122070312,222.36000061035156,105.65209197998048,186.99005126953125,486.5293884277344,319.7710876464844,463.8200073242187,82.40630340576172,132.0596160888672,48.63020706176758,40.04319381713867,53.80006790161133,312.1175231933594,78.74515533447266,14.459698677062988,42.619972229003906,120.92839050292967,41.74943923950195,57.841461181640625,3.843536376953125,4.9132609367370605,8.924850463867188,20.20071029663086,51.912879943847656,30.913602828979492,82.21414947509766,201.1763153076172,288.3431091308594,484.7315368652344,42.85331344604492,175.7332763671875,68.3198471069336,119.99752807617188,25.193649291992188,94.79118347167967,78.13521575927734,35.99468994140625,29.64488983154297,266.92333984375,147.57688903808594,37.34433364868164,44.1206169128418,74.74113464355469,76.3825912475586,69.60291290283203,177.6542510986328
2022-02-25,162.221435546875,289.8122863769531,153.7884979248047,133.88534545898438,209.49266052246097,135.32064819335938,214.2595062255859,24.11467170715332,390.7999877929687,72.86154174804688,44.58649826049805,121.05999755859376,109.36363220214844,50.67158508300781,201.47999572753903,59.102203369140625,14.214693069458008,46.11832809448242,158.94808959960938,156.48646545410156,88.3008804321289,56.64462661743164,153.61068725585938,54.79498672485352,104.90423583984376,648.49365234375,183.2448577880859,92.9632568359375,110.94000244140624,67.69499969482422,176.8300018310547,167.17999267578125,34.97999954223633,38.61000061035156,100.33999633789062,155.08999633789062,57.790000915527344,26.350000381469727,39.150001525878906,148.94000244140625,51.13361740112305,104.24269104003906,153.11000061035156,65.78684997558594,51.650001525878906,94.22245025634766,50.04999923706055,11.470000267028809,181.75,177.3699951171875,109.2699966430664,221.8500061035156,94.95833587646484,269.4200134277344,375.94000244140625,161.41000366210938,115.06999969482422,125.31999969482422,305.0299987792969,206.60952758789065,580.22998046875,225.22999572753903,108.54940032958984,190.85647583007812,476.79150390625,330.7487487792969,465.5400085449219,84.86565399169922,133.81973266601562,49.921844482421875,41.34734725952149,54.961727142333984,321.2280578613281,82.0760726928711,14.882966995239258,43.85991668701172,122.6886215209961,42.71128845214844,58.79594039916992,3.917927265167236,4.95883846282959,9.123180389404297,20.616649627685547,47.840919494628906,30.841981887817383,85.10955810546875,206.6155242919922,291.4820251464844,496.150390625,43.44261169433594,182.76995849609375,70.15853118896484,124.91842651367188,26.54099464416504,92.36329650878906,81.28804016113281,37.05611801147461,30.643413543701172,269.9566650390625,147.70529174804688,37.1716194152832,46.16981887817383,75.824462890625,77.32096862792969,71.54722595214844,185.12884521484375
2022-02-28,162.48712158203125,291.2549743652344,153.56300354003906,134.255126953125,210.0400848388672,129.67811584472656,211.18148803710935,24.342269897460938,394.5199890136719,72.4989013671875,44.5771484375,123.33999633789062,107.89289855957033,50.42744827270508,205.33999633789065,58.57477569580078,13.999441146850586,45.42796325683594,159.9337921142578,155.7261505126953,87.08565521240234,55.47358703613281,151.87672424316406,54.74187469482422,100.92424011230467,647.9006958007812,179.39501953125,91.42127227783205,111.93000030517578,69.4260025024414,190.77000427246097,174.8000030517578,36.029998779296875,38.939998626708984,104.9499969482422,151.49000549316406,57.52000045776367,26.75,39.939998626708984,154.88999938964844,51.12424850463867,101.5868911743164,152.44000244140625,64.99740600585938,51.86000061035156,90.08391571044922,51.56999969482422,11.850000381469728,195.2100067138672,182.83999633789065,116.41999816894533,239.1499938964844,99.04166412353516,265.6600036621094,381.989990234375,161.11000061035156,118.43000030517578,132.60000610351562,305.7200012207031,209.0321807861328,579.9199829101562,229.0500030517578,106.24665832519533,190.93118286132812,464.2547302246094,334.2666931152344,467.6799926757813,81.4458999633789,134.4143829345703,49.23912048339844,40.5942497253418,52.52312088012695,313.12677001953125,80.8413314819336,14.746027946472168,43.4952278137207,120.4883270263672,42.42999649047851,58.79594039916992,3.884864091873169,4.876798629760742,8.365920066833496,20.30766487121582,47.3760871887207,30.76140785217285,84.21937561035156,208.3877716064453,290.7272644042969,497.8377990722656,43.05399703979492,183.27452087402344,70.68128967285156,128.1397247314453,25.228195190429688,98.94097900390624,84.48539733886719,36.858863830566406,31.58541488647461,290.1433410644531,146.6483612060547,41.959598541259766,49.808204650878906,75.42157745361328,76.0819320678711,72.79046630859375,188.92884826660156
2022-03-01,160.59776306152344,287.5118103027344,151.14199829101562,133.53550720214844,202.53543090820312,124.78545379638672,204.1948699951172,23.435861587524418,386.239990234375,72.53709411621094,43.7547721862793,113.83000183105467,106.8712921142578,49.38761138916016,194.91000366210935,56.624534606933594,13.313820838928224,43.28880310058594,152.2156219482422,153.25267028808594,84.53756713867188,53.420074462890625,148.7120819091797,53.12786865234375,101.90509033203124,616.50244140625,170.9593505859375,89.1702880859375,106.51000213623048,67.34400177001953,196.1699981689453,169.72000122070312,33.88999938964844,37.68000030517578,102.43000030517578,151.00999450683594,57.61000061035156,26.40999984741211,37.84000015258789,157.52999877929688,50.89948654174805,103.42180633544922,162.86000061035156,66.51277923583984,50.97999954223633,88.3359146118164,50.220001220703125,12.18000030517578,197.63999938964844,184.13999938964844,117.6500015258789,247.8300018310547,96.125,263.19000244140625,381.80999755859375,159.97000122070312,117.9000015258789,122.77999877929688,307.2699890136719,207.40386962890625,571.0700073242188,240.3300018310547,103.10398864746094,188.9419403076172,458.588134765625,329.723876953125,466.6799926757813,78.65443420410156,133.42359924316406,46.397518157958984,39.00537109375,51.955589294433594,302.8919372558594,74.52411651611328,14.646435737609863,43.44660568237305,120.4101104736328,42.0942497253418,58.03236389160156,3.843536376953125,4.721834659576416,7.987290859222412,19.976898193359375,46.372039794921875,30.501781463623047,84.6504135131836,208.80258178710935,294.7958984375,501.3660583496094,43.318382263183594,201.3111572265625,71.3572769165039,133.22972106933594,24.60634422302246,100.22380828857422,86.35575103759766,35.38412857055664,30.356416702270508,288.1233215332031,143.9220428466797,44.895721435546875,49.557281494140625,73.5682601928711,73.4581069946289,70.1170425415039,179.81466674804688
2022-03-02,163.90419006347656,292.61962890625,152.05250549316406,134.1162567138672,207.13375854492188,127.37351989746094,203.716064453125,24.181676864624023,380.0299987792969,74.70335388183594,45.670555114746094,118.27999877929688,109.08182525634766,50.77104949951172,197.80999755859375,57.74684143066406,14.429950714111328,45.039024353027344,158.04238891601562,155.82688903808594,91.43699645996094,54.74922561645508,151.4314422607422,54.587181091308594,103.37638092041016,637.0716552734375,177.72483825683594,93.67222595214844,106.61000061035156,65.98300170898438,194.5,166.0800018310547,34.040000915527344,38.93000030517578,103.62000274658205,157.52999877929688,56.09000015258789,26.030000686645508,37.369998931884766,162.02999877929688,51.59251022338867,101.80900573730467,160.57000732421875,65.14258575439453,48.77000045776367,87.28709411621094,48.45000076293945,12.0600004196167,201.75,182.6999969482422,119.8000030517578,254.41000366210935,97.01000213623048,264.69000244140625,381.6700134277344,164.47999572753906,114.4000015258789,121.61000061035156,309.2799987792969,208.8931884765625,587.0599975585938,248.38999938964844,106.82234954833984,192.6589508056641,475.6366882324219,333.2714538574219,471.1799926757813,79.32762908935547,133.9311981201172,48.17812728881836,39.63908386230469,52.81575775146485,310.4411315917969,78.30487823486328,14.826948165893556,43.87612533569336,122.8353271484375,42.08517074584961,58.700496673583984,3.909661531448364,4.858567237854004,7.3201799392700195,20.151193618774418,49.83041763305664,32.50718307495117,86.25271606445312,215.5521240234375,301.3500671386719,506.2270202636719,43.372528076171875,206.32948303222656,72.58306884765625,137.1628875732422,26.00551414489746,100.50791931152344,87.31763458251953,36.858863830566406,31.131635665893555,293.2966613769531,145.54200744628906,46.41175079345703,49.05543899536133,75.4842529296875,76.18215942382812,71.96786499023438,184.32835388183594
2022-03-03,163.5794219970703,288.4573059082031,147.89849853515625,133.67486572265625,202.01788330078125,126.4681625366211,202.49462890625,23.676485061645508,368.0700073242187,74.67472076416016,44.79209899902344,111.9800033569336,110.90483856201172,50.69871520996094,188.8500061035156,56.6981201171875,14.031332015991213,43.658294677734375,154.4006805419922,156.65135192871094,87.39925384521484,53.71060943603515,150.91978454589844,53.91809844970703,102.6030044555664,613.177978515625,174.28076171875,92.75057983398438,101.33999633789062,64.07499694824219,178.02999877929688,156.89999389648438,31.719999313354492,36.97999954223633,101.68000030517578,151.69000244140625,53.79999923706055,24.93000030517578,35.65999984741211,159.77999877929688,50.96503829956055,98.554443359375,155.19000244140625,61.54927444458008,45.220001220703125,81.76905059814453,45.2400016784668,11.34000015258789,191.02000427246097,167.97999572753906,104.0,242.02999877929688,95.5683364868164,224.02000427246097,327.2300109863281,148.4600067138672,108.66000366210938,113.11000061035156,286.8800048828125,203.29331970214844,562.3099975585938,245.3699951171875,102.87749481201172,191.1740264892578,462.6203308105469,319.22906494140625,459.0799865722656,78.78907775878906,133.26239013671875,47.27398681640625,39.21454620361328,51.09542465209961,307.7093811035156,77.25199890136719,14.882966995239258,44.297550201416016,121.18264770507812,42.75665283203125,58.986839294433594,3.777410984039306,4.521294116973877,7.275104999542236,19.852113723754883,48.891448974609375,32.78471755981445,84.228759765625,213.3085479736328,298.5792541503906,511.0688781738281,44.369571685791016,205.35699462890625,73.04273986816406,139.0137939453125,24.822265625,100.12049865722656,86.75652313232422,36.18254470825195,31.52869987487793,279.7633361816406,143.7936248779297,45.81685256958008,49.222713470458984,74.31136322021484,76.70144653320312,72.32308197021484,179.7085418701172
2022-03-04,160.56822204589844,282.55010986328125,145.64100646972656,131.49916076660156,199.12152099609375,122.91068267822266,195.71319580078125,22.899717330932617,361.7300109863281,72.99514770507812,44.92293167114258,108.41000366210938,111.51251983642578,51.096561431884766,180.83999633789065,54.66815948486328,13.433405876159668,41.22743225097656,151.51528930664062,155.71694946289062,80.27442169189453,51.95849609375,148.61732482910156,55.53861999511719,99.08513641357422,577.7261352539062,166.4961700439453,91.4389877319336,99.91000366210938,60.08399963378906,165.75,148.82000732421875,29.829999923706055,35.279998779296875,89.86000061035156,142.6999969482422,51.709999084472656,24.18000030517578,33.09000015258789,151.57000732421875,52.12632369995117,97.15410614013672,147.25999450683594,57.701873779296875,41.27000045776367,80.7863998413086,42.290000915527344,10.960000038146973,179.02999877929688,158.41000366210938,100.91000366210938,225.5,92.9183349609375,209.6499938964844,306.1099853515625,142.19000244140625,101.37999725341795,108.94000244140624,267.6099853515625,201.565673828125,547.0700073242188,240.2100067138672,100.1312026977539,194.685546875,455.03558349609375,313.89794921875,452.1300048828125,77.5145263671875,131.2788543701172,45.01361846923828,37.79325485229492,50.18206405639648,304.24853515625,75.8354263305664,14.858067512512209,44.6622428894043,120.50788879394533,42.83832550048828,58.891387939453125,3.5294406414031982,4.37544584274292,7.302151203155518,19.50351905822754,48.305755615234375,32.54299545288086,83.5259780883789,211.22523498535156,298.4872131347656,503.830078125,45.4940185546875,205.5955352783203,75.79174041748047,141.17613220214844,24.19177627563477,102.23844146728516,89.3037338256836,36.57706451416016,32.26609802246094,279.42999267578125,139.0028076171875,53.87677383422851,49.82493209838867,75.47529602050781,78.33222961425781,72.65960693359375,172.70652770996094
2022-03-07,156.7599639892578,271.8763122558594,137.4530029296875,125.86832427978516,186.5905914306641,118.16437530517578,186.3423309326172,21.318220138549805,350.260009765625,70.9242935180664,44.55845642089844,102.9499969482422,111.02814483642578,50.26469039916992,169.1699981689453,52.40924453735352,12.731840133666992,38.72850799560547,140.16049194335938,151.05404663085938,74.18842315673828,48.33865737915039,138.6020965576172,53.18191909790039,93.64328002929688,558.3040771484375,160.1458282470703,88.70060729980469,93.61000061035156,56.08000183105469,161.13999938964844,140.0,28.56999969482422,34.47999954223633,79.86000061035156,131.58999633789062,49.56999969482422,23.09000015258789,30.219999313354492,137.49000549316406,51.367733001708984,95.2805633544922,138.3699951171875,54.9161376953125,38.61000061035156,77.29981994628906,41.29999923706055,11.109999656677246,167.39999389648438,154.39999389648438,92.16000366210938,204.3699951171875,88.9183349609375,193.0,279.9800109863281,130.11000061035156,95.05999755859376,107.87999725341795,244.2400054931641,194.83392333984375,519.6199951171875,224.41000366210935,99.06477355957033,194.6201934814453,428.0632629394531,296.9485778808594,437.9700012207031,74.902587890625,125.77717590332033,42.2642707824707,35.38446044921875,49.25982666015625,297.0685119628906,73.08837890625,14.671334266662598,44.313751220703125,119.6082000732422,42.01259231567383,60.89579772949219,3.4054558277130127,4.129327297210693,6.950565338134766,18.97864532470703,45.86072540283203,31.92525291442871,78.01631164550781,209.51898193359375,297.1156311035156,506.72552490234375,45.12769317626953,193.6139373779297,78.52274322509766,144.19277954101562,24.61498260498047,103.44378662109376,90.19436645507812,39.54530334472656,34.26087188720703,268.1933288574219,131.87091064453125,53.13795852661133,50.09259033203125,73.95323944091797,76.5374526977539,69.67768859863281,165.97459411621094
2022-03-08,154.9295654296875,268.89349365234375,136.01449584960938,126.67849731445312,189.39735412597656,117.33216094970705,187.3292694091797,21.479963302612305,341.760009765625,69.97953796386719,44.39024353027344,105.52999877929688,110.68467712402344,49.188690185546875,173.8000030517578,54.10956573486328,12.779672622680664,39.08827209472656,140.7767791748047,153.2984619140625,75.61927795410156,48.4592170715332,140.72454833984375,53.671146392822266,94.31290435791016,557.040283203125,166.9207763671875,80.2638931274414,94.9000015258789,51.494998931884766,161.99000549316406,137.16000366210938,30.739999771118164,36.540000915527344,85.01000213623047,142.1300048828125,47.650001525878906,23.059999465942383,31.219999313354492,138.42999267578125,49.925514221191406,94.16029357910156,136.82000732421875,53.25558853149414,40.02000045776367,80.03995513916016,41.90999984741211,11.039999961853027,156.77000427246094,159.5500030517578,92.1500015258789,198.6300048828125,87.5250015258789,191.61000061035156,281.739990234375,127.12999725341795,91.9800033569336,108.48999786376952,240.9499969482422,190.7134552001953,518.2000122070312,219.8999938964844,100.2350082397461,191.80908203125,432.7804260253906,290.287109375,431.5299987792969,74.77691650390625,126.4997100830078,42.86396026611328,35.61518096923828,48.656829833984375,296.5885925292969,72.44709014892578,14.316534042358398,43.15485000610352,116.64513397216795,41.85832595825195,60.89579772949219,3.446784019470215,4.293405055999756,7.212000370025635,19.295549392700195,46.70672225952149,32.12360763549805,78.47545623779297,210.4616851806641,291.5649108886719,501.7783508300781,44.194374084472656,191.56808471679688,79.11760711669922,151.7476806640625,25.69458770751953,101.42916107177734,87.99449920654297,42.344482421875,34.752471923828125,274.79998779296875,130.1422576904297,52.389530181884766,49.74965286254883,75.4842529296875,82.48661041259766,71.24809265136719,174.3172149658203
2022-03-09,160.3517608642578,281.2244567871094,139.2790069580078,133.23495483398438,197.56886291503903,122.0327606201172,195.19532775878903,22.97758674621582,358.7900085449219,72.62296295166016,44.511741638183594,111.0500030517578,111.16024017333984,50.563079833984375,178.55999755859375,56.012454986572266,13.05073356628418,41.110748291015625,146.70632934570312,157.9888458251953,77.85374450683594,51.12147521972656,145.55685424804688,55.63459396362305,98.98138427734376,603.9918212890625,173.0069580078125,80.10438537597656,100.22000122070312,58.76499938964844,178.97000122070312,145.0399932861328,31.5,37.79999923706055,91.83999633789062,148.30999755859375,51.040000915527344,25.260000228881836,33.68000030517578,144.72000122070312,49.89730453491211,97.47280883789062,144.22999572753906,56.62206268310547,43.34000015258789,83.69659423828125,44.380001068115234,11.649999618530272,169.7899932861328,170.3000030517578,98.4000015258789,212.3500061035156,92.48500061035156,207.55999755859375,334.0899963378906,142.8300018310547,98.0500030517578,109.08000183105467,261.5899963378906,201.71463012695312,559.5800170898438,233.52999877929688,105.55772399902344,195.8436584472656,454.83001708984375,306.6747131347656,450.8699951171875,78.44800567626953,132.78517150878906,45.35497283935547,37.87632751464844,49.61453628540039,307.8663024902344,75.98855590820312,14.47836971282959,43.0170783996582,119.26595306396484,41.84925842285156,59.368629455566406,3.5955660343170166,4.4757161140441895,7.599645614624023,19.47776985168457,48.32435607910156,32.50226974487305,81.98927307128906,212.93148803710935,293.7504577636719,505.8914794921875,44.42372512817383,198.16441345214844,74.62002563476562,147.95689392089844,25.072734832763672,97.9508819580078,85.68777465820312,39.977394104003906,32.93732833862305,286.3233337402344,132.01907348632812,55.303802490234375,49.29798889160156,71.04345703125,79.38904571533203,70.50962829589844,180.4801483154297
2022-03-10,155.99237060546875,278.3878173828125,146.8175048828125,132.05653381347656,194.29429626464844,120.58782958984376,193.44622802734375,22.622156143188477,356.7699890136719,73.1478500366211,43.6052360534668,106.45999908447266,109.51335906982422,49.468990325927734,178.38999938964844,56.061561584472656,13.018842697143556,40.6926383972168,144.4652557373047,158.25453186035156,74.2080307006836,49.12133026123047,142.65745544433594,54.76888656616211,98.04767608642578,583.315673828125,170.31771850585938,78.6244125366211,98.5500030517578,55.31800079345703,172.97000122070312,140.86000061035156,30.40999984741211,37.630001068115234,89.6500015258789,151.8000030517578,49.86000061035156,23.920000076293945,31.739999771118164,136.97999572753906,49.23903274536133,89.73717498779297,135.16000366210938,47.65690231323242,35.7599983215332,77.57894134521484,41.470001220703125,11.869999885559082,191.02000427246097,165.72000122070312,97.52999877929688,208.41000366210935,91.9749984741211,197.8500061035156,338.510009765625,140.16000366210938,93.87999725341795,103.33000183105467,255.1999969482422,198.72605895996097,533.5900268554688,228.4499969482422,102.40562438964844,196.5663146972656,442.7237548828125,305.1572265625,438.9500122070313,77.06574249267578,131.7993927001953,45.21658706665039,37.53484725952149,48.66569519042969,304.4608154296875,76.23741149902344,14.434800148010254,43.138648986816406,120.81103515625,41.18684768676758,59.368629455566406,3.5955660343170166,4.421022891998291,7.563586235046387,19.84221076965332,48.31505584716797,32.59243392944336,82.54212188720703,211.3195343017578,294.4356994628906,510.75238037109375,45.433494567871094,197.04510498046875,76.93643188476562,152.00575256347656,25.072734832763672,103.21131896972656,88.81388092041016,40.76642227172851,35.87748718261719,279.4333190917969,132.0092010498047,55.90974426269531,50.661346435546875,72.7087631225586,81.61202239990234,72.84654998779297,181.67608642578125
2022-03-11,152.26280212402344,273.0069885253906,145.52450561523438,129.86041259765625,186.7299346923828,117.8717269897461,192.2150115966797,22.065034866333008,340.32000732421875,74.26437377929688,42.8295783996582,104.29000091552734,109.16988372802734,49.45090866088867,176.22999572753906,56.64470672607422,12.78764533996582,40.36204147338867,142.25218200683594,156.06507873535156,71.36592864990234,47.76945114135742,139.85284423828125,53.84820556640625,95.64269256591795,569.4926147460938,168.48715209960938,77.39259338378906,96.56999969482422,54.4370002746582,160.07000732421875,132.47999572753906,30.760000228881836,37.25,86.97000122070312,145.13999938964844,48.099998474121094,23.079999923706055,30.049999237060547,121.2300033569336,47.07611846923828,83.73988342285156,118.91999816894533,43.54636001586914,32.130001068115234,75.072998046875,39.2400016784668,11.390000343322754,190.5399932861328,154.05999755859375,88.72000122070312,201.13999938964844,91.00499725341795,180.4199981689453,316.489990234375,127.0199966430664,75.01000213623047,98.12000274658205,246.38999938964844,196.49203491210935,512.1500244140625,224.91000366210935,101.622314453125,194.53903198242188,429.95208740234375,298.8012390136719,416.3800048828125,76.45539855957031,129.25254821777344,44.718387603759766,37.22105407714844,48.0272216796875,301.7844543457031,76.8021240234375,14.434800148010254,42.98466491699219,121.81829071044922,40.85111618041992,59.08229446411133,3.5459721088409424,4.384561061859131,7.617674827575684,19.27376365661621,48.35224151611328,32.71865463256836,81.11785888671875,209.47189331054688,293.3707580566406,505.6709899902344,45.25511169433594,189.87998962402344,76.53984832763672,152.076904296875,24.416330337524418,100.45626831054688,87.64717864990234,40.29676818847656,35.36697006225586,265.1166687011719,130.1422576904297,55.73662185668945,49.87042617797851,72.31481170654297,83.51610565185547,73.38871002197266,178.1943359375
2022-03-14,148.2183380126953,269.4685363769531,141.85299682617188,126.14352416992188,185.7545166015625,119.04229736328124,195.75230407714844,21.296255111694336,331.010009765625,73.54865264892578,41.49319076538086,102.25,109.15228271484376,49.098262786865234,175.52000427246094,56.749053955078125,12.54847526550293,39.70085525512695,131.9338836669922,152.73048400878906,68.01422119140625,46.3474006652832,137.98622131347656,52.91167068481445,93.6527099609375,561.4243774414062,162.7939910888672,76.52410125732422,96.87000274658205,51.255001068115234,153.19000244140625,125.16999816894533,29.270000457763672,35.38999938964844,76.05999755859375,138.5,46.130001068115234,22.3700008392334,28.0,118.31999969482422,48.9851188659668,75.09646606445312,108.97000122070312,38.96396255493164,25.530000686645508,67.8969955444336,36.68000030517578,10.5,183.1199951171875,146.10000610351562,84.16000366210938,189.52999877929688,87.55166625976562,166.75,290.1600036621094,118.76000213623048,73.23999786376953,94.63999938964844,238.66000366210935,191.7460479736328,495.1000061035156,220.91000366210935,103.8589859008789,194.2855987548828,415.5753479003906,293.32220458984375,411.5,76.04249572753906,125.35169982910156,46.00080108642578,38.02398681640625,48.08929443359375,299.92022705078125,79.69274139404297,14.248064041137695,42.54703521728515,121.32933807373048,40.80574417114258,58.79594039916992,3.5790345668792725,4.575986862182617,7.788961410522461,18.774639129638672,47.17155838012695,30.744169235229492,78.09127044677734,213.5253448486328,294.8246765136719,504.2615356445313,45.88582229614258,191.52218627929688,73.79983520507812,148.35731506347656,24.06222343444824,100.59520721435548,85.99059295654297,39.0286865234375,34.37431335449219,255.4566650390625,127.45545196533205,53.46676254272461,44.81024169921875,70.0765380859375,82.49573516845703,71.6594009399414,170.0253448486328
2022-03-15,152.6170654296875,279.9085388183594,147.3665008544922,129.0492706298828,191.1291961669922,121.1548309326172,201.42955017089844,22.93665313720703,343.75,76.9173583984375,41.8763542175293,109.33000183105467,110.6494369506836,50.27373504638672,179.88999938964844,56.68766784667969,12.803590774536133,40.96490859985352,134.66053771972656,157.860595703125,71.65013885498047,47.90087890625,142.99856567382812,55.23762893676758,96.2840347290039,580.0397338867188,169.1745147705078,78.52694702148438,100.45999908447266,55.34299850463867,155.97999572753906,128.92999267578125,29.799999237060547,35.7400016784668,79.7699966430664,143.9499969482422,47.08000183105469,22.739999771118164,29.579999923706055,124.9800033569336,50.72484588623047,74.1307144165039,108.37999725341795,41.72247314453125,27.309999465942383,70.46935272216797,37.869998931884766,10.770000457763672,188.63999938964844,148.92999267578125,85.94000244140625,196.61000061035156,90.01000213623047,170.77999877929688,298.260009765625,120.94000244140624,76.63999938964844,98.97000122070312,245.1699981689453,194.7445526123047,514.219970703125,221.4199981689453,104.50074005126952,199.2694549560547,430.3043823242187,301.550537109375,421.6600036621094,77.48759460449219,128.58323669433594,46.23145294189453,38.30085754394531,48.86964797973633,303.7779235839844,79.60661315917969,14.372554779052734,42.75775146484375,123.49051666259766,41.32297134399414,59.55952835083008,3.628628730773926,4.648910999298096,7.806990146636963,19.430234909057617,48.41732406616211,31.429378509521484,80.83674621582031,217.8239898681641,304.2521667480469,519.9566040039062,46.43689727783203,197.56805419921875,69.5997085571289,140.84689331054688,24.2263240814209,98.84103393554688,84.65461730957031,36.87763977050781,32.899513244628906,267.2966613769531,132.5623779296875,52.447242736816406,45.0823860168457,67.45323944091797,76.90187072753906,69.54682159423828,175.48422241210938
2022-03-16,157.04531860351562,286.96588134765625,153.10400390625,133.06028747558594,202.6748046875,126.56875610351562,207.02859497070312,24.45724105834961,357.5299987792969,76.30661010742188,43.577205657958984,115.37000274658205,111.88239288330078,50.463623046875,188.9900054931641,58.13019180297851,13.21815299987793,42.6373291015625,140.48731994628906,161.53411865234375,78.07915496826172,50.842803955078125,150.24703979492188,56.57579040527344,100.16004180908205,632.4639892578125,178.54147338867188,80.14868927001953,107.91999816894533,62.237998962402344,172.52999877929688,144.08999633789062,32.61000061035156,37.86000061035156,90.5,155.75,50.689998626708984,24.309999465942383,32.560001373291016,133.80999755859375,51.50537109375,101.3840789794922,150.8699951171875,58.14649963378906,42.619998931884766,88.57079315185547,41.5099983215332,11.789999961853027,189.66000366210935,155.7899932861328,95.16000366210938,207.02999877929688,92.31999969482422,197.83999633789065,343.82000732421875,132.24000549316406,83.16999816894531,106.83999633789062,280.9599914550781,204.10748291015625,547.4000244140625,227.47000122070312,108.04920959472656,199.4102478027344,448.1358642578125,322.45147705078125,442.3599853515625,82.3614273071289,132.64633178710938,47.60612106323242,39.50064468383789,50.368282318115234,314.4833984375,85.12940216064453,14.434800148010254,42.53893280029297,124.93782806396484,41.949066162109375,59.27317810058594,3.711285352706909,4.794760227203369,8.014335632324219,20.351240158081055,48.31505584716797,32.285888671875,82.9356689453125,218.0690460205078,306.44696044921875,520.9823608398438,46.299922943115234,197.78822326660156,69.33832550048828,140.33969116210938,24.70998764038086,98.12893676757812,84.44978332519531,35.58139419555664,32.1431999206543,280.07666015625,136.45428466796875,50.96607208251953,44.61463928222656,68.49181365966797,77.38472747802734,69.97682189941406,184.4536895751953
2022-03-17,158.0588836669922,287.7749328613281,157.23899841308594,133.96597290039062,206.86505126953125,128.1691436767578,208.5724945068359,24.72681999206543,371.3999938964844,76.9173583984375,44.05381393432617,111.69000244140624,112.69264221191406,50.78913116455078,190.19000244140625,58.63966751098633,13.21815299987793,42.45259475708008,142.70973205566406,163.49452209472656,78.91217803955078,52.011863708496094,151.5830078125,56.161102294921875,100.91818237304688,635.8370971679688,179.9161834716797,81.61981201171875,112.16000366210938,65.73799896240234,177.22000122070312,150.27999877929688,32.849998474121094,37.790000915527344,96.08999633789062,157.5500030517578,52.9900016784668,24.88999938964844,33.970001220703125,141.67999267578125,52.35171890258789,96.93199157714844,147.14999389648438,56.20465469360352,39.369998931884766,80.77777099609375,46.349998474121094,12.31999969482422,204.1300048828125,161.1199951171875,106.30999755859376,214.8300018310547,94.02666473388672,208.8500061035156,372.4299926757813,137.74000549316406,87.26000213623047,111.29000091552734,280.1300048828125,208.9130401611328,566.6799926757812,235.3000030517578,109.20057678222656,200.7805633544922,463.6479187011719,338.10986328125,444.3599853515625,84.24634552001953,133.20216369628906,47.49541091918945,39.71291732788086,50.80280303955078,316.7998352050781,85.93338012695312,14.434800148010254,42.43357849121094,126.10153198242188,42.17591857910156,59.65497589111328,3.810473680496216,4.849452495574951,8.095470428466797,20.721622467041016,46.957733154296875,31.095792770385746,83.66654968261719,220.94422912597656,311.4939880371094,529.9948120117188,46.37027740478515,202.41207885742188,71.18602752685547,142.76901245117188,25.081375122070312,102.3580551147461,88.0212173461914,37.11247634887695,33.92997360229492,290.5333251953125,137.76806640625,55.79432678222656,48.91792678833008,69.43190002441406,81.16559600830078,72.11743927001953,189.78375244140625
2022-03-18,161.3653106689453,292.8536071777344,161.25050354003906,136.15660095214844,215.47445678710935,128.1234130859375,214.1031951904297,26.41114616394043,380.6000061035156,77.94801330566406,44.34352111816406,113.45999908447266,113.3971710205078,50.60828399658203,192.8300018310547,58.67649459838867,13.441377639770508,43.58051300048828,143.7929229736328,164.98779296875,77.82434844970703,53.8222770690918,154.8708953857422,56.88237380981445,101.1361312866211,660.8779296875,182.4285888671875,83.58718872070312,118.7699966430664,78.0,185.94000244140625,159.66000366210938,33.36000061035156,38.619998931884766,107.29000091552734,167.0,54.9900016784668,26.31999969482422,36.0,148.0,52.68086242675781,104.59036254882812,149.0399932861328,59.099273681640625,42.599998474121094,85.59976196289062,49.619998931884766,12.81999969482422,208.05999755859375,174.5,109.83999633789062,222.7100067138672,96.16999816894533,222.8500061035156,398.1000061035156,145.75999450683594,95.51000213623048,116.27999877929688,294.7300109863281,217.24334716796875,579.8800048828125,243.6000061035156,108.87026977539062,201.50326538085935,469.6374206542969,353.7880554199219,453.3299865722656,85.1080093383789,135.47779846191406,47.44004440307617,39.59294128417969,50.85599899291992,318.7471008300781,86.14398193359375,14.45347499847412,41.16931915283203,124.37063598632812,42.56610107421875,60.418556213378906,3.777410984039306,4.858567237854004,8.158576011657715,21.018720626831055,48.184906005859375,33.43992614746094,86.71186065673828,222.16026306152344,315.5501708984375,538.2015991210938,46.50777816772461,207.384521484375,70.9066162109375,143.91693115234375,24.822265625,100.56048583984376,88.7070083618164,37.31912612915039,34.07179641723633,301.7966613769531,138.5879364013672,54.09193420410156,49.555763244628906,70.51522827148438,82.38640594482422,73.21110534667969,191.591064453125
2022-03-21,162.7429656982422,291.61566162109375,161.4915008544922,135.8351287841797,210.49790954589844,127.71189880371094,212.08042907714844,26.69170570373535,374.5899963378906,77.26091003417969,44.28744888305664,115.91999816894533,112.81592559814452,50.63541793823242,185.8999938964844,58.2038459777832,13.138429641723633,42.40397262573242,145.28697204589844,165.3175506591797,76.78550720214844,53.053443908691406,155.60049438476562,56.411415100097656,101.32567596435548,663.8427734375,180.61778259277344,82.3818588256836,114.6500015258789,68.34500122070312,176.80999755859375,157.44000244140625,31.979999542236328,36.849998474121094,107.0999984741211,161.8000030517578,53.33000183105469,25.540000915527344,35.16999816894531,142.27000427246094,52.022586822509766,100.04168701171876,146.67999267578125,55.750946044921875,39.9900016784668,84.39425659179688,46.619998931884766,12.59000015258789,204.1300048828125,169.41000366210938,104.4499969482422,220.86000061035156,96.1999969482422,212.97000122070312,390.5,140.13999938964844,95.86000061035156,116.87000274658205,288.30999755859375,212.19949340820312,569.7999877929688,242.83999633789065,105.57660675048828,199.47592163085935,456.5525207519531,346.7422180175781,453.5899963378906,83.12435913085938,135.4539031982422,47.18172454833984,39.537559509277344,50.52790832519531,312.859130859375,85.19639587402344,14.41612720489502,41.41244125366211,123.18737030029295,42.34831619262695,60.03676986694336,3.7856764793396,4.831220626831055,8.158576011657715,20.687952041625977,48.640438079833984,33.84563446044922,82.66392517089844,214.55288696289065,305.0207824707031,532.621826171875,46.120853424072266,204.58639526367188,74.08824920654297,146.5063934326172,25.737768173217773,106.34400177001952,91.52141571044922,38.690528869628906,35.527687072753906,307.0533447265625,136.92843627929688,58.63165283203125,52.25168228149414,72.18946838378906,85.875732421875,74.76283264160156,192.0162811279297
2022-03-22,166.128173828125,296.3920593261719,164.88900756835938,139.6162109375,215.6337127685547,130.427978515625,213.4777679443359,26.482036590576172,382.9200134277344,78.06254577636719,45.221981048583984,114.77999877929688,113.66139221191406,50.78913116455078,191.0399932861328,58.25294494628906,13.62474250793457,43.32770156860352,147.1732177734375,167.0489959716797,77.5401382446289,54.031776428222656,156.12159729003906,57.35428237915039,101.43939971923828,669.5099487304688,178.00106811523438,83.63182830810547,117.87000274658205,72.70099639892578,186.0800018310547,163.13999938964844,33.349998474121094,38.25,111.25,166.44000244140625,55.63999938964844,26.450000762939453,36.2400016784668,148.25,52.426963806152344,111.05120086669922,154.58999633789062,58.73631286621094,47.529998779296875,89.8996810913086,50.5099983215332,13.270000457763672,217.05999755859375,166.42999267578125,114.86000061035156,232.38999938964844,99.56999969482422,224.9600067138672,405.7699890136719,148.64999389648438,99.4499969482422,119.8000030517578,298.510009765625,216.65756225585935,588.6599731445312,244.1499938964844,106.38822174072266,201.99131774902344,465.8401794433594,352.03399658203125,466.4500122070313,84.56947326660156,139.20248413085938,49.25757598876953,40.774261474609375,50.98902130126953,316.55987548828125,88.24971008300781,14.447246551513672,41.33140563964844,122.9135513305664,42.84739685058594,61.18214416503906,3.827004909515381,4.895030498504639,8.230695724487305,20.94147491455078,49.2633171081543,34.46773910522461,82.7669906616211,215.37303161621097,305.35418701171875,536.3512573242188,45.98335266113281,204.3753662109375,73.76377868652344,146.01698303222656,25.625492095947266,104.9285125732422,90.63968658447266,38.69992446899414,35.0644416809082,331.32666015625,138.40023803710938,57.36206817626953,51.56282043457031,71.43740844726562,85.26531982421875,74.0804443359375,198.70419311523438
2022-03-23,167.4960174560547,291.9372863769531,163.4080047607422,137.8505859375,212.45867919921875,127.83080291748048,209.7743682861328,25.59344482421875,374.489990234375,76.71695709228516,45.10983657836914,113.91999816894533,112.99207305908205,49.261024475097656,186.0399932861328,57.51634979248047,13.297874450683594,42.56926727294922,142.74708557128906,164.05337524414062,74.1394271850586,52.473358154296875,150.787109375,56.23222732543945,99.83782196044922,646.78271484375,174.05711364746094,81.614013671875,114.6500015258789,70.35900115966797,183.11000061035156,161.1999969482422,33.060001373291016,38.43000030517578,114.33999633789062,164.16000366210938,54.5099983215332,25.65999984741211,35.880001068115234,142.47000122070312,52.28589630126953,113.22412872314452,154.89999389648438,58.33705520629883,49.400001525878906,90.62107849121094,50.709999084472656,13.18000030517578,219.47999572753903,148.5500030517578,117.58999633789062,233.3800048828125,100.67333221435548,222.2400054931641,404.8500061035156,146.44000244140625,100.16999816894533,116.80999755859376,289.4100036621094,209.60806274414065,567.9600219726562,236.77999877929688,103.61361694335938,199.51348876953125,451.6004028320313,339.2628479003906,422.8999938964844,82.91792297363281,137.6175537109375,47.16328048706055,39.7682991027832,49.96923828125,309.7304992675781,85.90469360351562,14.447246551513672,41.30709457397461,122.0725555419922,42.21221160888672,61.086692810058594,3.7608797550201416,4.812990188598633,8.122515678405762,20.62853240966797,48.90074157714844,34.016944885253906,79.5249252319336,208.25582885742188,293.611572265625,531.1740112304688,45.39176940917969,198.8249359130859,74.92648315429688,147.592041015625,26.56690788269043,107.29055786132812,92.955322265625,39.83650588989258,35.990936279296875,333.03668212890625,135.9604034423828,57.554439544677734,52.44729232788086,71.86714935302734,87.02364349365234,75.21151733398438,201.2266387939453
2022-03-24,171.29443359375,296.4310607910156,163.64950561523438,140.6458282470703,218.54002380371097,128.66299438476562,212.3442840576172,28.105466842651367,375.7099914550781,78.48241424560547,48.240516662597656,120.52999877929688,113.8287353515625,49.279109954833984,189.0500030517578,57.7741584777832,13.417462348937988,43.12350082397461,147.96693420410156,168.75291442871094,76.64830017089844,54.96663284301758,156.30165100097656,58.769981384277344,102.27334594726562,671.2597045898438,181.1581573486328,83.85503387451172,116.0500030517578,70.5,190.19000244140625,161.94000244140625,34.70000076293945,38.97999954223633,114.87999725341795,170.8300018310547,55.15999984741211,26.34000015258789,37.04999923706055,140.9600067138672,53.81874465942383,111.20572662353516,150.61000061035156,55.82354736328125,44.939998626708984,87.47920989990234,50.790000915527344,13.390000343322754,223.3999938964844,144.5,122.38999938964844,235.7899932861328,103.6933364868164,227.57000732421875,420.3399963378906,152.2100067138672,104.5500030517578,117.75,294.1300048828125,212.4576416015625,581.0900268554688,241.22999572753903,104.96316528320312,203.62445068359375,455.7010803222656,343.7662353515625,432.1400146484375,82.69352722167969,140.89837646484375,47.35702133178711,39.74984359741211,50.03131103515625,310.30267333984375,87.03414154052734,14.52194595336914,41.33140563964844,122.9135513305664,42.46628189086914,62.04117202758789,3.8022077083587646,4.867683410644531,8.302816390991211,21.26630401611328,49.74674606323242,34.73821258544922,78.5972671508789,206.6061248779297,292.4354553222656,535.0953979492188,45.67317199707031,199.11849975585935,75.15180969238281,147.98358154296875,26.54963493347168,105.08483123779295,93.1067352294922,40.05253601074219,35.622230529785156,337.97332763671875,137.2642822265625,55.54426193237305,52.33673095703125,72.62818145751953,87.86182403564453,76.08086395263672,206.9674072265625
2022-03-25,171.93408203125,296.0216369628906,164.77349853515625,140.8543701171875,220.77947998046875,129.787841796875,213.4387054443359,27.648189544677734,373.8500061035156,77.9957275390625,48.436771392822266,119.66999816894533,115.6781768798828,49.704078674316406,188.9499969482422,57.71277618408203,13.13045597076416,42.44286346435547,147.5093536376953,169.38499450683594,76.54048919677734,54.82828140258789,156.9364776611328,58.998897552490234,101.1456298828125,668.1683959960938,180.57037353515625,81.17652893066406,113.76000213623048,67.9530029296875,186.7100067138672,154.82000732421875,34.060001373291016,37.5099983215332,105.29000091552734,167.22000122070312,52.040000915527344,25.489999771118164,35.400001525878906,132.32000732421875,53.997413635253906,109.11970520019533,146.5399932861328,54.37169647216797,44.2400016784668,88.90303039550781,47.06999969482422,12.970000267028809,221.9499969482422,138.11000061035156,119.62999725341795,230.32000732421875,103.73332977294922,219.80999755859375,406.0400085449219,146.83999633789062,100.4499969482422,113.93000030517578,284.2099914550781,209.5286407470703,561.8699951171875,238.08999633789065,105.076416015625,205.58609008789065,449.5549621582031,336.2868347167969,431.6199951171875,82.91792297363281,140.9989013671875,48.4918212890625,40.35895538330078,50.31507873535156,311.4654846191406,87.44571685791016,14.839395523071287,41.558326721191406,121.5444793701172,42.76572799682617,62.61386489868164,3.8187386989593506,4.895030498504639,8.356905937194824,21.052391052246097,50.936729431152344,35.919288635253906,77.56654357910156,200.71441650390625,287.7124328613281,532.7943115234375,45.87142562866211,200.55886840820312,76.79222869873047,150.66204833984375,26.817373275756836,108.1242218017578,95.74300384521484,41.0294303894043,36.775604248046875,336.8800048828125,137.4420928955078,56.46759033203125,53.15316009521485,75.07239532470703,88.59976959228516,76.86607360839844,210.2823944091797
2022-03-28,172.80003356933594,302.8645935058594,168.99049377441406,141.2808380126953,222.54115295410156,128.82760620117188,215.72520446777344,28.174354553222656,378.510009765625,79.78028869628906,48.13771438598633,120.23999786376952,115.78385162353516,49.85779571533203,188.16000366210935,56.47283172607422,13.289904594421388,42.997108459472656,147.9575653076172,170.09954833984375,78.26535034179688,55.074344635009766,158.48092651367188,59.37510299682617,100.76654815673828,675.429931640625,179.58436584472656,82.48899841308594,116.16999816894533,70.16000366210938,201.41000366210935,160.74000549316406,34.77000045776367,37.59000015258789,114.43000030517578,167.64999389648438,52.79999923706055,26.450000762939453,36.22999954223633,138.5399932861328,55.27635955810547,111.14777374267578,147.4499969482422,54.2355842590332,43.66999816894531,89.05488586425781,48.400001525878906,13.420000076293944,222.1199951171875,149.86000061035156,126.27999877929688,237.92999267578125,104.20833587646484,235.88999938964844,420.9200134277344,149.35000610351562,104.66999816894533,117.4499969482422,302.30999755859375,213.74839782714844,582.760009765625,244.22999572753903,105.51996612548828,207.09718322753903,470.25390625,342.9976501464844,450.010009765625,81.9216079711914,140.78244018554688,47.79986953735352,40.19282531738281,49.58792495727539,309.44439697265625,87.86686706542969,14.858067512512209,41.46917343139648,123.69587707519533,43.12868881225586,62.99564743041992,3.89313006401062,4.9132609367370605,8.456069946289062,20.802831649780273,50.4811897277832,34.93655776977539,77.31354522705078,201.5251312255859,291.0463562011719,541.902587890625,46.68685150146485,201.3937225341797,74.63805389404297,148.028076171875,25.850048065185547,104.95457458496094,92.18047332763672,39.19776916503906,35.28188705444336,363.9466552734375,137.0272216796875,54.476654052734375,51.40974807739258,73.67569732666016,87.79804992675781,76.62301635742188,207.15103149414062
2022-03-29,176.10643005371094,307.4558410644531,169.31500244140625,142.57470703125,228.78175354003903,129.111083984375,222.9072723388672,28.610660552978516,391.8200073242187,80.43875122070312,48.82927322387695,123.2300033569336,116.19776916503906,50.3370246887207,193.8000030517578,58.09949493408203,14.150917053222656,44.98067855834961,150.40406799316406,174.9822998046875,80.41162109375,56.22265625,161.2476348876953,60.18099594116211,103.53377532958984,689.3403930664062,184.62814331054688,83.61397552490234,121.18000030517578,74.39800262451172,204.52999877929688,174.47999572753906,37.189998626708984,40.15999984741211,123.5500030517578,175.52000427246094,55.439998626708984,26.670000076293945,37.869998931884766,142.9199981689453,56.621116638183594,112.71228790283205,147.69000244140625,56.921504974365234,44.29999923706055,89.14981842041016,50.91999816894531,14.199999809265137,223.0099945068359,156.80999755859375,130.02000427246094,243.9900054931641,102.7516632080078,239.6699981689453,435.8900146484375,155.41000366210938,111.23999786376952,126.26000213623048,311.6400146484375,219.71563720703125,597.75,246.2599945068359,108.28514099121094,211.1330413818359,475.0102844238281,354.46795654296875,466.3299865722656,82.4332275390625,141.82742309570312,47.60612106323242,40.091312408447266,50.075660705566406,313.4681701660156,87.31170654296875,14.932767868041992,41.53401184082031,125.593017578125,43.35554122924805,63.18655014038086,3.9509897232055664,5.040877819061279,8.356905937194824,21.00874710083008,51.15984344482422,35.81110763549805,80.34011840820312,206.98321533203125,294.2227478027344,546.475830078125,47.08017349243164,204.5221405029297,74.24149322509766,146.22166442871094,25.57366943359375,104.7548370361328,89.67781066894531,40.04314804077149,35.78294372558594,366.5233459472656,140.64254760742188,54.62092208862305,51.46076583862305,74.73218536376953,88.08048248291016,77.71669006347656,215.01803588867188
2022-03-30,174.9354248046875,305.9449462890625,166.30099487304688,141.9720458984375,226.78118896484375,128.52581787109375,218.8325653076172,27.64619255065918,381.4700012207031,79.55126190185547,48.062957763671875,119.22000122070312,116.36510467529295,50.680625915527344,194.91000366210935,58.0565299987793,13.768245697021484,43.96944808959961,142.61636352539062,171.7209930419922,77.57933044433594,54.209659576416016,157.74183654785156,59.20718002319336,101.1456298828125,665.4466552734375,177.60289001464844,81.57831573486328,118.48999786376952,70.55999755859375,196.6999969482422,168.6300048828125,36.58000183105469,38.650001525878906,118.2300033569336,173.6300048828125,52.52000045776367,25.690000534057617,36.84000015258789,134.55999755859375,55.821781158447266,112.58674621582033,143.8300018310547,55.79632186889648,43.7599983215332,87.34629821777344,48.119998931884766,13.880000114440918,224.9600067138672,152.60000610351562,124.4000015258789,239.8999938964844,102.625,231.6300048828125,430.2200012207031,149.66000366210938,107.9499969482422,122.38999938964844,302.6400146484375,213.41082763671875,573.989990234375,241.55999755859375,106.78459167480467,213.7704620361328,461.8862609863281,342.19940185546875,460.05999755859375,81.02403259277344,141.2631378173828,46.23145294189453,39.68523025512695,48.74550247192383,309.7120361328125,84.95711517333984,15.026134490966797,41.82575988769531,125.76904296875,43.27387237548828,63.37744903564453,4.017115116119385,5.040877819061279,8.42902660369873,20.887619018554688,50.49978256225586,35.0177001953125,78.85025787353516,197.48101806640625,285.6565246582031,552.6982421875,47.924373626708984,203.6322479248047,75.5123519897461,147.25387573242188,25.970966339111328,105.15430450439452,90.31202697753906,39.64863204956055,36.416351318359375,364.663330078125,139.23989868164062,55.28457260131836,51.5032958984375,78.28659057617188,91.56068420410156,79.78252410888672,215.6655731201172
2022-03-31,171.8258056640625,300.5348815917969,162.99749755859375,138.9911651611328,221.3169403076172,124.66658782958984,216.70236206054688,27.242830276489254,374.5899963378906,78.9500503540039,46.31538391113281,109.33999633789062,114.50685119628906,50.41840744018555,191.5,56.16591262817383,13.481239318847656,42.53038024902344,142.7003936767578,168.0841827392578,76.33468627929688,53.1275634765625,156.5100555419922,59.07487869262695,98.80486297607422,649.281005859375,175.4697265625,80.2658462524414,115.6500015258789,67.59600067138672,189.86000061035156,164.80999755859375,35.68000030517578,38.400001525878906,117.19000244140624,171.75999450683594,49.290000915527344,24.61000061035156,35.9900016784668,124.27999877929688,53.84695816040039,105.07323455810548,132.3000030517578,52.511512756347656,40.11000061035156,85.13465118408203,46.2400016784668,13.729999542236328,227.0800018310547,150.9600067138672,119.6999969482422,241.27999877929688,103.7516632080078,229.1300048828125,443.5899963378906,151.47000122070312,107.12000274658205,117.2300033569336,293.8299865722656,210.8094787597656,556.8900146484375,239.4600067138672,104.7177963256836,213.56396484375,470.5867309570313,341.33221435546875,455.6199951171875,78.44800567626953,138.40579223632812,44.70916366577149,38.042449951171875,47.3532829284668,304.6454162597656,80.69776153564453,14.7086820602417,41.28278350830078,125.51480102539062,42.484432220458984,63.18655014038086,3.9675216674804688,4.97706937789917,8.239710807800293,20.395164489746097,46.66023254394531,32.72766876220703,76.05793762207031,190.5995178222656,277.2015075683594,552.103759765625,47.62059020996094,194.6965179443359,74.43977355957031,144.89576721191406,25.392297744750977,103.53909301757812,89.32940673828125,38.803245544433594,35.801849365234375,359.20001220703125,135.4862518310547,54.57283020019531,50.28715133666992,77.34651184082031,92.5082015991211,79.92276000976562,213.732666015625
2022-04-01,171.5305938720703,301.6169128417969,163.55999755859375,140.03671264648438,223.79527282714844,123.7428970336914,221.1875,26.66973876953125,373.4700012207031,78.26294708251953,44.96031188964844,108.19000244140624,114.62132263183594,50.32798385620117,190.7599945068359,56.77360916137695,13.273958206176758,41.77194595336914,137.25645446777344,166.80162048339844,74.65884399414062,51.92588424682617,156.68063354492188,58.82157897949219,97.4117660522461,649.0864868164062,172.56861877441406,79.8372802734375,116.66999816894533,69.30000305175781,186.9600067138672,169.5,35.97999954223633,37.52000045776367,120.9000015258789,173.07000732421875,48.93000030517578,24.809999465942383,37.38999938964844,127.0500030517578,54.2701301574707,106.42527770996094,140.97000122070312,53.618553161621094,42.650001525878906,90.9438247680664,46.02000045776367,13.829999923706056,227.8500061035156,148.7899932861328,123.5,246.2100067138672,101.85166931152344,234.80999755859375,454.4500122070313,153.5,108.62999725341795,118.0199966430664,305.75,210.73995971679688,548.6900024414062,237.92999267578125,104.40635681152344,219.1579132080078,473.6108093261719,345.8652038574219,458.19000244140625,78.07999420166016,139.48362731933594,44.9398078918457,37.74711608886719,46.40444564819336,304.7561340332031,79.96073913574219,14.926541328430176,42.239070892333984,127.87154388427734,43.2829475402832,62.90021133422851,4.025381088256836,5.059109210968018,8.57326602935791,20.436864852905273,45.36799240112305,32.0965576171875,77.14488220214844,190.7974548339844,279.572265625,551.8353271484375,48.28892135620117,193.15521240234375,74.91748809814453,146.13267517089844,25.772315979003903,104.49431610107422,89.84752655029297,39.16019058227539,36.47308349609375,361.5299987792969,135.32818603515625,55.890506744384766,51.32469177246094,76.96151733398438,92.26219940185548,79.27776336669922,217.37620544433594
2022-04-04,175.59474182128906,307.0268859863281,168.34649658203125,142.96533203125,232.7928466796875,124.29159545898438,222.5359649658203,27.316715240478516,391.5,80.22881317138672,45.97895050048828,110.52999877929688,114.7270278930664,50.51787185668945,191.17999267578125,56.4850959777832,13.28193187713623,41.98586654663086,143.62484741210938,167.37876892089844,76.11906433105469,52.92398452758789,155.86578369140625,59.5599250793457,99.30712127685548,661.8208618164062,173.12799072265625,81.22118377685547,121.86000061035156,72.72899627685547,191.6499938964844,174.7100067138672,36.5099983215332,38.959999084472656,127.20999908447266,177.02000427246094,53.31999969482422,27.399999618530273,39.34000015258789,136.1699981689453,53.34854507446289,113.47522735595705,153.8000030517578,57.44779586791992,49.29999923706055,93.08903503417967,50.02000045776367,14.630000114440918,229.02999877929688,160.4199981689453,126.9000015258789,252.11000061035156,104.68333435058594,241.22999572753903,458.6000061035156,156.55999755859375,112.27999877929688,124.27999877929688,317.17999267578125,217.29299926757812,574.8200073242188,243.0,106.15228271484376,220.73471069335935,494.86767578125,353.41357421875,468.80999755859375,78.34028625488281,142.2912139892578,44.70916366577149,37.68251037597656,46.82121658325195,302.9011535644531,78.77388000488281,15.051032066345217,42.514617919921875,129.6611328125,43.65497970581055,63.85469055175781,4.000584125518799,5.095571041107178,8.537205696105957,20.857831954956055,45.90719985961914,33.03420639038086,77.12614440917969,192.4188537597656,282.9894714355469,551.41357421875,48.29850769042969,196.7056427001953,74.95352172851562,146.26612854003906,25.72913360595703,104.9285125732422,89.82073211669922,39.0286865234375,36.6526985168457,381.8166809082031,136.88893127441406,55.582725524902344,51.74991607666016,77.5971908569336,91.7793426513672,79.52079772949219,218.45860290527344
2022-04-05,172.2686309814453,303.0400085449219,164.05499267578125,140.3980255126953,230.75245666503903,122.8451690673828,220.92364501953125,25.889976501464844,380.1499938964844,79.15045166015625,44.97900390625,106.81999969482422,113.51166534423828,49.99893951416016,182.6499938964844,55.30654525756836,12.612252235412598,40.274532318115234,135.82777404785156,162.3127899169922,73.12018585205078,49.77058410644531,151.5830078125,57.61509323120117,97.1369400024414,628.4104614257812,165.97950744628906,78.70338439941406,117.6500015258789,70.29199981689453,177.1699981689453,165.6699981689453,34.959999084472656,37.150001525878906,118.1999969482422,171.2100067138672,52.06999969482422,26.1299991607666,38.25,130.2100067138672,53.03822326660156,107.1978759765625,144.6199951171875,55.27909851074219,46.81999969482422,91.27603912353516,49.029998779296875,13.890000343322754,219.9600067138672,156.7899932861328,120.44000244140624,238.61000061035156,103.52333068847656,227.08999633789065,435.1199951171875,146.89999389648438,107.37000274658205,122.0199966430664,299.8599853515625,208.64495849609375,553.219970703125,239.72000122070312,104.57624053955078,223.38153076171875,485.4723510742187,348.9889831542969,458.5799865722656,76.54513549804688,139.92205810546875,44.39547348022461,37.04570007324219,45.7393684387207,298.9788513183594,78.35272216796875,14.870518684387209,42.773956298828125,129.04505920410156,43.682350158691406,63.18655014038086,4.000584125518799,5.031762599945068,8.600310325622559,20.07546615600586,45.23783874511719,32.457191467285156,73.90279388427734,193.1258850097656,282.32269287109375,551.595703125,48.43600845336914,197.0542907714844,74.56595611572266,145.36740112304688,25.651403427124023,102.32331085205078,87.58749389648438,38.00483322143555,35.48042297363281,363.7533264160156,133.9650421142578,53.591793060302734,49.72584915161133,76.916748046875,92.435302734375,79.18428039550781,210.0117645263672
2022-04-06,169.09011840820312,291.947021484375,158.75599670410156,136.5293426513672,222.2525177001953,121.14079284667967,214.0054168701172,24.368385314941406,368.3500061035156,78.36792755126953,44.42763137817383,103.66999816894533,113.95201110839844,49.49822616577149,178.72000122070312,55.189910888671875,12.269442558288574,38.40763092041016,130.05699157714844,162.3769073486328,72.3067626953125,49.23003005981445,151.86727905273438,56.47802734375,95.8860092163086,610.961669921875,164.98402404785156,76.8730697631836,112.48999786376952,65.65799713134766,166.83999633789062,153.36000061035156,33.40999984741211,36.08000183105469,113.5999984741211,164.66000366210938,49.20000076293945,24.440000534057617,36.470001220703125,125.47000122070312,50.89411163330078,103.99159240722656,140.0,53.60040283203125,45.290000915527344,90.01361083984375,45.88999938964844,13.0,211.22000122070312,150.10000610351562,109.62999725341795,226.07000732421875,101.13333129882812,212.08999633789065,421.8900146484375,137.27000427246094,102.6999969482422,116.08999633789062,286.9599914550781,199.3912811279297,527.9500122070312,230.13999938964844,103.53811645507812,223.1844024658203,479.7569274902344,330.1673583984375,444.3299865722656,74.6153564453125,135.89828491210938,44.18327713012695,36.63962173461914,44.80826187133789,291.87261962890625,77.4051513671875,14.957667350769045,43.11433029174805,130.75637817382812,43.55460357666016,62.80475997924805,4.074974536895752,4.931491851806641,8.519174575805664,19.7319393157959,43.80614471435547,31.474458694458008,70.69817352294922,189.14781188964844,276.4699401855469,560.6751708984375,49.56161117553711,198.10935974121097,75.39517211914062,146.65769958496094,25.556394577026367,102.86172485351562,87.13190460205078,38.30540466308594,35.31025695800781,348.586669921875,130.9522705078125,53.957279205322266,49.615291595458984,76.7108383178711,94.11164093017578,79.98818969726562,204.37730407714844
2022-04-07,169.3951873779297,293.7698669433594,157.7845001220703,135.82168579101562,221.90415954589844,120.7722625732422,211.21078491210935,24.16970443725586,362.1499938964844,78.11882781982422,44.446319580078125,103.72000122070312,113.21224212646484,49.73492813110352,177.97000122070312,54.91368103027344,11.926631927490234,37.649208068847656,130.00099182128906,162.69757080078125,71.81674194335938,49.74094009399414,152.7863311767578,56.57653045654297,95.26052856445312,607.8411865234375,163.94114685058594,77.25699615478516,113.04000091552734,64.39700317382812,166.19000244140625,152.5800018310547,32.27000045776367,34.61000061035156,110.91000366210938,165.91000366210938,48.5,23.56999969482422,36.25,120.9499969482422,51.13861846923828,100.69840240478516,135.7100067138672,51.81281280517578,42.369998931884766,88.24806213378906,44.72999954223633,12.84000015258789,217.02999877929688,147.57000732421875,112.36000061035156,231.9600067138672,102.74500274658205,213.8800048828125,428.489990234375,137.24000549316406,102.72000122070312,114.31999969482422,292.9700012207031,198.73597717285156,529.780029296875,233.25,103.03793334960938,223.85079956054688,484.4545593261719,323.2890930175781,452.7200012207031,74.6153564453125,135.24191284179688,44.04488754272461,36.353515625,44.36487579345703,289.92535400390625,76.60113525390625,14.770925521850586,43.204559326171875,130.33587646484375,43.02534103393555,62.61386489868164,4.091506004333496,4.95883846282959,8.645384788513184,19.499610900878903,44.3360595703125,36.11764907836914,69.96730041503906,191.02371215820312,280.36865234375,582.97607421875,50.05725860595703,209.34779357910156,76.65702056884766,148.69544982910156,25.78959083557129,104.74615478515624,89.29370880126953,38.48387908935547,35.68840789794922,352.4200134277344,130.26080322265625,55.476932525634766,51.22263717651367,74.38301086425781,94.13898468017578,80.24992370605469,204.74456787109375
2022-04-08,167.37789916992188,289.48089599609375,154.4604949951172,133.37875366210938,221.28707885742188,122.98339080810548,212.02182006835935,23.082422256469727,355.8800048828125,77.54399108886719,43.94166946411133,101.0,112.49007415771484,49.41628646850586,175.1999969482422,55.085567474365234,11.998384475708008,38.26178359985352,127.63849639892578,159.50039672851562,70.79611206054688,48.58472442626953,150.4081268310547,55.07076644897461,94.09489440917967,593.8723754882812,158.80259704589844,75.92666625976562,111.20999908447266,60.31800079345703,160.94000244140625,146.4199981689453,32.04999923706055,33.59000015258789,106.41999816894533,162.55999755859375,47.68000030517578,23.549999237060547,35.66999816894531,116.58000183105467,51.749874114990234,99.9837417602539,134.75999450683594,51.30466842651367,42.599998474121094,88.31450653076172,43.099998474121094,12.699999809265137,218.2100067138672,142.86000061035156,109.7699966430664,226.7899932861328,101.37166595458984,208.33999633789065,416.8800048828125,134.2899932861328,101.9499969482422,110.9000015258789,272.0199890136719,195.76724243164065,515.5999755859375,228.77000427246097,102.3678741455078,223.1093292236328,473.194091796875,318.9728698730469,445.3399963378906,75.4500961303711,132.65328979492188,44.958255767822266,36.611934661865234,45.118629455566406,296.6070556640625,78.19001770019531,15.026134490966797,43.910003662109375,129.90560913085938,43.27172088623047,62.04117202758789,4.10803747177124,4.895030498504639,8.708490371704102,19.513511657714844,44.05715560913086,34.828372955322266,70.2015609741211,194.81326293945312,288.1106262207031,575.2962646484375,50.3354606628418,214.0725860595703,78.27037048339844,151.2137451171875,26.316436767578125,110.18231964111328,92.0539779663086,39.967994689941406,37.7588005065918,341.8299865722656,130.26080322265625,59.43955993652344,53.0426025390625,75.43052673339844,94.03875732421876,81.23143005371094,203.92308044433594
2022-04-11,163.10708618164062,278.06622314453125,151.1219940185547,129.1846160888672,215.44461059570312,122.5319366455078,209.8427734375,21.88232421875,348.0,76.41350555419922,43.52113342285156,97.37000274658205,111.29234313964844,48.14173126220703,175.02999877929688,55.042598724365234,12.181747436523438,39.21467971801758,126.3965835571289,157.51248168945312,70.68816375732422,47.01543426513672,146.76019287109375,54.47126770019531,92.4648895263672,581.0507202148438,156.9253692626953,75.4623794555664,109.80999755859376,61.737998962402344,153.8699951171875,145.30999755859375,32.040000915527344,33.31999969482422,104.72000122070312,160.25,48.970001220703125,23.25,34.400001525878906,117.22000122070312,51.618221282958984,98.0715789794922,133.0500030517578,51.56781768798828,42.220001220703125,90.1844482421875,44.02000045776367,12.65999984741211,216.6000061035156,144.92999267578125,109.63999938964844,224.32000732421875,101.81666564941406,208.52999877929688,410.1000061035156,135.08999633789062,101.70999908447266,109.0500030517578,271.6300048828125,194.0594787597656,511.4200134277344,227.2100067138672,101.50907135009766,216.77391052246097,463.8838806152344,312.11431884765625,434.44000244140625,75.41421508789062,128.2105255126953,45.51182556152344,36.5380973815918,44.82600402832031,296.0256652832031,78.084716796875,16.177757263183594,44.21352005004883,127.53907012939452,43.445098876953125,62.327518463134766,4.1493659019470215,4.822105884552002,8.42902660369873,18.433290481567383,43.648101806640625,34.43167495727539,71.51338958740234,192.86192321777344,284.0451965332031,560.5601196289062,49.3377685546875,210.37535095214844,75.57544708251953,147.3250732421875,25.88459587097168,105.37139129638672,87.52496337890625,38.82203674316406,36.92686080932617,325.30999755859375,129.05567932128906,55.707763671875,51.052547454833984,73.8547592163086,91.92511749267578,79.34319305419922,199.0907745361328
2022-04-12,164.98666381835938,274.94683837890625,150.78750610351562,127.76931762695312,213.135498046875,121.18685913085938,206.56932067871097,21.4699764251709,344.1000061035156,76.00154113769531,43.45571517944336,95.0999984741211,110.9488754272461,47.17671203613281,176.27999877929688,55.24516296386719,12.245526313781738,38.93269348144531,127.0782241821289,158.48353576660156,70.61946868896484,46.14975357055664,147.33815002441406,54.88969802856445,92.3416976928711,577.4152221679688,157.59848022460938,74.23920440673828,108.25,59.10599899291992,149.85000610351562,144.83999633789062,31.989999771118164,33.45000076293945,104.41999816894533,160.11000061035156,47.349998474121094,22.68000030517578,33.56999969482422,112.9499969482422,51.00696563720703,96.33322143554688,130.99000549316406,51.250221252441406,41.470001220703125,87.55514526367188,43.0,12.460000038146973,223.5099945068359,143.36000061035156,113.91999816894533,223.0,101.9816665649414,210.94000244140625,414.0700073242187,135.5,98.76000213623048,106.58000183105467,268.32000732421875,193.42401123046875,510.2099914550781,225.97000122070312,99.4894561767578,216.8677673339844,452.39801025390625,312.8238830566406,426.7699890136719,75.33342742919922,127.1068115234375,44.67225646972656,36.15047836303711,44.63977813720703,295.12115478515625,76.63941192626953,16.12006950378418,44.02484893798828,128.53652954101562,43.1165885925293,62.23206329345703,4.248554229736328,4.721834659576416,8.383951187133789,18.036149978637695,43.78754806518555,34.16119384765625,71.69142150878906,192.437744140625,283.64703369140625,557.3865966796875,48.998809814453125,212.23768615722656,77.15274047851562,150.39508056640625,26.376895904541016,108.17633056640624,89.32940673828125,39.0098991394043,37.37119674682617,328.98333740234375,129.2433624267578,56.88116836547851,52.94905471801758,73.38919830322266,91.82489013671876,80.20317077636719,198.1436309814453
2022-04-13,167.6829071044922,280.36663818359375,155.54100036621094,129.67181396484375,213.98150634765625,117.28057861328124,208.3966064453125,22.167869567871097,350.42999267578125,76.4039306640625,43.93232345581055,97.73999786376952,111.08977508544922,47.477149963378906,182.8699951171875,55.70553970336914,12.3651123046875,39.10771942138672,131.1962127685547,160.41647338867188,71.0316390991211,46.70415115356445,149.82064819335938,55.59051513671875,96.18927764892578,595.6513671875,162.14926147460938,75.08738708496094,105.16999816894533,60.47800064086914,154.7899932861328,145.9600067138672,32.630001068115234,34.79999923706055,110.76000213623048,171.85000610351562,48.75,22.950000762939453,34.68000030517578,117.47000122070312,51.83451461791992,96.60363006591795,134.6699981689453,52.88355255126953,43.90999984741211,90.82991027832033,44.970001220703125,12.899999618530272,239.86000061035156,150.25,121.62999725341795,241.22999572753903,104.83499908447266,214.41000366210935,435.239990234375,142.8699951171875,104.55999755859376,114.88999938964844,280.3299865722656,194.3275451660156,526.0700073242188,228.66000366210935,99.9613265991211,219.3831787109375,461.0221862792969,320.34259033203125,431.6700134277344,75.51293182373047,129.2759246826172,44.78296661376953,35.827457427978516,44.47129440307617,297.1423034667969,80.23831176757812,16.23543930053711,44.41038513183594,131.87120056152344,43.71885681152344,62.327518463134766,4.413866996765137,4.785644054412842,8.438039779663086,18.226776123046875,43.982784271240234,34.20627212524414,73.0594711303711,193.72918701171875,287.4716491699219,566.7153930664062,50.27470397949219,214.5129547119141,78.24333190917969,152.7621307373047,26.955562591552734,107.9491729736328,89.5348892211914,39.986785888671875,37.995147705078125,340.7900085449219,130.73495483398438,57.34283828735352,54.21623229980469,74.43671417236328,94.69471740722656,81.87641906738281,205.37277221679688
2022-04-14,162.6544189453125,272.7731018066406,151.7064971923828,126.65310668945312,209.1940460205078,116.19345092773438,207.9275665283203,21.224365234375,341.1300048828125,76.11650085449219,42.680049896240234,93.05999755859376,111.4596710205078,46.58494567871094,181.94000244140625,55.754642486572266,12.341193199157717,39.02021408081055,127.84396362304688,159.08816528320312,68.82356262207031,45.07853317260742,148.28567504882812,53.837066650390625,93.21354675292967,581.1770629882812,161.17276000976562,72.68566131591797,102.30999755859376,57.95100021362305,147.2899932861328,137.08999633789062,32.68000030517578,35.540000915527344,109.30999755859376,170.6999969482422,48.40999984741211,22.15999984741211,33.189998626708984,115.79000091552734,50.92232131958008,92.2191390991211,129.55999755859375,51.32281494140625,40.029998779296875,90.23190307617188,42.36000061035156,12.420000076293944,235.22000122070312,143.57000732421875,113.9800033569336,230.83999633789065,104.4633331298828,198.6300048828125,416.5,136.0399932861328,99.52999877929688,110.30999755859376,265.3500061035156,188.0624542236328,507.3299865722656,224.6699981689453,98.04552459716795,215.12205505371097,455.81829833984375,314.70599365234375,420.44000244140625,76.07839965820312,126.1269989013672,42.76247024536133,34.6738166809082,45.162967681884766,296.83770751953125,79.20459747314453,16.335758209228516,44.156097412109375,130.02296447753906,43.417728424072266,61.65938186645508,4.430398464202881,4.658026695251465,7.653735160827637,17.700563430786133,43.63880157470703,33.78252410888672,71.93504333496094,189.7416534423828,282.0078125,566.044189453125,50.22993087768555,217.61383056640625,79.16268157958984,152.69094848632812,27.024658203125,107.40750885009766,90.5532455444336,40.62552261352539,38.53401565551758,328.3333435058594,128.87789916992188,57.07353210449219,53.204193115234375,74.17707061767578,95.53289031982422,81.5118637084961,203.81675720214844
2022-04-18,162.43797302246094,273.4456481933594,152.78500366210938,127.35777282714844,209.7812957763672,118.34928131103516,208.2989044189453,21.748537063598633,337.8599853515625,74.93812561035156,43.586551666259766,93.88999938964844,111.11620330810548,46.53032684326172,179.85000610351562,55.490692138671875,12.492670059204102,39.506385803222656,130.09437561035156,161.74481201171875,69.82456970214844,46.50057601928711,151.9241180419922,55.02385711669922,93.60208892822266,588.6718139648438,164.25399780273438,73.48921203613281,100.58000183105467,58.099998474121094,145.16000366210938,131.61000061035156,31.790000915527344,34.61000061035156,103.0999984741211,165.74000549316406,46.220001220703125,21.829999923706055,32.63999938964844,110.47000122070312,51.307891845703125,91.4658660888672,126.7300033569336,52.175777435302734,40.0099983215332,88.73214721679688,40.849998474121094,12.149999618530272,224.9900054931641,139.7100067138672,108.1500015258789,223.57000732421875,102.96499633789062,192.38999938964844,401.1499938964844,131.11000061035156,96.31999969482422,105.73999786376952,259.1199951171875,185.6795196533203,497.5299987792969,219.5,98.35696411132812,213.244873046875,459.6697998046875,303.9549865722656,425.4700012207031,77.62223052978516,127.06898498535156,43.519004821777344,35.85514450073242,46.38671112060547,304.4423522949219,71.72920989990234,16.268878936767578,43.795166015625,127.87154388427734,42.760711669921875,59.75041961669922,4.405601978302002,4.648910999298096,7.644720077514648,17.569507598876953,44.103641510009766,34.648048400878906,71.23228454589844,187.139892578125,278.0164489746094,558.1153564453125,49.84621047973633,219.62298583984375,79.81163024902344,154.73764038085938,26.990110397338867,107.73948669433594,92.42916107177734,41.0294303894043,39.365970611572266,334.7633361816406,126.21083068847656,59.02598571777344,54.03763961791992,78.0359115600586,100.5345458984375,84.23204803466797,202.6376495361328
2022-04-19,164.7307891845703,278.1051330566406,158.11549377441406,129.91566467285156,216.2906036376953,120.79991149902344,210.77105712890625,22.16288185119629,348.6099853515625,76.22188568115234,44.79209899902344,96.93000030517578,113.74066162109376,47.185821533203125,185.97999572753903,56.41144561767578,12.875340461730955,40.916282653808594,131.7097930908203,164.03506469726562,71.37512969970703,47.35439682006836,153.80018615722656,56.067100524902344,94.24652862548828,599.9187622070312,169.3735809326172,75.11418151855469,103.66000366210938,60.5629997253418,151.27000427246094,145.1699981689453,33.79999923706055,36.310001373291016,106.51000213623048,170.1199951171875,48.34000015258789,22.719999313354492,33.630001068115234,115.29000091552734,51.88153076171875,90.29730987548828,126.61000061035156,51.622257232666016,39.79999923706055,88.89352416992188,42.0,12.90999984741211,228.66000366210935,149.0500030517578,111.1500015258789,228.7899932861328,104.76000213623048,197.42999267578125,416.0,137.27999877929688,102.02999877929688,111.18000030517578,273.8999938964844,190.0283660888672,514.4000244140625,224.6199951171875,99.319580078125,215.4974670410156,475.3795471191406,314.3216857910156,436.3999938964844,79.80335235595703,129.39041137695312,44.1279296875,36.51963806152344,46.92762756347656,310.0442810058594,73.60523223876953,16.29395866394043,44.09047317504883,129.90560913085938,43.9013671875,61.18214416503906,4.389070510864258,4.7400665283203125,7.69881010055542,17.736309051513672,44.92748260498047,34.882469177246094,74.53997039794922,192.1752014160156,285.04534912109375,569.7930297851562,50.412208557128906,225.7330780029297,79.0995864868164,152.90451049804688,27.12829971313477,106.37657928466795,90.72295379638672,40.79459762573242,39.05398941040039,342.7166748046875,130.29042053222656,58.07380676269531,53.578392028808594,80.17572021484375,98.15670776367188,84.54051208496094,210.83326721191406
2022-04-20,164.56349182128906,279.1383972167969,153.9980010986328,127.64093780517578,199.47984313964844,121.22372436523438,212.81333923339844,21.448013305664062,226.19000244140625,76.92127990722656,44.96031188964844,94.0199966430664,121.81653594970705,48.26919174194336,183.5500030517578,56.104530334472656,12.795618057250977,40.56624603271485,131.04681396484375,164.3648223876953,71.83635711669922,47.57773208618164,152.90953063964844,56.07648468017578,93.8295440673828,616.2107543945312,169.50631713867188,76.56949615478516,94.9000015258789,52.5,147.1300048828125,130.36000061035156,33.209999084472656,35.70000076293945,100.13999938964844,164.5500030517578,45.2599983215332,21.040000915527344,30.760000228881836,107.41000366210938,51.59001159667969,86.347412109375,122.30999755859376,48.77301406860352,37.310001373291016,84.45122528076172,36.75,12.789999961853027,222.4900054931641,144.75999450683594,103.6999969482422,221.7100067138672,104.36166381835938,185.97999572753903,407.010009765625,131.6199951171875,92.73999786376952,103.6999969482422,265.80999755859375,184.9050750732422,505.2200012207031,220.13999938964844,100.86731719970705,218.3319549560547,472.3218994140625,307.354736328125,428.1099853515625,81.3292236328125,127.43075561523438,44.88445663452149,36.60269546508789,47.08725357055664,314.76031494140625,73.17451477050781,16.243797302246094,44.631858825683594,129.76869201660156,43.25347137451172,61.18214416503906,4.364273548126221,4.858567237854004,7.906155586242676,17.686662673950195,45.8730354309082,35.50456619262695,74.78358459472656,197.57020568847656,291.8428039550781,578.6423950195312,51.04535675048828,228.7330780029297,79.27984619140625,153.5273895263672,27.119665145874023,107.1890869140625,91.71451568603516,40.090118408203125,37.437374114990234,325.73333740234375,123.04988861083984,59.12217712402344,54.9476203918457,79.56688690185547,98.45735168457033,85.0452880859375,209.90545654296875
2022-04-21,163.76638793945312,273.7283630371094,148.29600524902344,124.34852600097656,187.1877899169922,120.28397369384766,211.50393676757812,20.15106773376465,218.22000122070312,76.14525604248047,44.39024353027344,89.8499984741211,123.1640167236328,48.05070114135742,181.02000427246097,56.30094909667969,12.51658535003662,39.58416366577149,127.09691619873048,162.35858154296875,69.59884643554688,46.39780044555664,150.3796844482422,55.60833740234375,92.55020904541016,602.6697387695312,165.77093505859375,75.22132873535156,89.4000015258789,48.099998474121094,137.32000732421875,124.83999633789062,31.68000030517578,34.11000061035156,91.9499969482422,157.91000366210938,43.41999816894531,20.229999542236328,29.420000076293945,101.79000091552734,51.50537109375,83.04454803466797,115.97000122070312,46.00542068481445,34.75,81.34729766845703,34.61000061035156,12.329999923706056,209.8500061035156,138.77000427246094,98.48999786376952,211.47000122070312,98.66666412353516,175.13999938964844,377.8699951171875,121.81999969482422,87.41999816894531,100.9499969482422,253.82000732421875,175.96908569335938,491.6700134277344,212.4499969482422,100.35769653320312,216.0418243408203,456.3475036621094,299.46142578125,417.4800109863281,79.80335235595703,124.2206039428711,44.081790924072266,35.910518646240234,46.67047500610352,308.52154541015625,70.13077545166016,16.895889282226562,45.1240348815918,129.1819610595703,42.833709716796875,60.60945510864258,4.256819248199463,4.8038740158081055,7.68078088760376,17.50398063659668,45.13343811035156,34.52183151245117,74.04334259033203,194.0587158203125,287.4161071777344,567.3386840820312,51.12209701538086,227.67800903320312,78.44161987304688,146.45303344726562,26.610090255737305,104.39338684082033,88.14131927490234,38.18329620361328,36.822879791259766,336.260009765625,120.1753921508789,56.93887710571289,52.00505447387695,76.95256042480469,95.57843017578124,82.95140075683594,200.28921508789062
2022-04-22,159.21023559570312,267.119384765625,144.35000610351562,119.05011749267578,183.24636840820312,116.82913970947266,203.4131317138672,19.4841251373291,215.52000427246097,73.01244354248047,43.49309921264648,88.13999938964844,121.75491333007812,46.75792694091797,176.9199981689453,54.67429733276367,12.06216049194336,38.73823165893555,124.01543426513672,158.7675323486328,68.11697387695312,45.76731491088867,147.10128784179688,55.06607437133789,90.67377471923828,590.6451416015625,161.88377380371094,73.58743286132812,86.02999877929688,45.99700164794922,131.52000427246094,122.77999877929688,30.829999923706055,33.15999984741211,89.0,156.08999633789062,42.86000061035156,19.59000015258789,29.760000228881836,98.41000366210938,50.00074005126953,83.52742767333984,114.56999969482422,47.221343994140625,34.72999954223633,81.49917602539062,34.349998474121094,11.960000038146973,205.6199951171875,136.3300018310547,95.22000122070312,206.47000122070312,95.26333618164062,173.8000030517578,371.0400085449219,118.4000015258789,86.33000183105469,100.16999816894533,245.2899932861328,170.21035766601562,471.3999938964844,206.1300048828125,98.00777435302734,209.79090881347656,434.4342041015625,291.6568603515625,408.6700134277344,76.06045532226562,119.06625366210938,42.75325775146485,34.664588928222656,45.42900466918945,295.1119689941406,67.3071517944336,16.319042205810547,42.58114242553711,125.78860473632812,41.41017532348633,59.65497589111328,4.256819248199463,4.685372829437256,7.689795017242432,16.99762725830078,43.87895584106445,33.16944885253906,72.1318130493164,186.51519775390625,277.9238586425781,548.125,50.15958404541016,221.7239227294922,76.72911834716797,143.22280883789062,25.806865692138672,101.44915771484376,85.76518249511719,39.122615814208984,35.63167953491211,335.01666259765625,116.8267593383789,54.45741271972656,49.38567352294922,74.8664779663086,93.88387298583984,81.39968872070312,193.9105682373047
2022-04-25,160.28286743164062,273.64068603515625,146.07400512695312,122.66897583007812,186.11285400390625,116.7922821044922,205.1524658203125,19.870512008666992,209.91000366210935,73.75016021728516,43.97905349731445,90.69000244140624,122.50349426269533,47.28595733642578,175.91000366210938,55.171504974365234,12.190567016601562,38.71878433227539,127.51710510253906,159.31719970703125,68.81375885009766,47.08065414428711,150.5786590576172,55.1533203125,91.2044906616211,583.0726318359375,163.8652801513672,73.69457244873047,87.77999877929688,45.92100143432617,135.13999938964844,128.07000732421875,32.439998626708984,33.90999984741211,91.25,158.38999938964844,43.939998626708984,20.0,29.90999984741211,102.05999755859376,50.43331527709961,82.89968872070312,116.56999969482422,48.74578475952149,35.599998474121094,83.88169860839844,34.61000061035156,12.109999656677246,214.5800018310547,138.39999389648438,98.70999908447266,216.7899932861328,99.95500183105467,186.94000244140625,381.739990234375,121.68000030517578,89.94999694824219,102.44000244140624,253.6300048828125,173.32801818847656,472.2699890136719,209.1300048828125,97.89453125,213.11346435546875,438.0014953613281,299.0376892089844,413.9500122070313,76.33869934082031,122.48839569091795,42.28272247314453,34.415401458740234,45.34032440185547,296.63470458984375,67.29759979248047,16.31067657470703,41.24406814575195,125.9646224975586,41.711307525634766,58.891387939453125,4.265085220336914,4.749181747436523,7.635705947875977,17.390796661376953,44.2534294128418,33.35878372192383,74.95193481445312,189.65757751464844,282.3968505859375,544.7789306640625,50.18516159057617,221.70556640625,74.14234924316406,140.1439208984375,24.813627243041992,97.64873504638672,81.87935638427734,36.34223556518555,33.400569915771484,332.67333984375,118.48625946044922,52.82234573364258,47.7783203125,72.53865051269531,91.9068832397461,78.76364135742188,191.80369567871094
2022-04-26,154.29981994628906,263.40545654296875,139.39100646972656,118.942626953125,180.10118103027344,113.33744049072266,196.50473022460935,18.758275985717773,198.3999938964844,71.38378143310547,42.53987121582031,85.16000366210938,119.94068145751952,46.33914566040039,167.0399932861328,49.468971252441406,11.805350303649902,36.98801040649414,124.65972137451172,154.30616760253906,65.83037567138672,45.18327713012695,144.78936767578125,52.54425811767578,87.91605377197266,544.7824096679688,159.03958129882812,70.74822235107422,83.69999694824219,42.80899810791016,127.1500015258789,120.0500030517578,31.329999923706055,32.45000076293945,84.26000213623047,153.0399932861328,40.0,19.219999313354492,28.690000534057617,100.11000061035156,49.93491744995117,81.11305236816406,111.93000030517578,48.28300857543945,34.84000015258789,83.03690338134766,31.760000228881836,11.119999885559082,201.3999938964844,129.69000244140625,90.73999786376952,207.30999755859375,96.79833221435548,178.75999450683594,352.75,119.3499984741211,84.38999938964844,98.36000061035156,242.97999572753903,168.86996459960938,456.0,201.8999938964844,94.17618560791016,208.62705993652344,412.9324951171875,280.6496276855469,399.1199951171875,73.9332046508789,118.08544158935548,41.12947845458984,33.640159606933594,44.542232513427734,288.9747619628906,65.60343170166016,16.135116577148438,40.53042984008789,122.19966888427734,40.67103958129883,57.74601364135742,4.124568462371826,4.639795303344727,7.428359985351563,16.727569580078125,43.54193115234375,32.763736724853516,72.71090698242188,188.90982055664065,277.784912109375,530.9248046875,49.66073989868164,216.9716339111328,74.16938018798828,139.28964233398438,24.485427856445312,97.49148559570312,81.57562255859375,37.14065170288086,33.20204162597656,292.1400146484375,114.3572769165039,52.72616958618164,47.965423583984375,73.3086166381836,95.78797149658205,79.89472198486328,181.4625244140625
2022-04-27,154.073486328125,276.0776062011719,138.16700744628906,114.47827911376952,174.1293182373047,111.86336517333984,209.21742248535156,18.385866165161133,188.5399932861328,71.62328338623047,42.25951385498047,84.91000366210938,118.9455108642578,44.891624450683594,154.4600067138672,48.0080451965332,11.917704582214355,37.590858459472656,126.1537857055664,155.1764678955078,65.23174285888672,45.13979721069336,143.75657653808594,52.494537353515625,85.53736877441406,541.3316040039062,161.893310546875,72.89996337890625,82.61000061035156,41.619998931884766,122.5500030517578,118.37999725341795,30.68000030517578,32.22999954223633,82.22000122070312,152.22999572753906,39.27000045776367,18.670000076293945,27.09000015258789,97.5500030517578,48.9569091796875,85.29473876953125,118.5199966430664,52.10318374633789,37.41999816894531,84.53665161132812,30.36000061035156,10.5600004196167,201.05999755859375,127.05999755859376,90.58999633789062,204.7599945068359,96.47000122070312,174.9499969482422,359.9800109863281,120.44000244140624,82.70999908447266,97.62000274658205,243.66000366210935,173.43722534179688,466.2900085449219,206.72000122070312,93.93080139160156,213.99574279785156,409.8944396972656,278.1959228515625,397.8999938964844,73.78958892822266,113.75067138671876,41.12947845458984,33.455570220947266,43.98356628417969,289.0762634277344,65.64170837402344,15.942831039428713,39.75114822387695,126.97187042236328,40.56153106689453,56.9824333190918,4.050177574157715,4.5942182540893555,7.374270439147949,16.96784019470215,43.579383850097656,32.8629035949707,71.3644027709961,188.8909149169922,279.3037109375,531.231689453125,49.321781158447266,211.8982696533203,76.28748321533203,139.0315704345703,24.70134735107422,98.55735778808594,83.12995910644531,37.52577590942383,33.97725296020508,293.836669921875,113.80410766601562,53.46676254272461,49.38567352294922,74.32032775878906,99.76927947998048,81.55859375,185.78262329101562
2022-04-28,161.0307159423828,282.3259582519531,144.59649658203125,118.84857177734376,204.76495361328125,113.63224792480467,215.6177215576172,19.750701904296875,199.52000427246097,72.94538879394531,43.773460388183594,89.63999938964844,119.54438018798828,46.09334945678711,154.22000122070312,47.71339797973633,11.733120918273926,37.678375244140625,138.37701416015625,161.0944061279297,68.87262725830078,47.87814712524414,152.0283203125,54.31460189819336,90.23784637451172,574.0516967773438,168.04629516601562,73.3642349243164,92.08999633789062,44.327999114990234,122.69000244140624,118.91999816894533,32.81999969482422,33.560001373291016,87.38999938964844,159.74000549316406,41.060001373291016,21.200000762939453,28.809999465942383,101.87999725341795,50.56497573852539,87.79602813720703,120.5500030517578,52.45707321166992,37.95000076293945,86.65338134765625,32.11000061035156,10.949999809265137,207.05999755859375,131.6999969482422,95.25,213.58999633789065,98.1233367919922,185.7100067138672,377.6499938964844,128.47000122070312,85.37000274658203,102.55999755859376,259.9800109863281,184.4185791015625,504.0199890136719,215.4600067138672,96.9319076538086,215.57257080078125,435.6983947753906,291.0360412597656,410.5299987792969,75.50056457519531,117.9585418701172,41.673805236816406,33.9724006652832,44.35601043701172,293.8568420410156,66.15858459472656,16.23543930053711,39.701934814453125,129.36773681640625,38.05210494995117,60.227664947509766,4.074974536895752,4.46660041809082,7.293135643005371,17.335195541381836,45.04918670654297,33.8817024230957,74.00090026855469,194.1628265380859,288.712646484375,539.7015380859375,49.95174026489258,216.8707275390625,78.5948486328125,143.9702911376953,25.349109649658203,102.89068603515624,87.14086151123047,37.67607498168945,34.71466064453125,292.5033264160156,113.88312530517578,54.85175323486328,50.93349075317383,78.08065032958984,105.25381469726562,83.83942413330078,188.7109832763672
2022-04-29,155.13626098632812,270.5213317871094,124.28150177001952,114.42453002929688,199.52963256835935,109.96550750732422,208.2598114013672,18.517656326293945,190.36000061035156,70.32035064697266,40.736228942871094,85.5199966430664,116.435546875,44.59119415283203,148.83999633789062,45.76141357421875,11.36395263671875,36.86159896850586,130.4398651123047,155.9642791748047,66.9197006225586,46.027217864990234,146.2769775390625,52.01137924194336,88.06767272949219,548.0291748046875,162.0260009765625,73.24816131591797,87.93000030517578,42.68199920654297,112.70999908447266,111.81999969482422,31.479999542236328,32.599998474121094,81.43000030517578,153.2100067138672,39.81999969482422,20.520000457763672,28.459999084472656,93.19000244140624,48.825252532958984,93.76433563232422,124.16999816894533,55.95058059692383,43.09000015258789,90.48818969726562,30.649999618530273,10.399999618530272,198.7599945068359,119.30999755859376,86.13999938964844,202.7400054931641,93.54666900634766,171.44000244140625,354.92999267578125,120.77999877929688,81.0,99.56999969482422,224.8300018310547,174.68829345703125,478.1000061035156,206.6999969482422,95.12936401367188,204.77891540527344,410.3844604492187,277.3681640625,395.9500122070313,72.95672607421875,113.56654357910156,40.25300598144531,32.92951202392578,43.19134140014648,281.9331359863281,63.48811340332031,15.767271041870115,37.97932815551758,120.41988372802734,36.28181838989258,57.268775939941406,3.9509897232055664,4.5942182540893555,7.17594051361084,17.08698272705078,44.010013580322266,33.02519607543945,72.02354431152344,187.1493225097656,278.1923522949219,510.6228637695313,48.922061920166016,209.7698211669922,76.83728790283203,139.4142303466797,24.804990768432617,102.00831604003906,85.32745361328125,36.642818450927734,33.67472839355469,290.2533264160156,110.26778411865234,52.9858512878418,49.470706939697266,77.67777252197266,101.56404113769533,81.56795501708984,186.3625030517578
2022-05-02,155.44131469726562,277.29608154296875,124.5,116.60469818115234,210.13961791992188,110.96971130371094,206.6963653564453,19.50209617614746,199.4600067138672,70.8951644897461,42.01653289794922,89.83999633789062,117.16651153564452,45.392337799072266,148.61000061035156,46.375244140625,11.452232360839844,37.38667297363281,135.65037536621094,159.399658203125,69.2848129272461,47.36723709106445,149.8490753173828,54.07160949707031,88.85424041748047,555.1448364257812,167.80931091308594,73.61421966552734,91.52999877929688,45.29800033569336,121.33999633789062,118.02999877929688,30.38999938964844,31.5,82.26000213623047,152.77999877929688,40.959999084472656,22.15999984741211,29.520000457763672,97.06999969482422,49.981929779052734,97.74321746826172,127.86000061035156,57.50224304199219,44.65999984741211,89.50101470947266,32.68000030517578,10.739999771118164,203.6499938964844,123.97000122070312,89.91000366210938,208.22999572753903,95.3249969482422,177.75999450683594,359.5899963378906,120.1999969482422,85.83000183105469,104.79000091552734,235.27999877929688,176.30667114257812,484.5,208.41000366210935,96.64878845214844,205.848876953125,418.4794921875,288.4541931152344,407.2900085449219,74.19696807861328,116.0282745361328,40.28990936279297,33.35404968261719,43.6392936706543,286.48297119140625,64.98126983642578,15.98463535308838,37.92190933227539,123.60787200927734,36.91145706176758,57.555118560791016,3.9509897232055664,4.695823669433594,7.275104999542236,17.09691047668457,44.46875,33.41287612915039,73.33235931396484,192.26986694335935,284.2767333984375,507.9628601074219,48.599090576171875,210.80653381347656,77.88280487060547,142.155029296875,24.92590713500977,101.61515808105467,85.68476867675781,36.73674774169922,33.996158599853516,300.9800109863281,112.11497497558594,56.07324981689453,49.62378692626953,79.84445190429688,106.2286376953125,83.306640625,184.99978637695312
2022-05-03,156.93707275390625,274.6739196777344,124.25350189208984,117.57262420654295,211.0353851318359,113.3466567993164,203.7942352294922,19.57099151611328,199.8699951171875,70.2149658203125,42.1099853515625,91.12999725341795,116.70856475830078,45.446964263916016,153.5800018310547,47.67044448852539,11.68496799468994,38.83546447753906,134.70721435546875,158.06214904785156,69.93250274658203,47.96709060668945,150.53131103515625,54.5238151550293,88.73102569580078,558.846435546875,168.82374572753906,74.89990234375,90.70999908447266,46.52000045776367,123.55999755859376,112.3000030517578,29.469999313354492,30.760000228881836,79.18000030517578,145.0,43.849998474121094,22.38999938964844,28.93000030517578,100.52999877929688,50.273460388183594,96.94164276123048,127.56999969482422,56.41335678100586,43.90999984741211,91.07671356201172,33.099998474121094,10.550000190734863,199.3999938964844,117.72000122070312,89.68000030517578,204.6999969482422,92.98999786376952,176.4199981689453,343.7200012207031,114.88999938964844,83.94000244140625,103.52999877929688,223.5399932861328,177.09104919433594,481.8599853515625,201.3000030517578,94.37435913085938,207.93251037597656,422.2330017089844,284.25628662109375,407.5799865722656,75.81742095947266,116.77570343017578,40.741981506347656,34.267738342285156,44.88459014892578,290.39605712890625,66.4840087890625,16.16019630432129,38.6929817199707,123.46116638183594,36.83845138549805,58.03236389160156,4.050177574157715,4.787360668182373,7.392300128936768,17.142581939697266,44.796417236328125,34.18824768066406,74.56586456298828,190.84068298339844,282.4153137207031,507.1274108886719,48.7685661315918,213.3386077880859,79.48715209960938,144.5932159423828,26.92965316772461,105.50294494628906,88.37358856201172,37.7136344909668,34.667381286621094,303.0833435058594,112.16436767578124,56.977352142333984,54.66696548461914,81.285888671875,110.60167694091795,86.60635375976562,190.5085906982422
2022-05-04,163.3727569580078,282.6670837402344,125.92849731445312,121.99716186523438,222.36199951171875,117.09632110595705,209.61805725097656,20.30183219909668,204.0099945068359,72.05441284179688,43.49309921264648,99.41999816894533,121.00630950927734,46.958213806152344,156.97000122070312,49.370758056640625,12.022032737731934,40.03144836425781,139.1800537109375,161.4425048828125,72.24856567382812,49.99589920043945,156.12159729003906,56.633758544921875,90.9675750732422,580.3511352539062,176.26608276367188,77.18556213378906,92.72000122070312,48.54899978637695,130.14999389648438,118.4800033569336,28.100000381469727,21.559999465942383,81.63999938964844,156.17999267578125,44.13999938964844,24.200000762939453,30.15999984741211,109.33000183105467,51.17623519897461,97.93637084960938,131.9499969482422,57.329837799072266,45.349998474121094,92.0543975830078,34.880001068115234,10.979999542236328,200.38999938964844,120.51000213623048,90.4000015258789,208.92999267578125,92.211669921875,186.0,360.55999755859375,119.0,88.51000213623047,108.9800033569336,234.6999969482422,184.160400390625,499.4599914550781,207.7599945068359,96.79034423828124,214.8216857910156,438.9717102050781,323.4171447753906,423.3500061035156,78.9587631225586,121.67926025390624,42.42111587524414,35.64287185668945,46.7928581237793,299.11724853515625,68.30259704589844,16.678529739379883,39.67732238769531,129.44595336914062,37.97909927368164,59.464080810546875,4.124568462371826,4.878896713256836,7.590631008148193,17.577451705932617,45.69515609741211,35.513580322265625,78.55829620361328,196.07476806640625,292.00018310546875,522.8286743164062,49.44329833984375,217.82484436035156,82.65077209472656,149.1314697265625,27.508319854736328,109.00629425048828,92.77753448486328,40.01496887207031,36.00039291381836,317.5400085449219,114.77215576171876,59.21834945678711,57.60951614379883,86.10272216796875,116.82415008544922,90.06499481201172,208.24314880371094
2022-05-05,154.27027893066406,270.35565185546875,116.40699768066406,116.1961441040039,207.302978515625,114.1666030883789,200.5500946044922,18.814184188842773,188.32000732421875,69.74552917480469,42.00957489013672,93.87000274658205,119.70289611816406,45.16474914550781,150.47000122070312,48.241302490234375,11.660893440246582,38.84518814086914,132.26071166992188,155.9917755126953,69.96195220947266,47.56488037109375,149.934326171875,54.4130973815918,87.32848358154297,552.471435546875,169.10813903808594,73.85529327392578,85.43000030517578,41.30899810791016,114.25,116.7300033569336,26.829999923706055,22.030000686645508,73.1500015258789,143.08999633789062,39.779998779296875,22.6299991607666,27.270000457763672,90.93000030517578,45.176517486572266,91.39825439453124,124.08000183105467,53.890769958496094,40.279998779296875,86.55846405029297,30.440000534057617,10.119999885559082,180.97999572753903,111.16999816894533,77.80999755859375,190.41000366210935,88.27333068847656,166.17999267578125,315.92999267578125,111.87000274658205,80.93000030517578,100.83999633789062,212.7100067138672,171.07420349121094,469.3299865722656,195.82000732421875,94.20448303222656,205.13555908203125,401.6719665527344,296.6628112792969,400.510009765625,76.89471435546875,115.9511489868164,41.52130126953125,34.6461296081543,45.968631744384766,288.9285583496094,66.85729217529297,16.678529739379883,39.24257278442383,126.69805145263672,36.84757232666016,58.50959777832031,4.099771976470947,4.677515983581543,7.193970203399658,16.86458396911621,44.24406051635742,34.17923355102539,74.19864654541016,185.4362030029297,276.9977111816406,496.7943115234375,49.0196647644043,211.70562744140625,81.3979263305664,147.94798278808594,26.964204788208008,107.82687377929688,91.8842315673828,39.52652740478515,34.68629455566406,291.09332275390625,111.23583221435548,59.910850524902344,57.107757568359375,84.62543487548828,114.63763427734376,87.96177673339844,228.56781005859375
2022-05-06,154.99952697753906,267.8017272949219,114.77249908447266,115.1147689819336,202.81414794921875,113.98235321044922,198.1854248046875,18.64545249938965,180.97000122070312,69.44853973388672,41.72699737548828,95.33999633789062,121.2440948486328,44.90983200073242,148.89999389648438,48.020320892333984,11.40407943725586,38.48542404174805,131.27093505859375,154.4423065185547,69.03947448730469,47.259525299072266,147.93511962890625,54.42341613769531,86.835693359375,539.5745239257812,168.3591766357422,73.7660140991211,81.68000030517578,37.749000549316406,103.73999786376952,107.37999725341795,26.06999969482422,20.510000228881836,72.11000061035156,135.83999633789062,38.04999923706055,22.690000534057617,24.920000076293945,86.37999725341797,45.90062713623047,86.96548461914062,116.76000213623048,50.46078109741211,38.189998626708984,83.91967010498047,27.809999465942383,9.479999542236328,164.80999755859375,102.4499969482422,65.61000061035156,172.94000244140625,84.1449966430664,155.27000427246094,299.7099914550781,110.0,74.56999969482422,96.37999725341795,202.2599945068359,168.49267578125,456.739990234375,189.4600067138672,90.73151397705078,203.61505126953125,387.8046875,290.9374694824219,391.010009765625,76.2519760131836,115.19574737548828,41.32648849487305,34.563072204589844,46.24636459350586,288.82708740234375,64.53141784667969,16.74540901184082,39.59529113769531,123.99903869628906,36.50081634521485,57.936912536621094,4.074974536895752,4.5402116775512695,6.950565338134766,16.61240005493164,42.6712760925293,33.43992614746094,73.95382690429688,182.00047302246097,272.5525817871094,483.38824462890625,47.99908828735352,206.6138916015625,82.64176940917969,151.89004516601562,27.516958236694336,115.51507568359376,96.1988525390625,40.41887283325195,35.31025695800781,288.54998779296875,108.9441375732422,62.45963668823242,59.26790237426758,86.27281951904297,117.6896514892578,89.66305541992188,234.2795867919922
2022-05-09,149.85525512695312,257.90765380859375,108.78900146484376,112.55091094970705,195.28961181640625,112.26873779296876,188.5897979736328,16.923185348510742,173.10000610351562,68.53838348388672,40.56843948364258,86.36000061035156,119.83574676513672,44.57297897338867,133.30999755859375,44.79154968261719,10.729948043823242,37.20191955566406,125.9857406616211,152.1272735595703,66.66455841064453,44.18814468383789,144.25875854492188,52.81163787841797,82.73224639892578,502.0294494628906,163.92214965820312,71.74820709228516,79.52999877929688,34.00400161743164,83.51000213623047,100.75,23.049999237060547,18.61000061035156,64.18000030517578,119.37000274658205,37.18000030517578,21.079999923706055,23.38999938964844,86.4000015258789,46.32380676269531,81.9339370727539,106.62000274658205,46.313941955566406,34.95000076293945,80.22721862792969,24.61000061035156,7.460000038146973,143.69000244140625,88.83000183105469,56.560001373291016,153.08999633789062,76.58499908447266,143.2899932861328,252.72000122070312,97.52999877929688,68.62999725341797,92.33999633789062,183.3500061035156,162.43606567382812,425.8699951171875,176.2100067138672,90.58051300048828,196.90423583984375,359.6781005859375,276.08709716796875,376.9100036621094,73.46368408203125,111.97564697265624,40.7791862487793,33.566322326660156,44.69644927978515,285.0709533691406,61.38235855102539,16.344118118286133,39.88239669799805,119.0410385131836,36.28181838989258,57.74601364135742,4.000584125518799,4.37544584274292,6.770266056060791,16.052431106567383,42.30616760253906,33.367794036865234,72.76739501953125,185.57815551757812,275.071533203125,479.0379638671875,48.56072998046875,205.68728637695312,76.12523651123047,141.7100830078125,25.63412857055664,103.03921508789062,86.82818603515625,35.7316780090332,31.538148880004883,262.3699951171875,105.67453002929688,55.63081741333008,52.74494552612305,80.11305236816406,107.9140625,84.93312072753906,214.20620727539062
2022-05-10,152.2696990966797,262.7036437988281,108.85900115966795,114.0443344116211,196.72283935546875,109.53250885009766,189.15655517578125,17.567161560058594,177.66000366210938,69.48684692382812,41.45383834838867,88.7300033569336,115.10255432128906,45.1101188659668,132.9499969482422,45.000244140625,10.713897705078123,37.6297607421875,127.75056457519533,155.17091369628906,67.62628173828125,45.371036529541016,147.07284545898438,54.54445266723633,84.17272186279297,512.5175170898438,169.1745147705078,72.14104461669922,78.75,33.53900146484375,72.98999786376953,97.7699966430664,23.670000076293945,19.0,68.52999877929688,116.12999725341795,36.45000076293945,20.219999313354492,22.88999938964844,84.05999755859375,45.69373321533203,81.6731948852539,107.91000366210938,46.86745834350586,35.560001373291016,83.53048706054688,23.190000534057617,7.289999961853027,151.8800048828125,91.56999969482422,56.97999954223633,150.2899932861328,80.67333221435547,143.75999450683594,250.4900054931641,98.30999755859376,70.29000091552734,90.68000030517578,180.97999572753903,165.96080017089844,432.3200073242187,183.6699981689453,91.38269805908205,199.297607421875,363.7745666503906,279.8415832519531,393.0299987792969,72.65798950195312,113.85067749023438,39.962860107421875,33.00334167480469,43.67513275146485,281.5362548828125,61.81308364868164,16.185277938842773,39.4804573059082,120.28297424316406,36.77457427978515,57.936912536621094,3.9840526580810542,4.4029059410095215,6.905490398406982,16.282772064208984,42.59638214111328,33.84563446044922,71.33616638183594,181.8489990234375,269.6354675292969,481.5636291503906,47.87713623046875,201.01760864257812,76.62997436523438,143.07154846191406,25.815502166748047,104.45453643798828,87.54283905029297,35.590782165527344,32.42681121826172,266.67999267578125,106.36599731445312,57.140846252441406,54.22473907470703,80.19361877441406,110.20992279052734,85.73701477050781,214.00326538085938
2022-05-11,144.37582397460938,253.9793243408203,105.37200164794922,113.42376708984376,187.85464477539065,108.8415298461914,192.2248077392578,16.603689193725586,166.3699951171875,68.0497817993164,40.34238052368164,87.91999816894531,116.54657745361328,44.2907600402832,129.38999938964844,44.466217041015625,10.296576499938965,36.23930358886719,123.53921508789062,151.8966827392578,65.71261596679688,44.193084716796875,144.01239013671875,53.20473861694336,83.23450469970703,510.4903564453125,161.99757385253906,68.86434173583984,75.16999816894531,31.858999252319336,53.720001220703125,92.62000274658205,22.56999969482422,17.719999313354492,59.5099983215332,116.1500015258789,35.459999084472656,18.88999938964844,21.84000015258789,77.80999755859375,43.80355453491211,78.93047332763672,106.08999633789062,45.21598052978515,33.84000015258789,83.37860870361328,23.969999313354492,6.710000038146973,137.39999389648438,84.45999908447266,54.810001373291016,136.57000732421875,77.77833557128906,132.8800048828125,242.25,97.87000274658205,67.5999984741211,84.80000305175781,169.27999877929688,160.12265014648438,420.3599853515625,173.13999938964844,90.21245574951172,195.72164916992188,349.0545959472656,262.2615966796875,379.3299865722656,71.41775512695312,113.06195831298828,39.48976135253906,32.82799530029297,42.6985969543457,278.2969055175781,62.329952239990234,16.243797302246094,39.275386810302734,120.5567855834961,36.35481262207031,57.45967483520508,3.9509897232055664,4.293063163757324,6.725190162658691,15.897544860839844,41.5759391784668,32.330970764160156,67.13660430908203,177.72230529785156,262.04168701171875,469.6748046875,47.3764762878418,195.86163330078125,78.22531127929688,145.18942260742188,26.10051918029785,105.96597290039062,88.47186279296875,36.041648864746094,32.7955207824707,244.6666717529297,103.92613220214844,57.804500579833984,55.00714492797851,81.65298461914062,110.60487365722656,85.96135711669922,205.88499450683594
2022-05-12,140.4929656982422,248.91049194335935,106.93049621582033,112.6275405883789,190.34292602539065,108.74939727783205,189.8996124267578,16.1494140625,174.30999755859375,67.76238250732422,40.35179901123047,87.05999755859375,118.4630126953125,43.963016510009766,123.13999938964844,44.98183059692383,9.9835844039917,34.576595306396484,123.04431915283205,153.01268005371094,66.4486312866211,45.50049591064453,144.86514282226562,53.623165130615234,83.10183715820312,511.52838134765625,164.64268493652344,69.73040008544922,74.29000091552734,35.35100173950195,58.5,99.22000122070312,23.290000915527344,18.59000015258789,65.58999633789062,115.94000244140624,37.95000076293945,20.15999984741211,22.770000457763672,87.86000061035156,43.40857696533203,78.31239318847656,107.87999725341795,44.163387298583984,34.22999954223633,83.49250793457031,28.579999923706055,7.340000152587891,139.80999755859375,87.69000244140625,56.72999954223633,137.6300048828125,79.75166320800781,140.60000610351562,245.6300048828125,98.83000183105467,69.83999633789062,84.97000122070312,168.24000549316406,159.27870178222656,432.94000244140625,171.9199981689453,91.51481628417967,194.7360992431641,346.8202209472656,270.98260498046875,388.489990234375,71.14617156982422,112.30706787109376,38.78475570678711,32.36653518676758,41.71311569213867,276.3219299316406,62.35875701904297,16.486242294311523,39.42303085327149,121.29022216796876,37.76921844482422,57.17333221435547,4.066709041595459,4.274755954742432,6.725190162658691,16.660057067871094,40.94869613647461,32.31293869018555,70.02732849121094,181.44203186035156,268.274169921875,466.889892578125,47.331546783447266,199.3294982910156,78.5804214477539,146.5687255859375,25.854286193847656,105.28451538085938,88.97211456298828,36.66160583496094,32.6726188659668,242.6666717529297,103.03711700439452,56.95811080932617,54.9476203918457,81.64404296875,110.5956802368164,86.69049072265625,206.29087829589844
2022-05-13,144.97698974609375,254.5349273681641,113.05500030517578,115.96623229980467,197.68829345703125,109.7167510986328,195.0492248535156,17.6779842376709,187.63999938964844,68.18391418457031,41.06765365600586,95.12000274658205,119.08696746826172,45.11922073364258,127.1999969482422,46.06832504272461,10.83427619934082,37.15330505371094,125.9950180053711,156.55438232421875,70.58021545410156,48.612396240234375,150.4081268310547,55.18709564208984,86.20072937011719,536.9500122070312,172.54019165039062,72.06069946289062,78.83000183105469,40.24800109863281,67.87000274658203,110.79000091552734,24.38999938964844,20.0,73.70999908447266,121.4499969482422,40.560001373291016,21.469999313354492,24.75,92.08000183105467,43.869380950927734,84.97604370117188,116.94000244140624,46.77671813964844,37.720001220703125,87.76395416259766,32.970001220703125,8.34000015258789,156.2899932861328,97.6999969482422,66.37999725341797,153.22999572753906,81.83499908447266,158.36000061035156,286.0299987792969,108.86000061035156,79.16999816894531,94.83999633789062,188.8999938964844,165.72251892089844,452.6499938964844,182.2899932861328,93.15692901611328,195.9656524658203,364.3331909179687,284.3548278808594,405.4500122070313,72.91146850585938,115.4983139038086,39.554691314697266,32.458824157714844,42.68067932128906,283.31744384765625,62.99242401123047,16.58656120300293,39.52146530151367,123.53941345214844,37.85134506225586,58.60504913330078,4.066709041595459,4.466982364654541,6.896475315093994,17.27760887145996,42.21255111694336,33.160430908203125,72.27776336669922,183.61892700195312,274.1455078125,477.5398864746094,47.51446533203125,201.58636474609375,80.91141510009766,149.38064575195312,26.62266731262207,108.57821655273438,91.9289093017578,38.26784133911133,34.128517150878906,256.5299987792969,106.02027130126952,61.63248062133789,58.42596435546875,84.69705963134766,114.5360107421875,89.62565612792969,221.14540100097656
2022-05-16,143.4297637939453,254.9053649902344,110.8105010986328,114.25135803222656,199.1016387939453,108.9521026611328,193.6590576171875,17.23668670654297,186.5099945068359,66.78516387939453,40.57786178588867,94.23999786376952,120.36164093017578,44.609397888183594,124.0500030517578,45.810516357421875,10.473134994506836,36.07400131225586,125.04258728027344,155.41073608398438,69.1572494506836,47.67853164672851,149.17637634277344,54.66453170776367,85.67951965332031,523.8572998046875,167.7998046875,73.95350646972656,77.6500015258789,35.994998931884766,61.70000076293945,99.68000030517578,23.59000015258789,19.13999938964844,65.79000091552734,114.44000244140624,39.47999954223633,21.489999771118164,23.420000076293945,86.62000274658203,42.4023551940918,83.51776885986328,117.8000030517578,46.758567810058594,37.84000015258789,88.51383209228516,32.13999938964844,8.039999961853027,146.38999938964844,89.37000274658203,57.36000061035156,140.0800018310547,78.02999877929688,144.50999450683594,252.0,97.19000244140624,74.48999786376953,88.91999816894531,177.0,162.95237731933594,432.9299926757813,176.05999755859375,92.05276489257812,195.78732299804688,352.4062805175781,275.7323303222656,402.8599853515625,72.33208465576172,113.90044403076172,39.15580749511719,32.12657928466797,42.5194206237793,280.04119873046875,61.48506164550781,16.95441246032715,40.226924896240234,123.75455474853516,38.20722961425781,58.50959777832031,4.091506004333496,4.466982364654541,7.067760944366455,17.14853858947754,42.156375885009766,33.818599700927734,70.98776245117188,184.3098907470703,274.1083679199219,474.9085693359375,47.565826416015625,201.14601135253903,82.8144760131836,153.9545135498047,27.085447311401367,110.39541625976562,94.66571044921876,39.5828857421875,35.51823043823242,241.4566650390625,103.89649963378906,65.13346862792969,60.37348556518555,86.9174575805664,117.36497497558594,90.17716979980467,218.72923278808594
2022-05-17,147.0761260986328,260.0912170410156,115.36849975585938,116.15135955810548,201.66954040527344,112.56356048583984,199.71913146972656,18.14824104309082,190.55999755859375,68.86412811279297,41.82118606567383,102.47000122070312,123.33880615234376,46.0660285949707,132.0500030517578,46.897003173828125,10.858351707458496,37.046348571777344,130.4398651123047,161.38734436035156,73.09251403808594,50.623416900634766,155.2404327392578,57.05500030517578,88.437255859375,549.984130859375,176.00064086914062,77.76589965820312,79.75,37.26399993896485,70.0,101.70999908447266,24.200000762939453,19.719999313354492,69.37999725341797,117.5,42.099998474121094,22.479999542236328,24.540000915527344,88.05999755859375,44.12328338623047,88.83902740478516,123.44000244140624,48.70041275024414,40.15999984741211,89.79528045654297,31.940000534057617,8.359999656677246,147.27000427246094,87.4800033569336,56.27000045776367,141.77999877929688,78.87833404541016,145.80999755859375,247.27999877929688,95.0500030517578,75.25,90.94000244140624,174.42999267578125,162.5651397705078,432.8500061035156,173.33999633789062,93.48724365234376,201.75668334960935,364.4409484863281,277.5356750488281,409.6499938964844,75.0750961303711,115.91879272460938,40.547271728515625,33.215614318847656,45.73569869995117,288.8362731933594,62.59877014160156,17.196855545043945,40.1448860168457,125.77882385253906,39.092376708984375,59.27317810058594,4.174163341522217,4.613441467285156,7.257075309753418,17.41263771057129,43.63554763793945,35.7209358215332,72.99340057373047,183.6473388671875,278.7017822265625,471.00970458984375,42.15485382080078,198.31790161132812,83.87071228027344,154.8621826171875,27.487098693847656,111.3214874267578,96.02957916259766,40.34373474121094,35.81130599975586,253.8699951171875,107.31427764892578,65.34506225585938,61.725711822509766,87.49047088623047,117.62215423583984,91.73827362060548,231.2062225341797
2022-05-18,138.77818298339844,248.24935913085935,107.1125030517578,111.87113189697266,191.33822631835935,110.63804626464844,195.79331970214844,16.91120147705078,177.19000244140625,65.434326171875,39.89025115966797,96.27999877929688,118.4986801147461,44.02674102783203,125.5199966430664,46.160400390625,10.25644874572754,34.83913040161133,121.8117218017578,157.07090759277344,69.72643280029297,47.18540954589844,151.5261688232422,53.52934646606445,85.79324340820312,517.3452758789062,166.28289794921875,75.08738708496094,77.18000030517578,36.0620002746582,63.029998779296875,97.61000061035156,22.459999084472656,18.149999618530273,63.630001068115234,108.02999877929688,41.38999938964844,22.09000015258789,22.729999542236328,78.83999633789062,42.26129913330078,84.3193359375,118.86000061035156,46.45912551879883,38.59000015258789,88.82707214355469,32.54999923706055,8.010000228881836,138.5,78.7699966430664,53.36000061035156,128.08999633789062,73.0999984741211,137.75999450683594,229.97000122070312,88.06999969482422,72.76000213623047,84.69000244140625,162.49000549316406,156.21067810058594,412.25,162.9499969482422,87.9946517944336,195.6934509277344,346.2518310546875,265.02081298828125,397.8800048828125,73.0472640991211,111.3670654296875,39.06305313110352,32.19118118286133,44.185791015625,283.0775146484375,60.74577713012695,16.912609100341797,40.103878021240234,122.4734878540039,38.444488525390625,57.65056991577149,4.066709041595459,4.44867467880249,6.9866251945495605,17.28952407836914,40.546138763427734,33.223541259765625,68.17236328125,173.98367309570312,264.09759521484375,412.36273193359375,39.2921142578125,148.87660217285156,82.54130554199219,150.78001403808594,27.16402816772461,107.09298706054688,93.7504425048828,38.63417053222656,34.033973693847656,236.60333251953125,103.0272445678711,61.844085693359375,59.463504791259766,85.520751953125,114.51763153076172,90.47811889648438,228.06521606445312
2022-05-19,135.3585662841797,247.3308868408203,107.31900024414062,110.2234344482422,190.3926544189453,108.99815368652344,193.228271484375,17.09691047668457,183.47999572753903,64.2271957397461,39.57000732421875,96.66999816894533,115.57500457763672,37.98171615600586,127.13999938964844,46.49188232421875,10.312626838684082,35.12110137939453,121.92375946044922,154.59909057617188,68.10716247558594,46.65671157836914,152.49264526367188,51.243953704833984,85.489990234375,515.0929565429688,166.66207885742188,73.66779327392578,81.27999877929688,39.132999420166016,67.41999816894531,101.81999969482422,23.239999771118164,19.290000915527344,66.94999694824219,114.16999816894533,43.25,23.13999938964844,23.200000762939453,79.23999786376953,41.96037292480469,84.68631744384766,125.33999633789062,49.101173400878906,42.04999923706055,90.50717163085938,34.349998474121094,8.3100004196167,142.63999938964844,83.02999877929688,58.0,132.3000030517578,72.72833251953125,146.82000732421875,245.3300018310547,96.5250015258789,78.18000030517578,90.94000244140624,174.75,154.4929962158203,426.760009765625,164.52000427246094,92.62850952148438,194.14483642578125,355.0915832519531,265.73028564453125,394.3800048828125,72.38639068603516,109.85877227783205,38.96100616455078,31.79433250427246,44.597900390625,284.4341735839844,60.160118103027344,16.895889282226562,40.2761344909668,123.0993423461914,38.344112396240234,58.1278076171875,4.058444023132324,4.393752574920654,7.004655838012695,17.61517906188965,38.4771728515625,32.21376419067383,68.42658996582031,177.80751037597656,266.4868469238281,406.1494140625,38.21376037597656,141.34109497070312,82.98748779296875,149.7034149169922,27.094175338745117,106.3241729736328,93.8670883178711,38.37115859985352,34.0906982421875,236.47332763671875,101.8813934326172,61.517066955566406,59.11482238769531,85.35064697265625,114.1318817138672,90.054931640625,231.06129455566406
2022-05-20,135.59503173828125,246.7642364501953,107.59100341796876,108.79767608642578,192.63211059570312,108.1044921875,194.8534393310547,16.667585372924805,186.3500061035156,65.75048828125,39.230918884277344,93.5,114.5231704711914,39.0923957824707,120.6999969482422,46.19108963012695,10.031737327575684,34.42101287841797,122.88555908203124,156.6189422607422,67.61648559570312,46.853363037109375,153.91390991210938,50.96062469482422,86.03015899658203,521.791015625,170.75779724121094,71.53392028808594,80.54000091552734,36.3849983215332,66.1500015258789,103.02999877929688,23.350000381469727,19.06999969482422,66.2300033569336,112.5500030517578,40.959999084472656,22.90999984741211,23.260000228881836,78.33999633789062,41.668853759765625,83.81714630126953,124.47000122070312,48.53369140625,40.900001525878906,91.9499740600586,31.600000381469727,8.079999923706055,148.74000549316406,84.22000122070312,55.689998626708984,136.88999938964844,79.77999877929688,141.49000549316406,248.1000061035156,94.79000091552734,76.75,89.73999786376953,177.39999389648438,158.51419067382812,433.0299987792969,165.99000549316406,94.64913940429688,195.82485961914065,360.4327087402344,272.75640869140625,399.0899963378906,71.852294921875,108.38978576660156,38.65488052368164,31.249814987182617,44.57102966308594,283.1420593261719,60.755374908447266,17.054733276367188,40.62885284423828,123.25582122802734,38.334983825683594,58.79594039916992,4.099771976470947,4.421213626861572,7.004655838012695,17.85942268371582,37.49418258666992,31.240053176879883,70.0932388305664,174.80715942382812,265.95904541015625,399.9073486328125,38.255489349365234,143.11904907226562,83.64306640625,150.56471252441406,27.31246566772461,106.62995910644533,94.23497009277344,38.62477493286133,34.69575119018555,221.3000030517578,101.17018127441406,60.84379959106445,59.463504791259766,84.83507537841797,112.95621490478516,90.80725860595705,228.5098114013672
2022-05-23,141.03501892089844,254.6685791015625,107.55699920654295,111.14008331298828,195.3094787597656,114.79308319091795,203.2044677734375,16.87126350402832,187.44000244140625,67.10133361816406,39.560585021972656,95.06999969482422,116.92095947265624,39.46566009521485,124.06999969482422,46.31999969482422,10.296576499938965,35.00442123413086,123.37113189697266,156.72962951660156,68.29360961914062,47.760555267333984,153.0706329345703,49.381683349609375,86.71248626708984,543.109619140625,171.3076629638672,73.14994812011719,81.18000030517578,36.8489990234375,66.0999984741211,100.16000366210938,23.780000686645508,20.209999084472656,67.80999755859375,113.27999877929688,41.36000061035156,22.59000015258789,22.469999313354492,76.06999969482422,42.49640274047851,84.24208068847656,124.0,49.61284255981445,40.45000076293945,92.1113510131836,30.059999465942383,8.010000228881836,149.27000427246094,83.51000213623047,56.75,138.1699981689453,83.37833404541016,138.85000610351562,244.0500030517578,93.93000030517578,78.2699966430664,89.33000183105469,177.6999969482422,159.17941284179688,430.1199951171875,165.7899932861328,96.98064422607422,199.8795166015625,363.9509582519531,270.3815002441406,406.760009765625,74.51382446289062,110.95751190185548,40.64931869506836,33.10486602783203,47.276649475097656,292.195556640625,62.665977478027344,17.338977813720703,40.74369812011719,127.02075958251952,39.12887191772461,59.464080810546875,4.207225322723389,4.512750625610352,7.193970203399658,17.825664520263672,38.58951568603515,31.60970115661621,69.82017517089844,176.28367614746094,264.8847351074219,412.4395751953125,39.34667205810547,141.77406311035156,85.49148559570312,154.06370544433594,28.037189483642575,111.88937377929688,97.82420349121094,41.15154647827149,36.23673248291016,224.96665954589844,104.53857421875,62.92129898071289,60.43301773071289,86.00190734863281,113.85633850097656,91.13639831542967,234.79180908203125
2022-05-24,138.3248748779297,253.6622009277344,104.0999984741211,105.42664337158205,180.42962646484375,116.41454315185548,198.3778839111328,16.128442764282227,180.33999633789065,66.13369750976562,39.249755859375,91.16000366210938,119.26525115966795,39.848026275634766,119.4000015258789,45.74298858642578,9.967534065246582,34.23627471923828,120.01885986328124,154.82044982910156,65.37895202636719,46.54207992553711,153.35488891601562,49.17903518676758,84.07794952392578,535.0992431640625,169.81918334960938,71.0250015258789,78.6500015258789,32.48400115966797,61.36000061035156,92.16999816894533,21.549999237060547,16.719999313354492,62.65999984741211,106.23999786376952,36.939998626708984,17.25,12.789999961853027,70.20999908447266,41.54660415649414,79.64512634277344,115.7300033569336,46.12421798706055,36.959999084472656,90.56414031982422,27.06999969482422,7.550000190734863,139.8699951171875,78.86000061035156,50.5,127.80999755859376,79.52333068847656,129.6300048828125,223.61000061035156,85.80999755859375,71.7300033569336,94.33999633789062,164.1699981689453,155.8135223388672,419.6499938964844,158.77000427246094,95.88289642333984,199.6636505126953,351.7987365722656,262.80352783203125,398.4100036621094,74.19696807861328,105.4657745361328,40.15766525268555,32.90182876586914,47.19601058959961,289.74078369140625,61.389041900634766,17.690107345581055,41.57219314575195,126.36557006835938,39.3022575378418,59.08229446411133,4.356008052825928,4.485288619995117,7.193970203399658,17.678720474243164,38.271217346191406,31.348237991333008,67.78630828857422,174.74090576171875,266.635009765625,420.343017578125,39.83769989013672,138.13531494140625,85.95587158203125,154.8891143798828,28.01099395751953,112.9202880859375,98.2369613647461,41.236083984375,36.3785400390625,209.3866729736328,100.35031127929688,62.58467483520508,59.863224029541016,87.53053283691406,114.0859603881836,91.50318145751952,234.99476623535156
2022-05-25,138.48255920410156,256.49566650390625,106.7750015258789,105.3405532836914,182.96766662597656,117.2252960205078,199.5625,16.948144912719727,187.8300018310547,66.90013885498047,39.74897003173828,92.6500015258789,119.7911605834961,40.05741882324219,122.05999755859376,45.7491340637207,10.200270652770996,34.98497772216797,122.5400619506836,156.8034210205078,66.60568237304688,48.183502197265625,153.80018615722656,49.87609100341797,85.67951965332031,536.715087890625,175.04312133789062,73.80171203613281,80.12000274658203,33.31100082397461,67.16999816894531,96.5500030517578,22.040000915527344,16.649999618530273,68.4800033569336,110.4000015258789,37.77000045776367,18.899999618530273,14.15999984741211,71.58999633789062,42.13904571533203,79.4906005859375,119.31999969482422,46.69170379638672,38.310001373291016,92.5384750366211,28.93000030517578,7.960000038146973,146.63999938964844,82.56999969482422,51.959999084472656,132.5800018310547,84.25166320800781,132.77000427246094,230.7899932861328,88.7300033569336,77.69999694824219,102.33999633789062,170.75,158.51419067382812,452.2900085449219,164.50999450683594,94.5422821044922,200.76177978515625,380.689697265625,270.85443115234375,402.5,74.44140625,105.3015594482422,40.9276008605957,33.077178955078125,47.21393585205078,290.6174621582031,63.17484664916992,17.807147979736328,42.03154754638672,128.53652954101562,39.877140045166016,59.177734375,4.356008052825928,4.512750625610352,7.139880180358887,17.531780242919922,40.536773681640625,32.06950759887695,71.30791473388672,178.46058654785156,271.8673400878906,422.6477966308594,39.59378433227539,144.0955352783203,87.68592834472656,157.374267578125,28.26421165466309,116.2576675415039,99.78031158447266,42.31629943847656,36.66215515136719,219.6000061035156,101.99993896484376,63.8542594909668,61.18141555786133,89.6199722290039,116.9608383178711,93.12069702148438,229.54393005371094
2022-05-26,141.69529724121094,259.7980651855469,111.07749938964844,107.78546905517578,190.7310791015625,119.25215911865234,204.1736602783203,17.82275390625,191.3999938964844,68.65336608886719,40.95462417602539,98.75,122.01959991455078,40.95871353149414,127.7300033569336,47.27143859863281,10.52931308746338,36.38515090942383,125.91100311279295,160.60336303710938,69.2848129272461,50.32102966308594,155.39202880859375,51.66144180297851,86.23866271972656,548.4564208984375,182.6276702880859,76.542724609375,80.41999816894531,35.13199996948242,69.87000274658203,100.81999969482422,23.100000381469727,17.68000030517578,73.69000244140625,114.3000030517578,38.470001220703125,19.540000915527344,14.8100004196167,78.25,43.70011138916016,91.24374389648438,136.19000244140625,49.04536056518555,41.93000030517578,96.3353271484375,30.59000015258789,8.359999656677246,155.83999633789062,81.20999908447266,56.04999923706055,142.1300048828125,83.6816635131836,126.8000030517578,233.05999755859375,89.62999725341797,80.80999755859375,107.0,175.17999267578125,161.30418395996094,454.8699951171875,168.14999389648438,95.65946197509766,204.87277221679688,398.30084228515625,277.5849609375,408.6000061035156,76.94902038574219,107.27960968017578,42.30051803588867,33.843196868896484,48.459228515625,298.6742858886719,66.0743637084961,17.823867797851562,41.82647705078125,129.8078155517578,40.26953125,60.418556213378906,4.356008052825928,4.65920877456665,7.257075309753418,17.97856330871582,41.1265754699707,33.15141296386719,74.3022232055664,185.0670928955078,280.42425537109375,446.5406494140625,40.4378547668457,150.34132385253906,87.99551391601562,158.4329833984375,28.52615737915039,116.8255386352539,101.53006744384766,43.856781005859375,37.966793060302734,235.91000366210935,104.32125091552734,66.03755950927734,62.771766662597656,89.25817108154297,117.67725372314452,93.55327606201172,246.49563598632812
2022-05-27,147.47032165527344,266.9696044921875,115.14649963378906,112.26725006103516,194.21466064453125,120.9381103515625,208.4127960205078,18.781238555908203,195.19000244140625,69.72636413574219,41.96247482299805,102.26000213623048,124.14105224609376,41.532264709472656,132.22999572753906,48.34565353393555,10.938607215881348,37.50334930419922,130.50521850585938,164.1450653076172,71.95413208007812,52.47632598876953,159.4947967529297,54.72176361083984,88.86372375488281,571.2831420898438,185.75633239746097,78.72123718261719,85.20999908447266,36.90399932861328,75.31999969482422,108.37000274658205,23.670000076293945,17.770000457763672,78.08999633789062,120.5,41.290000915527344,20.450000762939453,15.579999923706056,82.1500015258789,45.910037994384766,90.21039581298828,139.08999633789062,49.938446044921875,48.29999923706055,98.71784210205078,31.809999465942383,8.850000381469727,166.82000732421875,86.05999755859375,58.90999984741211,160.0,84.46666717529297,129.91000366210938,250.05999755859375,98.06999969482422,86.23999786376953,110.41999816894533,184.77999877929688,163.92539978027344,476.2900085449219,158.7899932861328,98.26296997070312,210.8608856201172,414.0399475097656,289.991455078125,428.2200012207031,78.2616958618164,111.78207397460938,42.56953811645508,34.16621017456055,48.03815841674805,303.24261474609375,67.77374267578125,17.798789978027344,42.16279983520508,131.14755249023438,40.296905517578125,60.89579772949219,4.347742080688477,4.704977035522461,7.437376022338867,18.32010269165039,46.41602325439453,34.93655776977539,76.43025207519531,188.9476623535156,285.6565246582031,452.0817260742187,41.233768463134766,153.9709014892578,88.86051940917969,159.9491729736328,28.43010902404785,119.56009674072266,102.8311767578125,45.2845458984375,39.10125732421875,253.2100067138672,107.98597717285156,68.15351104736328,64.46414947509766,92.01697540283205,121.06651306152344,96.0171890258789,261.8333740234375
2022-05-31,146.68190002441406,265.63104248046875,120.20950317382812,113.50140380859376,192.7316741943359,121.8225555419922,207.7176971435547,18.64245986938477,197.44000244140625,68.90245056152344,41.84002685546875,101.86000061035156,123.75775146484376,41.01333999633789,131.39999389648438,48.05715560913086,10.978734970092772,37.610313415527344,133.73609924316406,163.0290985107422,72.4644546508789,51.3902702331543,160.30392456054688,54.426246643066406,90.31366729736328,564.3401489257812,179.9066925048828,75.59632110595703,85.20999908447266,37.512001037597656,78.0999984741211,105.16999816894533,23.200000762939453,17.68000030517578,76.91000366210938,120.87000274658205,39.900001525878906,19.649999618530273,14.109999656677246,81.12000274658203,45.97615814208984,92.7599639892578,140.35000610351562,52.208370208740234,50.349998474121094,98.4615478515625,29.940000534057617,8.680000305175781,159.99000549316406,83.05000305175781,56.0,153.08999633789062,83.79666900634766,127.6500015258789,237.1499938964844,95.38999938964844,83.91000366210938,107.4499969482422,177.32000732421875,159.0999755859375,467.4700012207031,156.3000030517578,96.99034881591795,209.2465057373047,406.18011474609375,280.1962890625,416.4800109863281,77.9810562133789,113.22069549560548,42.458213806152344,34.33233642578125,47.85002517700195,303.4932861328125,67.30329132080078,17.798789978027344,42.07256317138672,130.3456573486328,40.406402587890625,61.086692810058594,4.397336006164551,4.58597993850708,7.284120559692383,18.679515838623047,46.75304412841797,35.0177001953125,75.56397247314453,184.84939575195312,280.36865234375,447.7218322753906,41.28191375732422,149.1253204345703,87.41275024414062,156.70143127441406,28.26421165466309,119.65619659423828,100.8211898803711,43.3283576965332,38.39964294433594,252.7533264160156,109.09231567382812,66.6627197265625,63.69874954223633,91.18480682373048,119.03665924072266,95.72567749023438,251.68551635742188
2022-06-01,146.55380249023438,266.16845703125,121.68399810791016,113.59894561767578,187.7551116943359,119.68513488769533,205.52471923828125,18.291013717651367,192.91000366210935,68.59587860107422,41.54803466796875,101.22000122070312,124.28363800048828,41.17720031738281,130.64999389648438,47.58449935913086,10.87440299987793,37.211647033691406,131.436279296875,160.870849609375,72.17984771728516,49.98305130004883,156.8484649658203,53.81549072265625,89.79244232177734,551.9718627929688,174.98619079589844,74.71239471435547,82.4800033569336,36.15299987792969,68.62999725341797,104.2699966430664,22.940000534057617,17.059999465942383,71.94999694824219,116.72000122070312,39.38999938964844,18.93000030517578,13.93000030517578,80.94000244140625,44.3702507019043,90.1814193725586,141.30999755859375,51.9013786315918,49.0,95.64241790771484,28.940000534057617,8.460000038146973,161.4499969482422,84.43000030517578,55.11000061035156,148.94000244140625,83.62166595458984,126.1500015258789,241.80999755859375,97.5,82.12000274658203,107.6500015258789,179.25,174.81735229492188,475.1300048828125,156.55999755859375,96.49491119384766,205.848876953125,400.2117919921875,278.06781005859375,418.1600036621094,76.94902038574219,113.35008239746094,41.892356872558594,33.843196868896484,46.93621063232422,298.85064697265625,66.79443359375,17.740264892578125,42.16279983520508,131.58761596679688,40.0870246887207,60.227664947509766,4.31896448135376,4.549365043640137,7.2660908699035645,18.67753219604492,47.43645477294922,36.37009048461914,74.98017120361328,181.46092224121097,276.9578552246094,438.8580322265625,40.2613410949707,144.18765258789062,89.0881576538086,158.1907501220703,28.543617248535156,122.25096130371094,103.8630599975586,44.00712585449219,39.252960205078125,246.7899932861328,107.85757446289062,67.7303237915039,65.04247283935547,93.32852172851562,121.74618530273438,97.71936798095705,232.06639099121094
2022-06-02,149.01754760742188,268.2789001464844,125.51100158691406,117.19093322753906,197.9271545410156,121.61065673828124,210.5372772216797,19.560998916625977,205.08999633789065,70.07125091552734,42.235633850097656,108.58999633789062,124.92544555664062,41.68703079223633,140.5,47.87913513183594,11.14726734161377,37.7950553894043,137.23741149902344,162.9921875,73.96595001220703,51.71342086791992,161.10357666015625,54.10819625854492,91.29925537109376,568.501953125,178.1812286376953,75.56953430175781,88.31999969482422,39.887001037597656,73.81999969482422,109.20999908447266,24.739999771118164,18.3700008392334,72.97000122070312,121.26000213623048,41.54999923706055,20.040000915527344,14.899999618530272,87.29000091552734,45.125972747802734,94.16029357910156,146.1999969482422,53.95733642578125,52.66999816894531,99.05955505371094,33.47999954223633,9.300000190734863,174.02000427246094,93.68000030517578,57.900001525878906,160.83999633789062,86.22333526611328,138.24000549316406,286.70001220703125,110.08000183105467,87.62999725341797,112.23999786376952,196.6199951171875,187.0596160888672,504.7999877929687,169.44000244140625,99.20528411865234,209.96923828125,418.3323974609375,298.6829833984375,441.2799987792969,77.13008117675781,117.06283569335938,42.05005645751953,34.06597137451172,46.972042083740234,301.0791015625,68.81066131591797,17.715187072753906,42.07256317138672,132.8002471923828,39.96840286254883,60.514007568359375,4.353039264678955,4.65920877456665,7.518510341644287,18.63384437561035,48.00752639770508,35.96437072753906,75.4698257446289,185.63494873046875,285.04693603515625,468.2631530761719,40.922462463378906,148.23175048828125,88.93338012695312,157.9036407470703,28.65713119506836,121.82284545898438,103.15418243408205,43.64889144897461,38.9116325378418,258.3333435058594,109.51707458496094,66.65312194824219,64.89788818359375,93.16571044921876,122.72896575927734,98.0579071044922,242.8617401123047
2022-06-03,143.27210998535156,263.82354736328125,122.3499984741211,114.02393341064452,189.8850860595703,119.91547393798828,208.18765258789065,18.690380096435547,198.97999572753903,68.77790069580078,40.86985397338867,106.3000030517578,125.84356689453124,41.19541931152344,139.25,47.246883392333984,10.83427619934082,36.56989669799805,132.56272888183594,158.94322204589844,68.6371078491211,50.79240417480469,157.29588317871094,52.84916687011719,88.86372375488281,551.9622802734375,172.90045166015625,73.84635925292969,86.52999877929688,35.36600112915039,66.69000244140625,101.73999786376952,24.149999618530273,17.399999618530273,68.04000091552734,119.83000183105467,39.349998474121094,19.459999084472656,14.489999771118164,80.9800033569336,44.48360824584961,90.01724243164062,143.4199981689453,52.58049011230469,50.900001525878906,97.18960571289062,30.0,8.9399995803833,162.10000610351562,98.37999725341795,54.540000915527344,156.92999267578125,85.43000030517578,129.82000732421875,273.1300048828125,105.44000244140624,83.77999877929688,109.41999816894533,190.57000732421875,183.5944671630859,492.4800109863281,162.1300048828125,97.56351470947266,207.12533569335935,400.7802429199219,294.169677734375,429.760009765625,76.15237426757812,113.9959945678711,41.576961517333984,33.59257125854492,45.98655319213867,295.90704345703125,67.27448272705078,17.472742080688477,41.67882537841797,133.59231567382812,39.174503326416016,59.84587097167969,4.301927089691162,4.613441467285156,7.401315212249756,18.39556121826172,47.764122009277344,35.89224624633789,75.50748443603516,184.99136352539065,284.3106994628906,457.3538818359375,40.2196159362793,148.35150146484375,90.2263412475586,159.33912658691406,28.79684066772461,124.47879028320312,105.98967742919922,44.751895904541016,39.77444076538086,234.51666259765625,107.34391021728516,67.60530853271484,65.50169372558594,94.48631286621094,124.38227081298828,99.3274917602539,242.34954833984375
2022-06-06,144.02108764648438,262.58270263671875,124.79000091552734,116.45890045166016,193.3387908935547,119.51931762695312,208.47157287597656,18.756277084350582,197.13999938964844,69.90837860107422,40.822757720947266,105.6500015258789,127.35892486572266,41.268253326416016,139.24000549316406,47.26530075073242,10.802175521850586,36.78382110595703,131.83055114746094,154.7281951904297,69.13760375976562,51.01771545410156,157.32444763183594,52.65309524536133,88.2382583618164,559.8355102539062,170.6629638671875,73.69457244873047,86.80999755859375,36.0620002746582,70.66999816894531,101.33999633789062,24.729999542236328,17.15999984741211,69.94999694824219,122.0199966430664,40.400001525878906,19.940000534057617,15.149999618530272,83.83000183105469,45.03150177001953,95.61857604980467,146.99000549316406,56.0132942199707,53.75,98.49952697753906,31.15999984741211,8.979999542236328,168.97000122070312,95.0,53.90999984741211,158.57000732421875,85.66999816894531,128.07000732421875,274.5899963378906,103.16000366210938,84.26000213623047,111.01000213623048,190.27000427246097,181.5689697265625,492.5400085449219,158.86000061035156,97.98123931884766,206.02719116210935,400.7998352050781,297.60882568359375,429.4599914550781,76.83133697509766,116.2646484375,41.855247497558594,33.555450439453125,46.04926300048828,297.6063537597656,65.34467315673828,17.506181716918945,42.03154754638672,134.1399688720703,38.58135986328125,59.75041961669922,4.293407917022705,4.576826095581055,7.410330772399902,18.328046798706055,46.84666061401367,35.63078689575195,76.32669067382812,186.24075317382812,283.2017517089844,453.7239074707031,40.075191497802734,147.0894775390625,89.99872589111328,158.64828491210938,28.9016170501709,123.2818603515625,105.32566833496094,44.516212463378906,39.17710876464844,238.27999877929688,106.51416778564452,66.9512710571289,65.5272216796875,95.8973617553711,127.3857421875,102.87287902832033,249.1437530517578
2022-06-07,146.55380249023438,266.2466125488281,123.0,116.6768569946289,194.7322235107422,119.83255767822266,209.998779296875,18.896055221557617,198.61000061035156,69.64013671875,41.00172424316406,105.27999877929688,127.26973724365234,41.48673248291016,140.82000732421875,47.87913513183594,11.026885986328123,37.30887985229492,133.191650390625,156.65585327148438,69.44183349609375,51.72726058959961,158.92364501953125,53.75638198852539,88.9300537109375,565.045166015625,172.38848876953125,75.43560791015625,88.58999633789062,38.07400131225586,69.56999969482422,107.43000030517578,25.299999237060547,17.209999084472656,69.93000030517578,122.9000015258789,40.86000061035156,19.969999313354492,15.279999732971191,81.4800033569336,44.88035583496094,100.74668884277344,150.5800018310547,57.43665313720703,59.189998626708984,98.54904174804688,31.440000534057617,9.130000114440918,176.67999267578125,99.73999786376952,54.72999954223633,162.80999755859375,87.83333587646484,131.25999450683594,295.5899963378906,108.05999755859376,87.73999786376953,115.04000091552734,200.8500061035156,185.81854248046875,506.4299926757813,159.25,99.07899475097656,208.62705993652344,408.3263549804687,302.83160400390625,433.4200134277344,77.2477798461914,116.5920867919922,42.179931640625,33.7410888671875,46.676387786865234,298.534912109375,64.79742431640625,17.673389434814453,42.36787033081055,135.52859497070312,38.90074920654297,60.03676986694336,4.2848896980285645,4.640902042388916,7.491465091705322,18.39556121826172,47.88582992553711,35.71244430541992,76.46792602539062,185.1806640625,281.2260437011719,453.061279296875,39.59378433227539,143.690185546875,94.12349700927734,161.67178344726562,29.853363037109375,127.49288940429688,110.10830688476562,46.1282958984375,40.32435989379883,238.8866729736328,106.4746551513672,67.85537719726562,66.3691635131836,99.42498016357422,133.25489807128906,106.87908172607422,249.24037170410156
2022-06-08,145.814697265625,264.2046203613281,121.18000030517578,116.68531799316406,195.71759033203125,117.9254913330078,209.019775390625,18.62243270874023,202.8300018310547,68.38509368896484,38.835304260253906,101.9000015258789,125.53160858154295,40.894981384277344,139.6300048828125,47.3635139465332,10.858351707458496,36.64768600463867,130.4412841796875,152.52386474609375,67.32205963134766,50.609580993652344,157.07691955566406,53.04056167602539,88.57942199707031,555.6736450195312,167.8756561279297,74.72135162353516,87.51000213623047,39.14699935913086,69.19999694824219,108.38999938964844,25.829999923706055,17.6299991607666,73.79000091552734,123.7699966430664,41.0099983215332,20.790000915527344,15.170000076293944,84.87999725341797,45.04095458984375,115.52261352539062,152.8800048828125,61.83696746826172,64.94999694824219,101.7292709350586,32.83000183105469,9.18000030517578,178.83999633789062,102.19000244140624,55.060001373291016,165.57000732421875,87.4800033569336,135.57000732421875,299.010009765625,107.3499984741211,90.0999984741211,115.45999908447266,200.8000030517578,187.8440093994141,505.4200134277344,160.0399932861328,97.0097885131836,206.4777374267578,406.18011474609375,307.4532470703125,428.8399963378906,75.31950378417969,116.63636779785156,41.40070343017578,33.3140983581543,46.05821990966797,292.1929626464844,63.10763931274414,17.598142623901367,42.28583908081055,132.22325134277344,39.092376708984375,59.27317810058594,4.216740131378174,4.58597993850708,7.392300128936768,18.32010269165039,47.1181526184082,34.43310546875,74.518798828125,182.1519012451172,277.2746887207031,449.421630859375,39.250389099121094,144.35350036621094,95.23436737060548,162.50616455078125,29.792240142822266,127.3269271850586,109.34561157226562,46.73165512084961,40.74154281616211,241.86666870117188,106.03014373779295,66.39341735839844,66.27561950683594,99.7234878540039,132.05166625976562,106.14557647705078,245.11358642578125
2022-06-09,140.5718231201172,258.7135925292969,116.1500015258789,114.37625885009766,183.13687133789065,115.44719696044922,201.78488159179688,18.023258209228516,192.77000427246097,66.31572723388672,37.6861686706543,98.8000030517578,122.97337341308594,40.29412078857422,133.72999572753906,45.9025993347168,10.657716751098633,35.63645553588867,128.32919311523438,149.0282745361328,64.7901382446289,48.76359176635742,153.8403778076172,52.18307113647461,86.09649658203125,531.1627197265625,174.65440368652344,73.97135925292969,84.11000061035156,37.13899993896485,63.7599983215332,98.48999786376952,25.440000534057617,16.940000534057617,68.6500015258789,115.72000122070312,37.150001525878906,20.25,14.100000381469728,83.06999969482422,44.10574722290039,106.13555145263672,145.50999450683594,57.12035369873047,58.70000076293945,98.7966079711914,30.5,8.680000305175781,173.5500030517578,94.91999816894533,51.599998474121094,160.4199981689453,86.0250015258789,133.22999572753906,290.3800048828125,103.63999938964844,87.36000061035156,110.4000015258789,196.05999755859375,185.77880859375,492.2200012207031,153.8300018310547,94.02741241455078,203.412841796875,392.5480346679687,297.9931640625,426.4200134277344,73.47274780273438,114.28910064697266,39.58251953125,32.033145904541016,44.76813125610352,282.4804382324219,61.68667221069336,17.456022262573242,41.78546524047851,130.08163452148438,38.49011993408203,58.700496673583984,4.131553649902344,4.439520835876465,7.212000370025635,17.77800750732422,47.13687896728515,33.271728515625,74.08564758300781,183.88394165039065,279.4460754394531,453.3205261230469,38.83959197998047,142.37289428710938,93.17652893066406,159.26734924316406,29.26834297180176,124.48754119873048,106.38450622558594,45.38352966308594,40.020957946777344,239.7066650390625,102.03944396972656,62.80875396728515,66.20758056640625,97.93253326416016,131.7210235595703,104.72551727294922,234.0352020263672
2022-06-10,135.14170837402344,247.18435668945312,109.6500015258789,110.90221405029295,174.7464141845703,110.1405792236328,195.3233642578125,16.950729370117188,182.94000244140625,64.322998046875,36.90437316894531,94.81999969482422,121.3956298828125,39.593116760253906,127.0,43.72347640991211,10.232372283935549,34.04180145263672,125.03438568115234,145.52346801757812,61.45347213745117,46.88202667236328,149.37586975097656,50.780494689941406,84.0400390625,510.7156677246094,169.2977752685547,71.97140502929688,79.30000305175781,34.84299850463867,58.709999084472656,90.7300033569336,23.719999313354492,15.770000457763672,62.18000030517578,108.91000366210938,35.439998626708984,19.239999771118164,13.279999732971191,75.83999633789062,41.82913589477539,106.07760620117188,142.8699951171875,57.222686767578125,59.95000076293945,100.59620666503906,27.760000228881836,8.260000228881836,169.32000732421875,90.12000274658205,47.36000061035156,153.61000061035156,82.53666687011719,122.41999816894533,268.7099914550781,96.1999969482422,65.93000030517578,109.06999969482422,183.80999755859375,177.18040466308594,473.1499938964844,149.27999877929688,91.48218536376952,199.56527709960935,373.6041870117187,290.09991455078125,393.8399963378906,70.06889343261719,110.632568359375,37.179927825927734,30.789323806762695,42.74338912963867,266.5095520019531,59.737674713134766,17.29718017578125,41.68702697753906,127.6270751953125,37.98823165893555,58.2232551574707,4.0463666915893555,4.302216053009033,6.788295269012451,17.486108779907227,46.02281951904297,32.01054382324219,70.10265350341797,176.359375,269.549072265625,444.92730712890625,39.057830810546875,137.8773651123047,91.47380065917967,157.3653106689453,28.342792510986328,125.8067626953125,104.83214569091795,44.50678253173828,38.39015197753906,232.22999572753903,98.1870346069336,61.54641342163086,64.0289077758789,96.15967559814452,129.05740356445312,101.88543701171876,229.28250122070312
2022-06-13,129.96783447265625,236.7005615234375,103.66999816894533,106.37267303466795,163.4894561767578,106.86074829101562,188.2254943847656,15.625547409057615,169.69000244140625,61.36265182495117,35.576271057128906,86.98999786376953,120.43292999267578,39.36552047729492,115.86000061035156,41.56892013549805,9.477986335754396,31.387296676635746,120.772705078125,141.60360717773438,57.74388122558594,44.18122482299805,140.66575622558594,48.56171417236328,81.07380676269531,483.3451232910156,159.7695770263672,68.78399658203125,73.72000122070312,31.29400062561035,52.0099983215332,83.63999938964844,21.56999969482422,14.289999961853027,58.380001068115234,98.93000030517578,32.2599983215332,17.219999313354492,12.020000457763672,71.37000274658203,40.55385971069336,95.14535522460938,131.8800048828125,54.822513580322266,54.40999984741211,96.49236297607422,26.459999084472656,7.639999866485596,154.52000427246094,81.66000366210938,41.59000015258789,140.97999572753906,79.62166595458984,113.3000030517578,239.0,86.13999938964844,59.119998931884766,103.31999969482422,166.2899932861328,164.84878540039062,440.3699951171875,142.22999572753906,88.2278060913086,193.09605407714844,356.7183837890625,264.5871276855469,371.6499938964844,68.05915069580078,105.88626861572266,36.168800354003906,29.721864700317383,40.93367004394531,263.0739440917969,57.836666107177734,16.519681930541992,40.67807388305664,121.86717987060548,36.68332290649414,56.50519943237305,3.944143056869507,4.183218479156494,6.644054889678955,16.666011810302734,44.23470687866211,30.63140296936035,65.92191314697266,171.56065368652344,263.8829650878906,434.30615234375,38.32288360595703,133.4003143310547,87.27616882324219,150.12506103515625,27.26007843017578,115.96060943603516,100.2828140258789,41.782264709472656,35.58366775512695,215.73666381835935,94.54206085205078,57.65338516235352,59.86174392700195,91.754638671875,120.8827896118164,96.0830307006836,215.1017608642578
2022-06-14,130.8350830078125,238.87940979003903,102.30999755859376,106.68866729736328,162.96194458007812,105.0826644897461,189.4590759277344,15.814288139343262,167.5399932861328,67.75279235839844,35.72697830200195,86.98999786376953,120.97667694091795,39.06509017944336,122.16000366210938,41.771484375,9.790976524353027,32.281864166259766,122.27460479736328,142.1108856201172,57.60648727416992,44.447059631347656,140.09463500976562,48.80095672607422,82.62800598144531,480.9851379394531,160.3555908203125,67.52510070800781,72.45999908447266,30.354000091552734,51.58000183105469,81.86000061035156,21.09000015258789,14.15999984741211,58.459999084472656,98.87000274658205,30.190000534057617,17.190000534057617,11.90999984741211,71.61000061035156,40.22323226928711,101.62552642822266,140.8000030517578,58.15298080444336,60.91999816894531,100.12010955810548,26.1200008392334,7.820000171661377,159.25999450683594,81.47000122070312,40.790000915527344,142.11000061035156,80.27166748046875,113.87000274658205,241.0,87.11000061035156,57.279998779296875,106.86000061035156,167.67999267578125,163.28001403808594,444.75,139.3800048828125,87.7906494140625,192.50192260742188,357.49261474609375,266.5087890625,370.8200073242187,67.8599853515625,106.20772552490234,34.72167205810547,29.202054977416992,41.17556381225586,262.3497314453125,58.67195510864258,16.260517120361328,40.325347900390625,122.1409912109375,36.35481262207031,56.600643157958984,3.9185867309570312,4.274755954742432,6.617010593414307,16.481342315673828,44.32832336425781,30.622329711914062,65.10271453857422,168.4183349609375,259.6986999511719,436.7549743652344,38.33892822265625,131.45654296875,87.50379943847656,150.32247924804688,26.945735931396484,116.25289154052734,100.04053497314452,40.74525451660156,34.76825714111328,220.88999938964844,93.07024383544922,59.831172943115234,61.02889633178711,94.18782043457033,122.84838104248048,96.5532455444336,216.17620849609375
2022-06-15,133.4663543701172,245.98255920410156,107.66999816894533,109.87010955810548,168.5556182861328,106.32640075683594,192.04364013671875,16.504343032836914,180.11000061035156,66.77558898925781,36.4051628112793,89.30000305175781,122.17110443115234,39.875335693359375,133.72000122070312,42.4160041809082,9.847153663635254,33.23475646972656,122.99742126464844,143.80795288085938,58.0186653137207,44.829498291015625,142.8647003173828,49.41451644897461,84.46649169921875,494.8514709472656,160.9749755859375,68.06971740722656,75.83000183105469,32.60300064086914,55.0099983215332,85.16000366210938,22.030000686645508,15.15999984741211,63.619998931884766,101.47000122070312,31.530000686645508,19.06999969482422,13.199999809265137,76.05000305175781,41.10175323486328,104.3296127319336,144.82000732421875,59.836822509765625,60.189998626708984,97.88253021240234,28.899999618530273,8.119999885559082,164.35000610351562,85.91000366210938,43.560001373291016,148.25,81.16999816894531,122.54000091552734,254.32000732421875,89.3499984741211,60.470001220703125,112.93000030517578,179.66000366210938,167.3508758544922,465.9500122070313,142.80999755859375,90.63702392578124,195.34991455078125,370.977783203125,269.8296813964844,376.9200134277344,68.81958770751953,109.24221801757812,35.40812301635742,29.749710083007812,42.62692642211914,269.3415832519531,59.05598831176758,16.252159118652344,40.3171501159668,123.7252197265625,36.61944580078125,57.36422348022461,4.003773212432861,4.357138633728027,6.806325435638428,16.747426986694336,44.85259246826172,31.221174240112305,64.94264221191406,169.43106079101562,260.6864929199219,440.5866394042969,38.313262939453125,135.82308959960938,86.40203857421875,147.37074279785156,27.085447311401367,112.88733673095705,98.10236358642578,39.14258575439453,33.763240814208984,233.0,94.70999145507812,58.087013244628906,59.18739700317383,92.60491943359376,117.84259796142578,93.00784301757812,208.1905059814453
2022-06-16,128.17422485351562,239.3484039306641,103.66000366210938,106.13330841064452,160.11537170410156,104.5022430419922,185.08290100097656,15.579609870910645,173.35000610351562,65.82711791992188,35.171241760253906,82.05000305175781,120.93212890625,39.43834686279297,133.36000061035156,40.07728576660156,9.028564453125,30.551088333129883,113.41331481933594,139.61138916015625,53.98523712158203,41.337135314941406,136.56297302246094,46.64409255981445,80.51957702636719,458.44244384765625,150.8556671142578,63.23055648803711,71.2300033569336,30.52300071716309,51.04999923706055,78.7300033569336,20.469999313354492,13.880000114440918,58.380001068115234,93.26000213623048,28.780000686645508,17.450000762939453,12.220000267028809,69.0,38.80625915527344,97.97499084472656,137.3800048828125,57.68783187866211,58.7599983215332,90.23664093017578,24.690000534057617,7.670000076293945,157.2100067138672,79.04000091552734,39.70000076293945,136.02999877929688,77.71833038330078,114.37999725341795,235.0099945068359,81.98999786376953,56.810001373291016,106.08999633789062,165.74000549316406,158.71275329589844,428.0799865722656,136.86000061035156,90.11243438720705,188.5506134033203,352.4455261230469,256.18145751953125,365.0799865722656,66.94564819335938,105.52897644042967,34.92575454711914,29.56406593322754,42.00875473022461,264.6153259277344,58.43192672729492,15.850868225097656,40.062862396240234,121.5346908569336,34.593658447265625,54.500789642333984,3.969698667526245,4.192372798919678,6.580950736999512,16.215259552001953,42.96150207519531,29.678709030151367,60.7242546081543,162.4270477294922,254.8433837890625,433.8356323242187,38.71121597290039,131.63157653808594,83.21510314941406,139.49349975585938,25.82809257507324,105.89056396484376,91.90198516845705,36.27666091918945,31.734214782714844,213.1000061035156,93.12950897216795,54.743255615234375,54.70035934448242,87.28632354736328,109.06179809570312,86.50012969970703,195.6940155029297
2022-06-17,129.6524658203125,241.9668884277344,106.22000122070312,107.35700988769533,162.971923828125,104.13373565673828,186.0227203369141,15.858227729797363,175.50999450683594,64.87866973876953,34.82273864746094,81.56999969482422,120.35272979736328,39.5020751953125,136.8000030517578,40.51311874389648,9.012513160705566,30.998363494873047,113.5728988647461,138.53225708007812,54.7114372253418,41.45176696777344,137.6767120361328,46.782005310058594,80.97686767578125,463.5346984863281,150.38876342773438,64.9001693725586,72.9000015258789,31.68899917602539,51.220001220703125,84.0199966430664,21.809999465942383,14.890000343322754,61.689998626708984,99.48999786376952,29.270000457763672,18.18000030517578,12.420000076293944,72.11000061035156,39.87370681762695,98.73793029785156,139.8300018310547,60.68339920043945,59.0,88.71318054199219,26.8700008392334,8.239999771118164,163.89999389648438,82.66999816894531,41.209999084472656,144.22000122070312,79.22666931152344,119.37999725341795,249.75,85.62999725341797,60.54999923706055,110.0,178.5500030517578,162.09848022460938,443.7900085449219,139.3800048828125,90.34558868408205,188.87124633789065,362.3241271972656,260.97064208984375,360.7900085449219,65.9951171875,106.63369750976562,35.695701599121094,29.629039764404297,41.67726516723633,259.79620361328125,57.59663772583008,16.201993942260742,40.21871566772461,124.77157592773438,35.323673248291016,55.83705520629883,3.969698667526245,4.201526165008545,6.698145389556885,16.679912567138672,44.553009033203125,30.44086456298828,60.856075286865234,163.24105834960938,252.2992401123047,428.96673583984375,37.963436126708984,128.32443237304688,78.4165267944336,133.12351989746094,24.238937377929688,98.90262603759766,84.11337280273438,34.54200744628906,30.04652976989746,216.7599945068359,93.18878173828124,53.65436553955078,50.16145324707031,81.86824035644531,103.27530670166016,82.08954620361328,205.2478485107422
2022-06-21,133.89999389648438,247.91714477539065,108.68000030517578,111.4869384765625,156.31329345703125,106.71336364746094,190.3108367919922,16.54328727722168,170.91000366210938,64.84033203125,35.53858947753906,83.79000091552734,122.87531280517578,40.184871673583984,136.75,40.359657287597656,9.197096824645996,31.73734474182129,116.76446533203124,141.53904724121094,55.74188232421875,42.79377365112305,141.2178955078125,47.6541748046875,82.83456420898438,484.0992431640625,151.58937072753906,64.90907287597656,72.37000274658203,32.82500076293945,57.4900016784668,85.16999816894531,21.760000228881836,14.670000076293944,63.06999969482422,102.2699966430664,30.040000915527344,18.420000076293945,12.850000381469728,71.80999755859375,39.94928741455078,102.74578094482422,145.6300048828125,59.21352767944336,63.04999923706055,87.6086654663086,29.63999938964844,8.710000038146973,164.63999938964844,84.12000274658203,43.619998931884766,150.25,83.22666931152344,122.54000091552734,269.54998779296875,90.30999755859376,59.54999923706055,113.81999969482422,183.0,165.64306640625,455.2699890136719,138.60000610351562,91.40447235107422,195.05755615234375,369.8899536132813,268.0263366699219,362.989990234375,67.56124114990234,111.01325225830078,36.168800354003906,30.492292404174805,42.96736907958984,264.45745849609375,59.89128494262695,16.68688201904297,41.547584533691406,128.76144409179688,35.11378479003906,56.40974426269531,4.105997562408447,4.3113694190979,6.896475315093994,16.848697662353516,46.088348388671875,31.112289428710938,61.816505432128906,163.1558380126953,250.87338256835935,444.7351684570313,39.20866012573242,133.29896545410156,83.29707336425781,138.69500732421875,25.42643928527832,104.19893646240234,89.0844497680664,36.59718322753906,31.810070037841797,237.0366668701172,92.15159606933594,55.764686584472656,52.357425689697266,86.81597137451172,106.97681427001952,85.91706085205078,209.40045166015625
2022-06-22,133.3875274658203,247.32113647460935,108.9499969482422,111.50584411621094,155.11892700195312,106.11450958251952,189.75277709960935,16.337570190429688,178.88999938964844,63.73858642578125,35.20892333984375,83.75,122.18893432617188,39.66595458984375,137.16000366210938,39.61691665649414,9.213147163391112,31.922094345092773,114.6711654663086,140.74586486816406,55.29044723510742,42.06149673461914,140.55152893066406,46.92862701416016,80.8911361694336,475.4327392578125,149.55026245117188,63.92696762084961,72.97000122070312,33.854000091552734,51.90999984741211,88.44999694824219,21.5,14.829999923706056,65.1500015258789,99.52999877929688,31.3799991607666,18.88999938964844,13.079999923706056,74.08999633789062,40.7427864074707,101.54826354980467,142.69000244140625,57.138954162597656,60.36000061035156,87.27542114257812,31.1200008392334,9.010000228881836,165.7100067138672,86.0199966430664,44.34000015258789,149.11000061035156,82.38666534423828,127.36000061035156,267.2300109863281,91.08999633789062,62.04999923706055,115.16999816894533,185.3999938964844,166.25868225097656,458.6499938964844,136.58999633789062,91.31704711914062,195.58566284179688,373.2318420410156,269.1890869140625,365.3299865722656,67.35302734375,110.95701599121094,35.8070182800293,30.26023292541504,42.28648376464844,264.206787109375,59.94888687133789,16.98785400390625,41.66241455078125,130.2283172607422,35.497039794921875,56.600643157958984,4.182665824890137,4.283908843994141,6.941549777984619,16.630271911621094,45.50791931152344,30.613264083862305,63.70915985107422,164.3105926513672,250.6683807373047,441.7102661132813,38.73368453979492,129.7154541015625,80.0008773803711,132.66592407226562,24.527080535888672,98.10552978515624,83.5031967163086,35.37162780761719,30.4257869720459,236.086669921875,92.3590316772461,53.7410888671875,49.75510787963867,81.86824035644531,103.9090576171875,83.75407409667969,209.31332397460938
2022-06-23,136.2651824951172,252.9196319580078,112.44000244140624,112.15328979492188,158.00531005859375,104.95368194580078,192.51361083984375,16.202756881713867,181.7100067138672,64.79244232177734,35.23717498779297,82.43000030517578,123.40121459960938,39.08329772949219,133.97000122070312,39.32841873168945,9.277353286743164,32.07766342163086,112.72805786132812,139.3992462158203,55.172698974609375,41.908329010009766,138.54296875,46.97403335571289,80.13854217529297,475.4327392578125,146.27243041992188,63.791717529296875,73.80999755859375,36.382999420166016,58.880001068115234,97.41000366210938,22.3700008392334,15.880000114440918,70.2699966430664,95.72000122070312,34.13999938964844,19.899999618530273,13.9399995803833,78.7300033569336,40.591644287109375,108.26985168457033,146.1300048828125,57.58550262451172,64.2300033569336,86.51367950439453,34.47999954223633,9.460000038146973,174.89999389648438,93.4000015258789,48.20000076293945,162.75999450683594,83.84500122070312,143.11000061035156,290.6099853515625,100.5999984741211,65.69999694824219,117.66999816894533,193.2599945068359,171.81886291503906,485.5299987792969,142.19000244140625,91.55018615722656,198.58450317382812,392.7440490722656,281.9701232910156,376.6400146484375,66.96376037597656,111.70792388916016,35.15766906738281,29.777559280395508,41.52496719360352,265.7203674316406,59.55524444580078,17.230297088623047,42.728797912597656,132.93711853027344,35.68867492675781,58.2232551574707,4.267852306365967,4.274755954742432,6.851400375366211,16.630271911621094,45.91047286987305,30.7312068939209,66.58103942871094,166.89450073242188,256.66998291015625,456.1535034179687,39.67402267456055,135.24270629882812,77.58793640136719,127.7853012084961,23.889677047729492,94.91712188720705,78.8641357421875,32.9770622253418,28.482099533081055,235.07000732421875,93.1492691040039,54.04944610595703,47.325714111328125,76.33255767822266,96.01002502441406,79.58799743652344,206.77723693847656
2022-06-24,139.60604858398438,261.5567932128906,116.45999908447266,117.9792022705078,169.36180114746094,108.08607482910156,201.1974334716797,17.102519989013672,190.8500061035156,67.7336196899414,36.36748123168945,87.08000183105469,126.6279754638672,40.14845275878906,141.52999877929688,41.176063537597656,9.638493537902832,33.857059478759766,117.43093872070312,143.8356170654297,57.3513298034668,44.48856735229492,142.49346923828125,48.15740966796875,81.85333251953125,504.57562255859375,151.80850219726562,66.85733795166016,77.68000030517578,38.52299880981445,62.709999084472656,99.12000274658205,23.030000686645508,16.34000015258789,74.11000061035156,103.51000213623048,35.459999084472656,21.469999313354492,14.699999809265137,83.62000274658203,43.1422004699707,113.59112548828124,151.33999633789062,59.54843521118164,65.95999908447266,89.12261962890625,36.41999816894531,10.1899995803833,184.9900054931641,101.26000213623048,51.84000015258789,170.82000732421875,85.11833190917969,151.52999877929688,303.0899963378906,107.4800033569336,68.75,122.63999938964844,205.32000732421875,184.5972595214844,504.0899963378906,152.0500030517578,95.6011734008789,206.3268280029297,409.2770080566406,302.06292724609375,387.7200012207031,70.44910430908203,117.41365051269533,37.81072998046875,29.99104881286621,42.87777328491211,281.11553955078125,61.859493255615234,17.5479793548584,41.8018684387207,134.0519256591797,36.10843276977539,59.08229446411133,4.2848896980285645,4.4029059410095215,7.058745384216309,17.005569458007812,47.04325485229492,31.965177536010746,67.72980499267578,173.0561065673828,263.7339172363281,465.1516723632813,39.70611572265625,138.56826782226562,79.12674713134766,129.88470458984375,24.649324417114254,97.94609832763672,81.57401275634766,33.05248260498047,29.344905853271484,245.7066650390625,96.58679962158205,55.42742919921875,46.48709487915039,76.16070556640625,95.4589385986328,80.57545471191406,217.58941650390625
2022-06-27,139.60604858398438,258.8113098144531,113.22000122070312,116.07271575927734,168.69493103027344,107.22004699707033,199.28839111328125,16.84587287902832,189.13999938964844,67.455810546875,36.386322021484375,86.16000366210938,127.28759765625,39.848026275634766,138.72000122070312,40.99783706665039,9.662569999694824,33.67231369018555,119.38341522216795,143.53126525878906,57.68499755859375,44.449031829833984,143.35020446777344,47.837684631347656,81.79615783691406,497.50531005859375,151.37020874023438,66.91141510009766,75.94000244140625,37.32099914550781,55.959999084472656,97.20999908447266,22.86000061035156,15.890000343322754,71.19999694824219,101.5,34.0099983215332,20.729999542236328,14.5600004196167,80.6500015258789,41.92360305786133,114.66310119628906,155.24000549316406,61.04621887207031,64.73999786376953,91.29353332519533,35.93000030517578,9.619999885559082,181.92999267578125,97.26000213623048,49.25,164.22999572753906,83.64666748046875,148.14999389648438,298.8900146484375,105.1999969482422,66.19000244140625,119.81999969482422,202.2100067138672,180.02008056640625,496.7000122070313,148.0500030517578,94.52285766601562,205.87420654296875,396.63470458984375,295.7068786621094,381.0700073242187,70.10509490966797,115.28234100341795,37.3283576965332,30.02817726135254,42.85090637207031,279.2862548828125,61.59067153930664,17.372419357299805,41.8018684387207,133.5238800048828,36.3456916809082,59.75041961669922,4.276371479034424,4.412059783935547,7.166925430297852,16.769269943237305,47.033897399902344,32.08313751220703,67.78630828857422,174.36228942871094,263.4449768066406,462.6357116699219,39.834495544433594,137.82211303710938,81.06623840332031,132.39682006835938,25.059711456298828,100.753662109375,83.40061950683594,33.834957122802734,30.55852699279785,244.9199981689453,95.43107604980467,56.75722122192383,49.96260452270508,78.87427520751953,103.09160614013672,82.7008056640625,219.36083984375
2022-06-28,135.44720458984375,250.5942840576172,107.4000015258789,112.04083251953124,159.92626953125,106.70413970947266,193.96255493164065,15.960088729858398,179.60000610351562,65.70258331298828,35.58568572998047,80.77999877929688,126.44969940185548,39.20164108276367,138.6999969482422,40.48774337768555,9.477986335754396,33.05001449584961,123.532470703125,142.18467712402344,56.782135009765625,43.30962371826172,141.35116577148438,47.15092468261719,80.34810638427734,480.2409362792969,146.94895935058594,65.73927307128906,71.81999969482422,35.0260009765625,51.18000030517578,91.61000061035156,22.079999923706055,14.609999656677246,67.44999694824219,97.52999877929688,33.130001068115234,19.700000762939453,13.729999542236328,74.04000091552734,40.28935623168945,112.76058197021484,153.7899932861328,60.04148864746094,62.959999084472656,89.23686981201172,34.4900016784668,9.3100004196167,174.19000244140625,92.5999984741211,45.439998626708984,154.9199981689453,81.98500061035156,143.75999450683594,278.3500061035156,97.31999969482422,61.66999816894531,113.12999725341795,192.6000061035156,170.24014282226562,473.44000244140625,144.25,92.74508666992188,201.86627197265625,378.5729675292969,282.4628601074219,365.6300048828125,70.75690460205078,111.47454071044922,37.272701263427734,29.944639205932617,42.295433044433594,278.0885009765625,61.6098747253418,17.230297088623047,41.391727447509766,130.09140014648438,35.70692825317383,58.414154052734375,4.301927089691162,4.3479838371276855,7.013670444488525,16.519071578979492,45.81685256958008,31.248394012451172,65.66768646240234,165.37062072753906,251.7587127685547,450.0169982910156,39.27286529541016,133.13316345214844,83.31527709960938,134.52313232421875,25.38277816772461,104.7834701538086,86.1043930053711,34.853126525878906,31.46872901916504,232.663330078125,94.74950408935548,59.46499252319336,51.40641021728515,80.36672973632812,106.77474975585938,83.4061279296875,216.0406951904297
2022-06-29,137.21124267578125,254.2875213623047,108.91999816894533,111.72730255126952,163.17095947265625,106.22506713867188,195.3135528564453,15.5206937789917,178.36000061035156,66.30615997314453,35.124149322509766,77.98999786376953,125.42463684082033,39.03778076171875,138.4499969482422,39.14183807373047,9.245250701904297,32.524940490722656,122.24645233154295,140.91188049316406,54.976417541503906,42.20183181762695,140.18980407714844,46.39037322998047,79.69075775146484,474.5709533691406,142.9469757080078,64.4499282836914,71.47000122070312,33.04999923706055,49.75,89.5999984741211,21.469999313354492,14.029999732971191,67.41999816894531,93.93000030517578,32.7599983215332,19.959999084472656,13.960000038146973,74.80000305175781,40.30824661254883,112.05558013916016,151.32000732421875,60.32988357543945,63.06999969482422,88.09426879882812,34.02000045776367,9.229999542236328,175.94000244140625,93.36000061035156,45.869998931884766,154.9499969482422,81.96666717529297,143.02999877929688,276.7699890136719,98.37000274658205,61.040000915527344,111.87000274658205,192.36000061035156,169.3961944580078,477.7900085449219,146.30999755859375,91.2490463256836,200.1027984619141,381.8756103515625,280.03863525390625,368.5,70.7840576171875,111.16999816894533,36.836700439453125,29.57334327697754,42.19689178466797,281.6076354980469,61.08180618286133,17.514543533325195,41.78546524047851,131.40182495117188,35.889434814453125,58.318702697753906,4.353039264678955,4.3113694190979,6.887460231781006,16.562755584716797,44.36577224731445,30.49530792236328,65.57353210449219,166.6768035888672,255.2254638671875,451.1982116699219,39.12843322753906,130.71957397460938,80.23762512207031,131.86746215820312,25.120830535888672,100.2754135131836,82.704345703125,34.108360290527344,30.511119842529297,228.4900054931641,94.4827880859375,56.949947357177734,48.25943374633789,76.5044174194336,99.97792053222656,79.44694519042969,205.1026611328125
2022-06-30,134.7376708984375,250.93621826171875,106.20999908447266,108.85690307617188,160.49359130859375,103.74678802490234,192.7583465576172,15.138216018676758,174.8699951171875,66.93846130371094,35.23717498779297,76.47000122070312,125.85250091552734,38.819278717041016,136.72000122070312,39.12955474853515,8.932260513305664,30.88167953491211,119.90908813476562,141.71426391601562,54.25020217895508,42.11288833618164,139.06654357910156,45.95524597167969,77.88069152832031,466.0122375488281,141.05079650878906,64.41384887695312,69.83999633789062,31.239999771118164,47.02000045776367,83.80999755859375,20.459999084472656,13.279999732971191,64.16999816894531,89.08000183105469,31.75,18.15999984741211,13.130000114440918,73.20999908447266,39.36359405517578,109.78607940673828,148.72999572753906,59.74379348754883,61.79999923706055,88.89409637451172,32.86000061035156,9.06999969482422,168.55999755859375,90.4000015258789,43.75,149.50999450683594,82.32333374023438,139.05999755859375,259.5,95.23999786376952,57.380001068115234,107.97000122070312,187.3999938964844,163.86581420898438,475.5199890136719,139.5800018310547,88.13066101074219,198.07525634765625,377.7398986816406,276.0378723144531,366.05999755859375,68.85580444335938,108.4445343017578,36.33577346801758,28.895740509033203,41.20244598388672,275.7949523925781,60.65937042236328,17.52290153503418,41.62961196899414,131.56805419921875,35.80730438232422,58.50959777832031,4.3700761795043945,4.219832897186279,6.671100616455078,16.23710060119629,43.26107025146485,29.742223739624023,66.44921875,165.3233184814453,255.59820556640625,460.263671875,39.019325256347656,130.1023406982422,77.9794692993164,129.89366149902344,24.75410270690918,97.81326293945312,81.21229553222656,33.712406158447266,29.733646392822266,224.47332763671875,93.24805450439452,56.73795318603515,47.64559555053711,74.1617202758789,97.6173858642578,77.31217956542969,202.28587341308594
2022-07-01,136.91561889648438,253.62306213378903,109.55999755859376,108.56678009033205,159.27931213378906,105.07344818115234,195.00030517578125,14.50308895111084,179.9499969482422,67.8965072631836,34.22932434082031,73.66999816894531,125.79006958007812,38.78286361694336,139.83999633789062,39.04965591430664,9.084741592407228,31.29979133605957,115.95718383789062,137.00123596191406,52.65056610107422,39.017791748046875,136.03939819335938,45.201316833496094,73.35552215576172,440.5023498535156,139.20225524902344,62.294979095458984,71.4000015258789,31.40999984741211,49.040000915527344,85.16999816894531,21.34000015258789,13.479999542236328,67.94999694824219,91.41000366210938,33.66999816894531,18.709999084472656,13.170000076293944,79.80999755859375,40.51606750488281,112.026611328125,151.49000549316406,61.35320663452149,64.81999969482422,88.99884033203125,35.06999969482422,9.270000457763672,179.25,95.9800033569336,45.900001525878906,155.3699951171875,84.70833587646484,144.52999877929688,269.010009765625,101.0500030517578,61.220001220703125,110.97000122070312,197.5099945068359,167.0033416748047,484.3599853515625,142.35000610351562,88.1112289428711,201.08355712890625,380.5525512695313,286.92681884765625,368.4800109863281,69.4804458618164,108.22010803222656,37.03150177001953,29.294876098632812,41.9908332824707,277.8470153808594,61.36984634399414,17.815507888793945,42.35966491699219,133.78790283203125,36.76544570922851,59.27317810058594,4.378594875335693,4.26560115814209,6.698145389556885,16.21923065185547,40.01251602172851,28.91655540466309,70.24388885498047,167.86936950683594,260.0807800292969,466.4866027832031,39.35629653930664,131.1617431640625,79.71862030029297,131.44581604003906,24.69298553466797,98.85836029052734,82.27030944824219,33.608699798583984,29.80001449584961,227.26333618164065,94.96681213378906,58.24119567871094,47.64559555053711,76.31448364257812,99.1788330078125,79.44694519042969,198.57855224609375
2022-07-05,139.50747680664062,256.8180847167969,113.5,113.3501205444336,167.40103149414062,104.67379760742188,196.33175659179688,14.94348430633545,185.8800048828125,68.96952056884766,34.55900192260742,75.19999694824219,122.6703109741211,38.54402923583984,137.6999969482422,38.12165451049805,8.988436698913574,31.474807739257812,118.11619567871094,137.51773071289062,55.673187255859375,38.4189338684082,136.1917266845703,45.05564880371094,72.50763702392578,423.4337158203125,139.03076171875,64.296630859375,74.4000015258789,34.0,55.40999984741211,90.4800033569336,22.520000457763672,14.0,74.9000015258789,95.94000244140624,35.06999969482422,20.229999542236328,14.380000114440918,88.23999786376953,41.49850845336914,116.01514434814452,154.25,60.21824645996094,66.62000274658203,87.90384674072266,39.9900016784668,10.06999969482422,187.02000427246097,102.55999755859376,50.5,166.30999755859375,86.8566665649414,154.89999389648438,304.42999267578125,108.37999725341795,65.31999969482422,120.41999816894533,208.38999938964844,170.97488403320312,495.9299926757813,146.3699951171875,86.61518859863281,200.3762664794922,392.22467041015625,308.7244567871094,376.489990234375,68.90105438232422,112.7240753173828,37.198482513427734,28.99784278869629,41.757904052734375,275.9620666503906,60.860992431640625,17.69846534729004,42.179203033447266,134.52133178710938,36.59090423583984,59.368629455566406,4.31896448135376,4.164911270141602,6.644054889678955,16.07427406311035,40.386985778808594,28.617137908935547,72.87098693847656,170.25453186035156,264.4141845703125,468.887451171875,39.876216888427734,134.22940063476562,77.22369384765625,127.99166107177734,23.70631217956543,92.83580780029295,76.5372314453125,31.42154312133789,27.39173889160156,233.0666656494141,95.99412536621094,56.95957565307617,44.86173629760742,72.7144775390625,95.14663696289062,76.87017059326172,194.00975036621094
2022-07-06,140.84771728515625,260.1009521484375,114.33000183105467,114.6703643798828,168.9736328125,103.99530792236328,196.89959716796875,15.10925579071045,184.05999755859375,68.65336608886719,34.84157943725586,75.3499984741211,123.08031463623048,39.214599609375,136.30999755859375,37.83895111083984,8.876080513000488,30.40523147583008,119.27078247070312,139.0948944091797,56.30126190185547,38.707489013671875,137.7433624267578,45.65254592895508,71.98367309570312,419.98675537109375,138.8782958984375,64.49500274658203,73.23999786376953,33.040000915527344,51.709999084472656,88.69999694824219,21.5,13.220000267028809,69.36000061035156,92.87999725341795,34.7599983215332,19.729999542236328,14.279999732971191,85.94000244140625,41.30013656616211,115.03974151611328,149.1999969482422,57.45525741577149,61.689998626708984,84.96165466308594,37.95000076293945,9.800000190734863,185.9199981689453,101.33000183105467,50.349998474121094,163.75,85.82666778564453,154.0,304.29998779296875,108.02999877929688,64.08999633789062,117.05999755859376,207.8500061035156,171.50111389160156,493.30999755859375,145.94000244140625,87.29520416259766,204.88400268554688,396.8209533691406,308.1824645996094,382.8299865722656,68.3035888671875,114.0268325805664,36.64189529418945,28.756505966186523,41.34578704833984,272.7679443359375,60.90900039672851,17.631587982177734,42.25302505493164,133.97372436523438,36.59090423583984,59.08229446411133,4.131553649902344,4.174065113067627,6.689130783081055,15.95115852355957,39.506980895996094,28.28142547607422,72.50669860839844,169.4783935546875,264.2744140625,473.1032104492187,40.15864562988281,133.4003143310547,75.83055114746094,126.3049545288086,23.330854415893555,89.37283325195312,75.36167907714844,30.855899810791016,26.936634063720703,231.73333740234375,94.90754699707033,56.95957565307617,44.09227752685547,71.93659210205078,93.4198760986328,74.58496856689453,191.94796752929688
2022-07-07,144.22804260253906,262.24072265625,116.33000183105467,118.74357604980467,171.3822784423828,106.6256103515625,198.5443420410156,15.836257934570312,189.27000427246097,68.81623840332031,35.924774169921875,79.30000305175781,125.53160858154295,39.701454162597656,139.97000122070312,38.71778106689453,9.349579811096191,31.756792068481445,126.16082763671876,142.67352294921875,57.75369644165039,40.99916076660156,141.42730712890625,47.15943145751953,76.832763671875,442.5294799804687,144.8527069091797,67.16388702392578,75.04000091552734,35.33000183105469,57.459999084472656,93.58000183105467,22.739999771118164,13.760000228881836,76.0,97.5,35.619998931884766,20.270000457763672,15.100000381469728,89.6500015258789,41.39459991455078,118.19772338867188,154.69000244140625,58.729774475097656,62.22999954223633,84.3617935180664,39.52000045776367,10.18000030517578,190.1999969482422,103.66000366210938,52.7400016784668,167.42999267578125,86.20833587646484,159.07000732421875,315.4800109863281,107.6999969482422,67.44999694824219,120.73999786376952,213.77000427246097,175.38330078125,497.0499877929687,147.60000610351562,88.1209487915039,204.18614196777344,402.6325073242187,321.2591247558594,390.8900146484375,69.69770812988281,118.21780395507812,37.217041015625,29.57334327697754,42.044586181640625,277.2620544433594,61.67708206176758,17.681745529174805,42.1201286315918,133.31851196289062,36.69195938110352,59.65497589111328,4.114516258239746,4.238141059875488,6.842385292053223,16.582612991333008,40.19974899291992,28.834896087646484,73.51911926269531,171.85409545898438,267.1726379394531,475.31195068359375,40.2196159362793,138.14453125,78.25263214111328,128.76321411132812,24.256406784057617,93.05723571777344,78.08352661132812,32.41141891479492,28.33987808227539,244.5433349609375,96.24107360839844,59.23373031616211,46.400634765625,74.65921020507812,97.67249298095705,78.45950317382812,196.4974365234375
2022-07-08,144.9080047607422,261.5177001953125,115.54000091552734,119.60201263427734,170.0784149169922,106.291015625,199.2981719970703,15.816285133361816,186.97999572753903,68.85455322265625,35.78348922729492,79.3499984741211,125.21067810058594,39.85761260986328,139.07000732421875,38.87142181396485,9.3255033493042,31.41647720336914,127.6720962524414,143.44825744628906,58.15193176269531,41.02288436889648,142.7314453125,47.17362594604492,77.65206146240234,443.55767822265625,147.00613403320312,67.50652313232422,73.43000030517578,35.56999969482422,60.290000915527344,92.70999908447266,22.34000015258789,13.399999618530272,74.95999908447266,97.3499984741211,35.13999938964844,20.239999771118164,14.960000038146973,88.75,40.752235412597656,116.7587661743164,152.39999389648438,57.68783187866211,60.79999923706055,86.61841583251953,41.25,10.170000076293944,190.3800048828125,103.9000015258789,52.08000183105469,166.88999938964844,87.37000274658203,159.67999267578125,314.1600036621094,108.29000091552734,66.44999694824219,119.8000030517578,214.0800018310547,174.2514190673828,494.1499938964844,148.00999450683594,88.00436401367188,204.89341735839844,399.343994140625,318.5787353515625,389.44000244140625,69.46234893798828,118.78559112548828,37.272701263427734,29.508373260498047,41.946044921875,275.2842712402344,61.79230117797851,17.62074851989746,41.93740463256836,132.7220001220703,36.710330963134766,60.227664947509766,4.097478866577148,4.256448745727539,6.815340518951416,16.3979434967041,40.1810188293457,29.13431167602539,74.17198944091797,171.91087341308594,266.9676818847656,481.6404418945313,40.24528884887695,136.32977294921875,78.3801040649414,128.09034729003906,24.308794021606445,93.45577239990234,78.18299865722656,32.354854583740234,28.29247283935547,250.76333618164065,94.6902313232422,58.46282196044922,47.100921630859375,74.17980194091797,98.30624389648438,78.30902099609375,199.33360290527344
2022-07-11,142.7694854736328,258.4399719238281,111.75,115.97319793701172,162.11593627929688,104.89685821533205,200.75689697265625,15.131226539611816,177.33999633789062,68.8738021850586,35.03937530517578,76.94999694824219,125.6831512451172,39.72901153564453,136.99000549316406,38.04790496826172,9.060663223266602,30.01629638671875,124.13323974609376,141.6312713623047,56.84415435791016,39.76686096191406,140.46585083007812,45.67618560791016,75.36564636230469,429.9557189941406,144.7955322265625,67.01961517333984,70.47000122070312,32.31999969482422,53.880001068115234,85.87000274658203,21.190000534057617,12.359999656677246,71.31999969482422,95.0999984741211,33.470001220703125,18.510000228881836,14.0600004196167,86.06999969482422,40.45939636230469,105.81685638427734,143.72999572753906,55.4365119934082,54.70000076293945,82.56219482421875,38.40999984741211,9.5600004196167,185.3699951171875,100.37999725341795,50.689998626708984,162.4199981689453,85.98500061035156,155.39999389648438,310.8599853515625,104.01000213623048,63.11000061035156,108.37999725341795,211.02999877929688,173.11952209472656,490.3999938964844,145.5399932861328,85.79916381835938,202.64898681640625,395.1719970703125,315.2775573730469,384.1600036621094,68.6385269165039,115.12609100341795,36.91091537475586,29.202054977416992,41.381622314453125,272.2294006347656,60.4289436340332,17.502151489257812,41.945701599121094,131.75384521484375,35.98457336425781,59.08229446411133,4.114516258239746,4.219832897186279,6.571935653686523,16.280786514282227,39.76910400390625,28.490110397338867,74.4653091430664,170.47219848632812,266.8930969238281,479.1051940917969,40.2613410949707,134.85581970214844,77.9794692993164,126.95990753173828,23.976991653442383,91.8438491821289,77.36009979248047,31.459257125854492,27.837364196777344,234.3433380126953,92.49732208251952,57.35466766357422,46.098045349121094,73.95368957519531,99.00431060791016,78.64759063720703,193.41932678222656
2022-07-12,143.7451171875,247.8487243652344,109.22000122070312,114.30809020996094,162.50411987304688,104.99909210205078,200.52197265625,15.061323165893556,174.4499969482422,67.75749206542969,35.04879379272461,76.36000061035156,124.0608139038086,39.37076187133789,147.14999389648438,38.730079650878906,9.277353286743164,30.658042907714844,124.7997055053711,142.4613800048828,58.19126510620117,40.10878372192383,140.93228149414062,45.53523635864258,75.35611724853516,425.48040771484375,145.06231689453125,67.42537689208984,71.43000030517578,32.380001068115234,54.2400016784668,83.51000213623047,21.56999969482422,12.609999656677246,71.12999725341797,96.5500030517578,34.290000915527344,18.5,14.039999961853027,85.58999633789062,40.80891799926758,105.46918487548828,143.47999572753906,55.96678161621094,56.209999084472656,82.35270690917969,38.220001220703125,9.489999771118164,174.38999938964844,95.76000213623048,47.369998931884766,150.9199981689453,82.09666442871094,145.42999267578125,291.239990234375,97.31999969482422,62.79999923706055,107.98999786376952,192.6699981689453,165.1466522216797,427.94000244140625,137.77999877929688,83.88538360595703,200.19708251953125,378.7882385253906,292.4747314453125,375.5400085449219,68.7471694946289,113.47795867919922,36.73466110229492,29.109230041503903,41.32786560058594,271.62579345703125,59.76647186279297,17.45132064819336,42.17826843261719,131.47027587890625,36.51740646362305,59.177734375,4.131553649902344,4.183218479156494,6.617010593414307,16.292701721191406,40.302730560302734,28.426597595214844,74.07737731933594,171.31460571289062,265.7095947265625,471.1056823730469,40.139373779296875,133.1699676513672,76.9414291381836,124.6362075805664,23.470558166503903,88.11518096923828,75.46113586425781,30.855899810791016,27.116779327392575,233.07000732421875,92.4578094482422,55.28287506103515,44.89630889892578,72.82303619384766,96.31312561035156,77.82001495361328,189.54742431640625
2022-07-13,143.3805389404297,246.92056274414065,110.4000015258789,111.65814208984376,162.7230987548828,104.01388549804688,199.8659820556641,15.14320945739746,176.55999755859375,67.39180755615234,35.04879379272461,77.5199966430664,122.27806854248048,39.223785400390625,143.9499969482422,38.10935592651367,9.237224578857422,30.842788696289062,127.3248062133789,142.3045654296875,57.87661361694336,40.71554946899414,142.0175018310547,45.569297790527344,77.44247436523438,437.7408752441406,147.70172119140625,67.22700500488281,71.36000061035156,32.150001525878906,53.099998474121094,85.08999633789062,21.5,12.510000228881836,71.73999786376953,95.63999938964844,33.349998474121094,18.40999984741211,13.829999923706056,83.20999908447266,40.13821029663086,105.36295318603516,145.25999450683594,57.39944076538086,56.349998474121094,85.11399841308594,37.08000183105469,9.279999732971191,174.97000122070312,97.0999984741211,46.779998779296875,148.9499969482422,82.23500061035156,149.60000610351562,295.260009765625,97.33999633789062,61.70000076293945,101.01000213623048,194.47000122070312,162.32687377929688,422.7699890136719,140.0500030517578,83.4968032836914,199.0466156005859,376.2752075195313,291.0754089355469,371.94000244140625,67.87810516357422,110.82364654541016,36.24300765991211,28.626554489135746,40.763458251953125,269.4158630371094,59.09440231323242,17.324249267578125,41.954010009765625,131.93966674804688,36.6368408203125,59.464080810546875,4.140072345733643,4.210679531097412,6.752235412597656,16.18745994567871,40.386985778808594,28.18161964416504,74.55992889404297,172.6112823486328,267.62933349609375,472.6902160644531,40.23566436767578,133.9806671142578,77.25101470947266,123.80184936523438,23.584068298339844,88.02661895751953,75.15370178222656,30.44109344482422,26.832338333129883,237.0399932861328,91.8058624267578,55.899600982666016,45.466915130615234,72.04513549804688,94.0444564819336,77.05827331542969,189.72166442871094
2022-07-14,146.31729125976562,248.24935913085935,110.62999725341795,110.91465759277344,157.30860900878906,100.37974548339844,201.5890655517578,15.350924491882324,174.77999877929688,66.83364868164062,35.51974868774414,78.5999984741211,123.95384979248048,38.88391876220703,147.14999389648438,37.54396438598633,9.140920639038086,30.716384887695312,133.2010498046875,145.58804321289062,58.358421325683594,41.437931060791016,145.93942260742188,45.844573974609375,79.7098159790039,447.42578125,152.28497314453125,68.14668273925781,69.55000305175781,30.670000076293945,53.41999816894531,81.18000030517578,20.649999618530273,12.09000015258789,69.33000183105469,91.0500030517578,33.66999816894531,17.559999465942383,13.170000076293944,79.7300033569336,39.70367431640625,100.20587158203124,142.07000732421875,56.78544235229492,54.70000076293945,83.73336029052734,37.4900016784668,8.899999618530273,172.75,92.83999633789062,44.61000061035156,146.05999755859375,81.66666412353516,146.1999969482422,278.9100036621094,93.77999877929688,60.22999954223633,97.3499984741211,184.97999572753903,159.894287109375,420.9700012207031,137.9199981689453,82.98192596435547,199.16921997070312,372.8984069824219,286.5030517578125,372.9599914550781,67.61556243896484,109.84235382080078,35.936893463134766,27.967510223388672,39.54502487182617,261.46759033203125,58.15349960327149,17.22258949279785,41.93740463256836,132.66331481933594,36.361228942871094,60.03676986694336,4.063404083251953,4.082529067993164,6.130199909210205,16.10405731201172,39.975067138671875,28.290498733520508,73.36772918701172,172.88575744628906,269.7727355957031,491.6278381347656,41.021949768066406,134.76368713378906,75.70309448242188,121.96263122558594,22.71963882446289,84.88538360595703,73.79729461669922,29.536062240600582,25.9221248626709,238.31333923339844,90.71927642822266,55.14797592163086,44.45539093017578,71.0501708984375,92.56568145751952,75.87334442138672,190.36050415039062
2022-07-15,147.99261474609375,250.82875061035156,113.5500030517578,112.23540496826172,163.92739868164062,104.9804916381836,205.6324005126953,15.74039077758789,189.11000061035156,68.0750503540039,36.37689971923828,81.11000061035156,124.7204360961914,39.563663482666016,147.74000549316406,38.631744384765625,9.534164428710938,31.96098518371582,135.51962280273438,148.06906127929688,60.50199890136719,42.20973205566406,150.3753662109375,46.77349090576172,81.57706451416016,465.7673950195313,156.24880981445312,69.94998168945312,73.91000366210938,31.270000457763672,53.790000915527344,84.43000030517578,21.670000076293945,12.9399995803833,70.0999984741211,94.66000366210938,34.5099983215332,20.399999618530273,13.649999618530272,82.5,41.19622802734375,98.93108367919922,140.08999633789062,56.059810638427734,54.709999084472656,82.29558563232422,39.77000045776367,9.039999961853027,177.89999389648438,94.0199966430664,46.599998474121094,149.32000732421875,84.82666778564453,147.9499969482422,277.4700012207031,93.5999984741211,63.43000030517578,99.8499984741211,188.88999938964844,166.18919372558594,435.6199951171875,140.7100067138672,85.48829650878906,201.93228149414065,385.74810791015625,297.4314880371094,379.8599853515625,70.65731048583984,111.24564361572266,38.153953552246094,29.93535423278809,44.7770881652832,272.87005615234375,59.69926452636719,17.4259033203125,42.37761688232422,134.3355255126953,37.57388687133789,60.60945510864258,4.0463666915893555,4.219832897186279,6.373605728149414,16.312559127807617,40.68656539916992,28.726016998291016,73.88813018798828,175.10052490234375,272.50323486328125,502.2009582519531,41.42312240600586,135.11375427246094,76.97785949707031,123.4967803955078,23.278461456298828,86.81295013427734,74.95476531982422,30.45052146911621,26.415159225463867,240.0666656494141,94.0382843017578,56.57413482666016,45.5706672668457,73.84513854980469,96.06512451171876,79.3905258178711,194.27108764648438
2022-07-18,144.93759155273438,248.4154357910156,113.76000213623048,109.39187622070312,166.44552612304688,103.9023666381836,202.86178588867188,16.078927993774414,190.9199981689453,67.56502532958984,36.461673736572266,81.43000030517578,123.12488555908205,39.131927490234375,147.72000122070312,39.13569641113281,9.598368644714355,31.717897415161133,133.00390625,147.2666473388672,59.44004440307617,41.81740951538086,147.78616333007812,46.45186996459961,79.62409210205078,463.6619873046875,154.28591918945312,69.88687896728516,74.12999725341797,32.540000915527344,58.66999816894531,85.30999755859375,22.579999923706055,13.40999984741211,72.44000244140625,97.66999816894533,34.20000076293945,20.25,13.920000076293944,84.72000122070312,41.17733001708984,99.60710144042967,141.0800018310547,57.72504806518555,55.119998931884766,83.56196594238281,39.75,9.029999732971191,177.25,95.45999908447266,48.83000183105469,150.82000732421875,84.3066635131836,146.47000122070312,281.1700134277344,91.04000091552734,62.060001373291016,98.91999816894533,187.97000122070312,166.69554138183594,426.739990234375,138.74000549316406,85.57572174072266,199.2729034423828,381.12457275390625,295.4112854003906,375.2300109863281,71.39058685302734,108.51121520996094,38.20961380004883,29.944639205932617,44.85771560668945,279.7319641113281,58.796775817871094,17.392019271850586,41.76296615600586,131.49960327148438,37.243167877197266,60.60945510864258,4.020810604095459,4.183218479156494,6.427695274353027,16.32447052001953,40.16230773925781,28.58084297180176,73.10279846191406,175.84829711914062,273.0996398925781,495.8147888183594,41.32684326171875,137.59182739257812,78.39830017089844,125.22834014892578,23.863479614257812,88.82085418701172,76.92607116699219,31.232995986938477,27.353816986083984,240.54666137695312,94.5321807861328,57.86538314819336,47.22196578979492,74.84915924072266,97.64495086669922,80.15225982666016,197.3492431640625
2022-07-19,148.81060791015625,253.5742950439453,118.20999908447266,114.07967376708984,174.9554443359375,106.47688293457033,209.1764373779297,16.968704223632812,201.6300048828125,69.5185546875,37.883975982666016,85.87999725341797,116.66246795654295,40.44551086425781,156.1300048828125,41.01626968383789,10.103967666625977,33.44866943359375,138.33570861816406,151.8505401611328,61.35747146606445,44.167388916015625,153.68804931640625,48.148902893066406,82.07243347167969,488.0260925292969,162.39471435546875,72.84429168701172,77.73999786376953,34.369998931884766,65.83000183105469,89.0999984741211,22.670000076293945,13.65999984741211,73.73999786376953,102.1999969482422,36.540000915527344,20.63999938964844,14.149999618530272,87.44000244140625,42.86825180053711,101.16195678710938,142.3800048828125,58.4041633605957,54.95000076293945,85.85669708251953,39.849998474121094,9.34000015258789,180.5500030517578,95.69000244140624,49.540000915527344,155.83999633789062,85.5999984741211,146.4600067138672,284.32000732421875,92.95999908447266,64.06999969482422,102.08000183105467,191.58999633789065,172.57342529296875,435.94000244140625,141.83999633789062,89.70441436767578,206.4777069091797,396.4480895996094,306.9506530761719,387.8299865722656,73.91632843017578,113.26847076416016,39.79587936401367,30.95640754699707,46.703269958496094,295.3221130371094,60.67856979370117,17.62074851989746,41.90416717529297,134.48223876953125,37.95054244995117,61.85028076171875,4.063404083251953,4.283908843994141,6.4637556076049805,16.88245391845703,41.54916763305664,29.78759002685547,75.08033752441406,179.69383239746094,279.4181213378906,499.58892822265625,41.58038330078125,141.27664184570312,80.37419891357422,129.74114990234375,24.500886917114254,92.4708023071289,80.0096206665039,32.26058578491211,27.93218040466309,245.52999877929688,98.39447784423828,60.53461456298828,49.46116256713867,77.25518035888672,99.87686920166016,82.61616516113281,204.74453735351562
2022-07-20,150.82101440429688,256.2513732910156,122.7699966430664,114.15928649902344,182.2311248779297,106.45832061767578,208.8925323486328,17.782581329345703,216.44000244140625,69.85536193847656,38.204227447509766,89.43000030517578,115.1471176147461,40.53737258911133,158.3800048828125,41.72303009033203,10.216320991516112,33.79872131347656,142.40969848632812,152.48695373535156,62.242427825927734,45.96199798583984,155.27781677246094,48.41093063354492,82.46302795410156,503.7530212402344,168.1594696044922,73.99839782714844,80.23999786376953,38.4900016784668,75.2699966430664,93.4000015258789,24.1200008392334,14.699999809265137,77.16999816894531,107.7300033569336,36.88999938964844,21.270000457763672,15.510000228881836,92.66000366210938,43.633419036865234,100.39901733398438,140.82000732421875,58.25531768798828,53.43000030517578,89.68438720703125,40.7599983215332,10.109999656677246,184.3000030517578,103.02999877929688,53.0,162.9499969482422,84.03333282470703,156.89999389648438,307.57000732421875,100.87999725341795,67.66000366210938,107.08999633789062,213.0399932861328,181.1519775390625,456.8500061035156,147.3000030517578,89.69470977783203,203.742919921875,412.7336120605469,321.1999816894531,401.489990234375,74.0611801147461,113.3580322265625,39.628910064697266,30.9656925201416,46.98995590209961,298.47918701171875,60.323333740234375,17.34966278076172,40.757930755615234,134.4137725830078,38.41907501220703,62.136627197265625,3.969698667526245,4.302216053009033,6.589965343475342,17.084997177124023,41.67181015014648,29.887392044067383,74.91002655029297,181.8355407714844,281.7199401855469,503.40142822265625,41.9269905090332,144.1692352294922,81.25743865966797,131.4547576904297,24.570737838745117,94.2109832763672,82.02613830566406,32.18516159057617,27.74254989624023,247.5,102.08882904052734,61.23805618286133,49.86750411987305,78.55767822265625,100.37286376953124,83.50016784667969,212.47857666015625
2022-07-21,153.09754943847656,258.7624206542969,124.62999725341795,114.49768829345705,182.31076049804688,107.18328094482422,211.65335083007812,18.02525520324707,223.8800048828125,71.7319107055664,38.25132369995117,91.08999633789062,113.33766174316406,40.95074844360352,161.41000366210938,41.87052536010742,10.433008193969728,34.158485412597656,146.3052520751953,153.6029815673828,62.57674407958984,47.051998138427734,157.24826049804688,48.96999740600586,83.63480377197266,531.0255126953125,171.4658660888672,75.3869400024414,82.75,40.400001525878906,73.9800033569336,92.4499969482422,24.229999542236328,14.170000076293944,77.61000061035156,108.13999938964844,37.310001373291016,20.940000534057617,16.350000381469727,96.87000274658205,44.06796646118164,101.52893829345705,144.57000732421875,59.54843521118164,55.79999923706055,95.2069320678711,41.91999816894531,10.489999771118164,189.0,104.4000015258789,55.81999969482422,164.63999938964844,85.72333526611328,157.72999572753906,317.92999267578125,101.2300033569336,67.4800033569336,110.8499984741211,214.17999267578125,184.0313262939453,460.2900085449219,149.77999877929688,87.71293640136719,205.6667327880859,426.72210693359375,326.14678955078125,408.9100036621094,75.15657043457031,113.7959442138672,40.14838409423828,31.234874725341797,47.115386962890625,303.2054748535156,60.61137008666992,16.028104782104492,39.58677673339844,130.24786376953125,38.83247756958008,62.23206329345703,3.9185867309570312,4.686669826507568,6.725190162658691,17.327253341674805,42.12467193603515,30.35920524597168,77.6634521484375,184.24375915527344,284.23614501953125,508.4527282714844,42.539981842041016,146.15902709960938,79.90072631835938,130.44993591308594,24.256406784057617,92.417236328125,80.41653442382812,31.704370498657227,26.680635452270508,271.7066650390625,102.90870666503906,59.74444580078125,48.58796310424805,77.07426452636719,95.66100311279295,81.2995834350586,218.3734893798828
2022-07-22,151.8557891845703,254.38526916503903,122.41999816894533,107.84917449951172,168.4759979248047,106.66278839111328,209.2156219482422,17.29525375366211,220.44000244140625,72.0783462524414,36.923213958740234,88.0999984741211,114.31816864013672,40.84050369262695,158.16000366210938,41.90739822387695,10.288551330566406,33.711204528808594,144.27764892578125,151.1680450439453,60.26601028442383,45.85230255126953,155.4205780029297,48.481876373291016,82.23439025878906,523.181640625,166.8826446533203,69.27374267578125,81.05000305175781,37.349998474121094,70.81999969482422,87.33000183105469,23.299999237060547,13.539999961853027,73.44999694824219,103.97000122070312,36.209999084472656,18.11000061035156,9.960000038146973,97.11000061035156,44.09629440307617,97.1637725830078,140.00999450683594,57.287811279296875,54.380001068115234,90.50325012207033,39.400001525878906,9.84000015258789,183.52999877929688,101.9499969482422,51.650001525878906,159.92999267578125,85.19499969482422,142.99000549316406,301.6099853515625,93.79000091552734,64.44999694824219,106.5500030517578,202.27000427246097,181.1718292236328,446.7699890136719,148.0,91.0741729736328,207.78854370117188,426.7613830566406,319.8006286621094,401.8999938964844,74.62245178222656,107.3865966796875,40.04634475708008,31.03066635131836,46.50617218017578,300.7819519042969,60.476951599121094,15.5875883102417,36.9205207824707,129.55355834960938,39.13562774658203,61.65938186645508,3.833400249481201,4.668361663818359,6.607995510101318,17.267683029174805,40.88875198364258,29.460952758789062,78.60963439941406,186.16653442382812,285.7179260253906,508.7023010253906,42.43085479736328,145.3115234375,79.29065704345703,129.3643341064453,24.055574417114254,90.13268280029295,79.69310760498047,33.061912536621094,26.035900115966797,272.24334716796875,101.46652221679688,58.83864212036133,47.71476745605469,76.45919036865234,95.54158782958984,80.5472412109375,214.36611938476562
2022-07-25,150.7322998046875,252.89028930664065,121.13999938964844,107.69988250732422,165.86825561523438,107.09033203125,209.77365112304688,17.000656127929688,218.5099945068359,72.03985595703125,36.885536193847656,87.54000091552734,114.57664489746094,40.73027420043945,156.63999938964844,42.01186752319336,10.304601669311523,33.56535720825195,143.85520935058594,150.52243041992188,59.14506149291992,45.20600509643555,155.20164489746094,48.53769302368164,82.21533966064453,527.7938842773438,165.92027282714844,68.9942398071289,81.6500015258789,36.709999084472656,67.06999969482422,86.58000183105469,23.350000381469727,13.3100004196167,71.76000213623047,104.9499969482422,35.709999084472656,18.059999465942383,9.949999809265137,96.47000122070312,43.98294448852539,97.59835815429688,140.25,58.5902214050293,56.209999084472656,92.1790542602539,39.84000015258789,9.68000030517578,182.6199951171875,99.13999938964844,49.790000915527344,156.08999633789062,84.211669921875,140.25999450683594,289.42999267578125,90.48999786376952,63.400001525878906,106.0999984741211,196.0500030517578,176.02867126464844,440.0,145.44000244140625,89.34497833251953,205.940185546875,418.3781433105469,312.4197998046875,391.9599914550781,74.73109436035156,106.99845123291016,40.35246658325195,31.309131622314453,46.73014831542969,300.9583740234375,61.12021255493164,15.69771957397461,37.17800521850586,131.58761596679688,39.01620864868164,60.89579772949219,3.927105665206909,4.677515983581543,6.598980903625488,16.97578239440918,41.36990737915039,29.578903198242188,77.21874237060547,185.424072265625,285.3078308105469,508.1453857421875,42.369876861572266,145.0812530517578,81.9312515258789,133.2132568359375,24.55327796936035,94.13064575195312,83.23785400390625,34.09892654418945,26.94611358642578,268.4333190917969,101.43689727783205,62.066776275634766,50.11822509765625,78.91045379638672,100.40960693359376,83.50958251953125,220.28041076660156
2022-07-26,149.4019012451172,246.1193389892578,114.80999755859376,104.94293975830078,158.4034423828125,105.4173355102539,208.031005859375,16.510332107543945,213.91000366210935,71.24111938476562,36.6971549987793,85.25,114.1666259765625,40.26179504394531,155.9199981689453,43.94776153564453,10.063838958740234,32.41798400878906,140.77635192871094,148.34576416015625,58.66324615478515,44.19605255126953,154.00221252441406,48.34661483764648,80.42430877685547,513.3009033203125,166.23472595214844,68.51636505126953,77.04000091552734,31.549999237060547,52.93000030517578,78.94999694824219,22.549999237060547,12.529999732971191,68.69999694824219,101.91000366210938,33.720001220703125,17.25,9.630000114440918,93.3000030517578,43.132755279541016,97.96533966064452,138.1699981689453,58.5809211730957,55.15999984741211,89.81769561767578,39.0,9.399999618530272,169.1699981689453,91.16999816894533,45.68000030517578,141.9499969482422,77.53666687011719,130.1199951171875,266.70001220703125,85.72000122070312,60.209999084472656,100.33000183105467,187.61000061035156,169.24728393554688,422.8200073242187,140.91000366210938,87.71293640136719,205.4969940185547,406.6179504394531,298.4957275390625,379.260009765625,73.1377944946289,104.52029418945312,39.79587936401367,30.67793846130371,46.04926300048828,295.786376953125,58.72956085205078,15.502873420715332,37.31090545654297,130.9519805908203,39.24588394165039,60.89579772949219,3.8589565753936768,4.613441467285156,6.526860237121582,16.932098388671875,40.97366714477539,28.98914337158203,76.67941284179688,179.52249145507812,277.8804626464844,491.61822509765625,39.14768981933594,139.84877014160156,81.612548828125,132.1725311279297,24.509618759155273,92.58678436279295,82.3697509765625,33.561561584472656,26.58582305908203,258.8599853515625,98.56239318847656,59.81189727783203,49.07210922241211,77.7436294555664,98.85734558105467,82.71961212158203,217.88954162597656
2022-07-27,154.51663208007812,262.5728454589844,120.97000122070312,113.0644760131836,168.78453063964844,107.10891723632812,206.0533905029297,17.765609741210938,226.75,73.01180267333984,37.846290588378906,89.81999969482422,115.09364318847656,41.0058479309082,156.08999633789062,43.99077606201172,10.585489273071287,33.72093200683594,144.0148162841797,158.21456909179688,60.855987548828125,46.2149772644043,160.23731994628906,49.92634582519531,83.48238372802734,534.8543701171875,172.86656188964844,70.9417953491211,86.41999816894531,35.2400016784668,58.83000183105469,84.37999725341797,23.09000015258789,13.3100004196167,71.41999816894531,107.36000061035156,35.779998779296875,19.200000762939453,9.550000190734863,95.5,44.568626403808594,99.25943756103516,141.00999450683594,58.906524658203125,54.9900016784668,91.5125503540039,41.95000076293945,10.020000457763672,176.9600067138672,96.41999816894533,48.68000030517578,148.7100067138672,79.68000030517578,141.3000030517578,289.9200134277344,94.05999755859376,64.2699966430664,105.91000366210938,197.27999877929688,179.0172576904297,448.6000061035156,150.10000610351562,88.70381927490234,220.7081298828125,425.2103576660156,315.5337829589844,392.7799987792969,74.69489288330078,112.52203369140624,40.547271728515625,31.17917823791504,46.90036392211914,301.348388671875,60.01609802246094,15.579116821289062,37.30260467529297,137.79733276367188,39.843013763427734,61.468482971191406,3.875993490219116,4.732438087463379,6.689130783081055,17.208110809326172,41.785030364990234,29.5970516204834,79.08273315429688,180.77896118164065,278.5607604980469,501.58636474609375,40.6272087097168,142.4189453125,83.37902069091797,133.91302490234375,25.112098693847656,96.549072265625,84.341064453125,34.24976348876953,27.39173889160156,274.82000732421875,102.23699951171876,60.496063232421875,51.510154724121094,79.9054183959961,102.41191864013672,84.6192855834961,226.7851104736328
2022-07-28,155.06854248046875,270.0669250488281,122.27999877929688,114.0498046875,159.96609497070312,106.70926666259766,206.91490173339844,17.95934295654297,226.02000427246097,74.13771057128906,37.40359115600586,91.66999816894533,115.18278503417967,41.90607452392578,159.08999633789062,44.94950485229492,11.235546112060549,34.751625061035156,137.4721221923828,162.0975341796875,61.03297805786133,47.9226188659668,161.5128936767578,50.47689056396485,84.41600036621094,549.0831298828125,174.4864044189453,71.95165252685547,85.86000061035156,35.90999984741211,62.25,85.5999984741211,23.309999465942383,13.880000114440918,70.06999969482422,108.83999633789062,34.689998626708984,19.299999237060547,9.670000076293944,104.91999816894533,45.54161071777344,97.10582733154295,140.60000610351562,57.799468994140625,50.90999984741211,91.5220718383789,42.97999954223633,10.130000114440918,182.08999633789065,98.4000015258789,48.650001525878906,153.05999755859375,82.03500366210938,143.27999877929688,297.010009765625,95.72000122070312,64.38999938964844,106.22000122070312,204.8500061035156,180.0001983642578,436.5,152.80999755859375,89.15068817138672,225.83824157714844,440.3571472167969,321.8109130859375,403.5,75.80521392822266,113.67652130126952,40.18549728393555,30.928560256958008,46.7928581237793,305.5918273925781,64.99903869628906,15.740073204040527,37.834190368652344,138.56988525390625,36.205055236816406,62.80475997924805,3.790807008743286,4.759899139404297,6.671100616455078,17.386821746826172,41.983150482177734,29.84202766418457,80.61555480957031,181.6166076660156,279.23175048828125,515.7947998046875,41.641361236572266,146.8591766357422,84.35330963134766,134.92684936523438,24.8588809967041,95.83513641357422,85.055419921875,33.66526412963867,27.154705047607425,280.8999938964844,103.6199188232422,60.36115646362305,52.193145751953125,79.60693359375,100.5841293334961,84.25248718261719,228.7501220703125
2022-07-29,160.15371704101562,274.2975158691406,134.9499969482422,116.09014129638672,158.3536834716797,107.220458984375,207.6589508056641,18.138099670410156,224.8999938964844,74.90758514404297,34.201072692871094,94.47000122070312,116.5822296142578,41.67642974853515,159.30999755859375,45.4227294921875,11.789298057556152,35.257232666015625,136.16732788085938,166.080322265625,60.82649230957031,49.461273193359375,163.6927947998047,50.653785705566406,84.29216766357422,562.5285034179688,175.2105712890625,72.11393737792969,86.52999877929688,34.83000183105469,62.959999084472656,84.80000305175781,23.450000762939453,13.859999656677246,69.75,110.9800033569336,34.880001068115234,19.479999542236328,9.880000114440918,103.72000122070312,45.9383659362793,86.30878448486328,136.57000732421875,55.352783203125,49.0099983215332,88.53227233886719,42.93000030517578,10.350000381469728,183.6000061035156,98.4499969482422,50.31999969482422,155.05999755859375,83.18333435058594,149.91000366210938,312.4700012207031,102.01000213623048,63.97999954223633,103.86000061035156,209.32000732421875,182.71078491210935,446.6600036621094,155.10000610351562,90.54959106445312,227.38482666015625,447.7981567382813,325.673828125,410.1199951171875,77.0389404296875,115.76652526855467,40.69569778442383,31.383384704589844,46.95571517944336,309.5660095214844,66.29518127441406,15.909506797790527,38.365779876708984,139.89984130859375,34.4687614440918,63.75924301147461,3.833400249481201,4.741590976715088,6.797309875488281,16.95592498779297,42.511474609375,30.29569625854492,80.42632293701172,182.31146240234375,280.45257568359375,520.7201538085938,42.379512786865234,150.50717163085938,88.25955963134766,146.94007873535156,25.653459548950195,99.25306701660156,88.10282135009766,34.90968704223633,27.78047752380371,297.1499938964844,104.80526733398438,63.35801315307617,54.337249755859375,80.50241088867188,101.74142456054688,86.19918060302734,236.48416137695312
2022-08-01,159.168212890625,271.630126953125,135.38999938964844,114.93561553955078,159.17979431152344,106.1515884399414,206.9247283935547,18.41571807861328,226.2100067138672,74.52265930175781,34.813316345214844,96.77999877929688,117.69642639160156,41.59375,169.07000732421875,46.58425521850586,12.310949325561523,35.753135681152344,138.39202880859375,165.99676513671875,61.49513244628906,49.68757247924805,163.21685791015625,50.73796844482422,82.22486114501953,566.1614990234375,175.8013458251953,71.71721649169922,88.56500244140625,36.439998626708984,62.70000076293945,87.37000274658203,24.600000381469727,13.899999618530272,72.02999877929688,111.1999969482422,35.279998779296875,19.989999771118164,9.539999961853027,103.61000061035156,46.23120880126953,87.24554443359375,135.00999450683594,54.66436004638672,47.689998626708984,87.16114807128906,45.2400016784668,10.470000267028809,183.3000030517578,98.52999877929688,51.15999984741211,153.5,84.61000061035156,150.97999572753906,318.0199890136719,103.4499969482422,65.51000213623047,105.38999938964844,210.58999633789065,181.67820739746097,453.7699890136719,155.5800018310547,91.113037109375,227.5734405517578,440.22955322265625,327.2209167480469,411.0899963378906,76.8470230102539,114.31346893310548,40.38956832885742,31.290571212768555,46.97380828857422,308.349609375,65.97834014892578,15.867146492004396,38.423927307128906,140.6137237548828,34.45956802368164,63.75924301147461,3.731176614761353,4.787360668182373,6.824355602264404,17.092939376831055,42.85110855102539,30.549745559692383,80.6439437866211,184.74822998046875,285.0003356933594,526.0206909179688,42.536766052246094,152.5061798095703,86.02870178222656,144.00631713867188,25.365318298339844,96.00470733642578,85.9958724975586,34.315757751464844,26.728042602539062,297.27667236328125,104.9238052368164,62.8569450378418,53.230621337890625,79.1365737915039,101.6312026977539,84.93901824951172,232.27352905273438
2022-08-02,157.68995666503906,268.5133972167969,134.16000366210938,115.3536376953125,159.43856811523438,104.4971923828125,201.9317321777344,18.50059700012207,221.4199981689453,73.47370910644531,33.918495178222656,99.29000091552734,117.49143981933594,41.26305389404297,163.27999877929688,45.69927978515625,12.166491508483888,35.130836486816406,138.0165557861328,164.5299072265625,61.42629623413086,49.67274856567383,162.56004333496094,50.24986267089844,81.97718048095703,553.8717041015625,171.9613494873047,71.2393569946289,89.62999725341797,37.7400016784668,67.2300033569336,89.87000274658203,29.25,16.15999984741211,75.73999786376953,116.33999633789062,36.349998474121094,22.309999465942383,9.869999885559082,104.44000244140624,45.74943923950195,89.44745635986328,134.16000366210938,55.56675338745117,48.97999954223633,86.26612091064453,45.290000915527344,10.920000076293944,188.13999938964844,97.87999725341795,53.08000183105469,157.77999877929688,85.11499786376953,153.3699951171875,323.79998779296875,106.37000274658205,67.01000213623047,108.16000366210938,214.2100067138672,182.48243713378903,454.44000244140625,155.05999755859375,88.58724975585938,226.91329956054688,438.7669372558594,332.9363708496094,409.9599914550781,76.33526611328125,114.58218383789062,39.77732849121094,30.668657302856445,45.91526794433594,304.44976806640625,64.85501861572266,15.55370044708252,37.659767150878906,139.20553588867188,34.61573791503906,63.85469055175781,3.748213529586792,4.7141313552856445,6.74321985244751,16.93606948852539,41.7567253112793,29.705930709838867,77.58775329589844,178.90379333496094,280.2381896972656,522.7981567382812,42.58169937133789,150.59925842285156,85.65538787841797,142.7771453857422,25.63599395751953,95.65668487548828,85.64319610595703,34.589149475097656,27.116779327392575,300.586669921875,103.43223571777344,62.693115234375,52.417938232421875,79.18180084228516,103.7804718017578,88.04241943359375,236.07762145996094
2022-08-03,163.72125244140625,275.9878234863281,139.52000427246094,118.22005462646484,168.0081787109375,105.59394073486328,204.10513305664065,18.867095947265625,226.72999572753903,74.45529174804688,34.39887619018555,98.08999633789062,117.96385955810548,41.98874282836914,166.63999938964844,45.93281936645508,12.591836929321287,36.27820587158203,140.01596069335938,170.3323974609375,63.17655944824219,51.85078430175781,167.88125610351562,51.71891784667969,82.41539764404297,571.7531127929688,176.8018341064453,72.2762451171875,97.91999816894533,41.93000030517578,80.80999755859375,97.69000244140624,30.190000534057617,16.709999084472656,79.5,115.0199966430664,37.439998626708984,22.440000534057617,10.31999969482422,108.5,47.68597030639648,92.44126892089844,136.6300048828125,56.86917495727539,49.650001525878906,86.180419921875,47.0,11.199999809265137,195.32000732421875,104.48999786376952,58.36000061035156,165.2899932861328,88.17832946777344,162.3699951171875,339.30999755859375,112.41999816894533,71.12000274658203,112.97000122070312,225.13999938964844,188.3007354736328,471.4500122070313,160.36000061035156,90.82160186767578,230.4025421142578,457.2022705078125,347.19549560546875,424.5400085449219,77.72433471679688,117.51815795898438,40.71424865722656,31.225589752197266,46.69334030151367,309.3616943359375,66.22798156738281,15.562171936035156,37.65146255493164,140.5257110595703,35.35068893432617,64.14102172851562,3.705620288848877,4.778206825256348,6.797309875488281,17.303422927856445,41.93598175048828,29.90554428100586,78.11762237548828,186.0142364501953,285.512939453125,526.2130737304688,41.88206100463867,154.68942260742188,82.87821197509766,139.38584899902344,25.92413902282715,92.46187591552734,82.57775115966797,33.505008697509766,26.95560073852539,307.39666748046875,107.68963623046876,58.77117919921875,49.02023696899414,77.34562683105469,99.88904571533205,87.15841674804688,231.86697387695312
2022-08-04,163.40585327148438,277.1407470703125,142.57000732421875,118.30963897705078,169.76988220214844,104.43213653564452,208.99041748046875,19.188655853271484,229.91000366210935,74.48416137695312,33.927913665771484,103.91000366210938,117.33989715576172,41.685604095458984,166.5,45.27522659301758,12.335023880004885,35.22806167602539,141.7525634765625,171.6692657470703,63.76652908325195,52.558349609375,168.45240783691406,52.29217147827149,84.2349853515625,577.641845703125,175.57266235351562,72.48361206054688,96.9800033569336,41.02000045776367,88.9000015258789,98.19000244140624,31.850000381469727,17.389999389648438,81.36000061035156,119.22000122070312,37.65999984741211,22.530000686645508,10.25,109.33000183105467,45.22042465209961,94.09269714355467,140.07000732421875,58.93443298339844,51.2599983215332,84.74266815185547,47.959999084472656,11.31999969482422,189.2400054931641,104.06999969482422,58.43000030517578,161.99000549316406,83.61666870117188,160.75999450683594,340.8800048828125,110.48999786376952,71.19000244140625,112.86000061035156,230.41000366210935,189.9092254638672,493.0,162.5399932861328,92.57022094726562,230.09133911132812,457.7421875,355.51251220703125,430.5899963378906,78.00764465332031,117.62763214111328,39.9483528137207,31.00282287597656,46.376678466796875,308.154541015625,66.24716186523438,15.477458953857422,36.9039192199707,140.6137237548828,35.76409149169922,64.25593566894531,3.6885828971862793,4.787360668182373,6.914505481719971,17.06712532043457,41.70011520385742,30.1777400970459,80.80480194091797,187.6705017089844,286.258544921875,522.6248779296875,40.29985046386719,153.43661499023438,79.39080810546875,135.59970092773438,25.627262115478516,89.07965850830078,81.27558135986328,32.00605010986328,25.85575485229492,308.6333312988281,106.80062103271484,55.369606018066406,47.10956954956055,74.75868225097656,96.66473388671876,84.79794311523438,227.3658905029297
2022-08-05,163.17889404296875,276.417724609375,140.8000030517578,117.6626968383789,166.32611083984375,107.59223175048828,211.34002685546875,18.96296501159668,226.77999877929688,74.43605041503906,33.671024322509766,102.30999755859376,118.0886459350586,41.345726013183594,165.0399932861328,45.69927978515625,12.278846740722656,35.06275939941406,141.00161743164062,171.1029510498047,61.41646194458008,51.38434982299805,168.7284698486328,52.16352081298828,85.5211181640625,566.69677734375,173.09524536132812,72.98854064941406,95.31999969482422,40.810001373291016,93.0500030517578,84.91999816894531,32.0099983215332,20.280000686645508,80.29000091552734,117.11000061035156,37.060001373291016,22.549999237060547,10.18000030517578,109.37999725341795,44.663089752197266,89.3895034790039,137.82000732421875,57.59480667114258,50.25,84.72360229492188,49.2400016784668,11.449999809265137,191.1699981689453,104.47000122070312,74.23999786376953,163.4199981689453,83.5616683959961,165.52999877929688,356.8399963378906,113.29000091552734,72.33999633789062,113.8499984741211,268.5899963378906,188.81703186035156,494.8500061035156,161.7100067138672,91.86105346679688,233.1184844970703,460.3828430175781,364.617919921875,433.4299926757813,78.71131896972656,116.91105651855467,40.8730354309082,31.522624969482425,46.73857498168945,310.7545166015625,66.5447998046875,15.545228958129885,37.33583450317383,141.36669921875,35.15776443481445,63.011043548583984,3.773769617080689,4.814821720123291,6.887460231781006,17.140596389770508,42.84169006347656,30.46809196472168,80.17084503173828,189.49807739257812,288.6069030761719,520.1140747070312,40.623992919921875,153.0404815673828,80.53809356689453,137.8426971435547,25.89794158935547,95.49602508544922,83.9612808227539,32.67538833618164,26.348787307739254,288.1700134277344,105.32880401611328,56.86322784423828,48.97700881958008,75.76271057128906,97.27622985839844,84.8449935913086,230.3666229248047
2022-08-08,162.70516967773438,273.8871765136719,139.41000366210938,117.58307647705078,169.45138549804688,106.28172302246094,208.84359741210935,17.768604278564453,233.4900054931641,73.58919525146484,33.66151428222656,100.06999969482422,118.2045440673828,41.35491180419922,165.88999938964844,46.203224182128906,12.66406536102295,36.52128982543945,138.7487335205078,169.71034240722656,60.42333984375,50.353633880615234,167.40528869628906,51.604461669921875,83.77771759033203,562.2206420898438,171.4753875732422,73.10575866699219,96.26000213623048,39.77000045776367,98.0199966430664,86.4800033569336,31.850000381469727,19.829999923706055,75.54000091552734,115.81999969482422,38.779998779296875,22.899999618530273,10.40999984741211,111.9800033569336,44.97482681274414,87.72842407226562,136.39999389648438,54.73878479003906,47.66999816894531,85.18063354492188,48.900001525878906,9.81999969482422,189.52000427246097,107.22000122070312,73.68000030517578,168.14999389648438,83.51166534423828,170.85000610351562,363.7099914550781,112.9800033569336,74.31999969482422,114.73999786376952,279.3500061035156,188.4000244140625,494.9500122070313,166.8000030517578,91.63761901855467,234.44818115234375,458.1937255859375,362.6273193359375,434.3399963378906,78.61993408203125,116.74186706542967,40.34063720703125,31.08635902404785,46.56667709350586,310.7637939453125,65.71910858154297,15.248723983764648,36.99527740478515,141.3862762451172,35.451744079589844,63.68137741088867,3.731176614761353,4.759899139404297,6.806325435638428,16.8447265625,42.87942123413086,30.350133895874023,82.00647735595703,192.12521362304688,290.7317199707031,521.29736328125,40.954559326171875,153.8142852783203,80.99337005615234,137.63633728027344,26.33452606201172,95.65668487548828,84.6666030883789,32.66596603393555,26.547897338867188,290.42333984375,107.7785415649414,57.85574722290039,49.72917556762695,75.79890441894531,98.57337951660156,85.00485229492188,236.9971923828125
2022-08-09,162.7545166015625,275.8217468261719,137.8300018310547,116.94608306884766,167.7394561767578,107.23905181884766,205.84779357910156,17.062572479248047,229.94000244140625,73.87788391113281,32.843284606933594,95.54000091552734,116.85965728759766,41.26305389404297,164.85000610351562,46.0495719909668,12.190567016601562,35.607276916503906,133.7736358642578,164.98486328125,58.16176223754883,46.386924743652344,162.1792449951172,50.400272369384766,81.17693328857422,531.162353515625,162.97592163085938,69.73358917236328,94.4800033569336,36.75,87.68000030517578,81.26000213623047,31.059999465942383,18.670000076293945,73.02999877929688,114.44000244140624,36.25,22.540000915527344,10.15999984741211,108.87000274658205,45.34324264526367,88.06643676757812,135.60000610351562,53.101463317871094,47.33000183105469,85.1044692993164,47.349998474121094,9.25,186.77999877929688,101.43000030517578,71.62999725341797,163.41000366210938,83.3949966430664,160.5500030517578,358.17999267578125,109.76000213623048,69.98999786376953,105.29000091552734,278.8599853515625,180.94346618652344,487.4599914550781,166.42999267578125,91.08389282226562,235.5703887939453,453.58984375,366.0762634277344,426.5700073242187,78.92149353027344,116.0750503540039,40.53678894042969,31.485498428344727,47.12761688232422,312.5650939941406,66.28558349609375,15.333443641662598,37.11156463623047,142.36419677734375,35.05670928955078,64.25593566894531,3.7822883129119873,4.650054931640625,6.74321985244751,16.584598541259766,42.53977966308594,29.479097366333008,79.735595703125,185.80479431152344,284.4318542480469,515.4486083984375,41.35894012451172,152.11007690429688,82.4866714477539,139.4307098388672,26.692522048950195,96.59368133544922,86.36663055419922,32.98649978637695,26.84181785583496,283.3333435058594,106.8105010986328,60.139522552490234,51.04330062866211,77.36371612548828,102.5389175415039,87.78851318359375,236.82296752929688
2022-08-10,167.017822265625,282.5243225097656,142.69000244140625,120.08123779296876,177.50341796875,110.0366668701172,207.649169921875,18.072189331054688,244.11000061035156,74.61888885498047,33.65200424194336,99.0500030517578,118.69193267822266,42.27350234985352,169.02000427246094,47.407772064208984,12.563419342041016,36.90049743652344,137.97901916503906,170.00743103027344,60.374168395996094,48.91182327270508,166.6627960205078,52.06608963012695,84.4731674194336,555.6438598632812,171.4849090576172,72.43853759765625,98.91000366210938,40.61000061035156,94.13999938964844,86.2300033569336,32.79999923706055,19.399999618530273,80.5999984741211,118.7300033569336,39.27000045776367,22.899999618530273,10.56999969482422,116.9000015258789,45.81556701660156,89.26396179199219,137.74000549316406,51.631591796875,47.2599983215332,85.5234375,48.0099983215332,9.59000015258789,200.8000030517578,105.69000244140624,78.61000061035156,180.41000366210935,86.97333526611328,174.39999389648438,380.30999755859375,117.76000213623048,75.38999938964844,112.01000213623048,286.19000244140625,187.26812744140625,516.2000122070312,171.3300018310547,93.32795715332033,238.0883026123047,469.3157348632813,371.8312072753906,438.3999938964844,81.23358154296875,119.13043975830078,41.40543365478515,32.552955627441406,48.12282180786133,323.04833984375,67.1496810913086,15.25719928741455,37.24446868896485,141.64051818847656,35.791656494140625,64.54322814941406,3.765251398086548,4.769052505493164,7.013670444488525,16.944011688232422,44.558738708496094,30.83102226257324,82.5836410522461,191.73497009277344,290.36822509765625,519.2964477539062,41.44559860229492,156.3015594482422,83.2697525024414,139.7985382080078,26.893348693847656,97.2629852294922,86.7916259765625,32.92049789428711,26.936634063720703,294.3566589355469,111.05802917480467,60.57316207885742,51.91648864746094,77.45417022705078,103.54884338378906,89.50946044921875,250.9939422607422
2022-08-11,166.2776641845703,280.43341064453125,140.63999938964844,119.25515747070312,176.65740966796875,111.66320037841795,207.0166015625,17.91739845275879,242.6999969482422,74.25321197509766,33.86131286621094,98.12000274658205,119.6306610107422,42.16328048706055,167.8800048828125,48.489410400390625,12.830897331237791,37.39638900756836,138.76751708984375,169.02334594726562,61.27880096435547,49.15986633300781,166.15829467773438,51.59500503540039,85.2829360961914,552.0706787109375,171.87559509277344,74.35904693603516,99.11000061035156,40.41999816894531,84.0,85.58000183105469,32.2400016784668,18.899999618530273,77.88999938964844,121.5,38.4900016784668,22.86000061035156,11.109999656677246,114.68000030517578,45.881690979003906,91.6203842163086,139.3800048828125,52.97121810913086,49.619998931884766,87.14209747314453,49.560001373291016,9.420000076293944,198.05999755859375,102.48999786376952,74.94999694824219,178.7100067138672,86.08499908447266,167.8800048828125,368.760009765625,114.77999877929688,72.33999633789062,108.05999755859376,275.79998779296875,185.40150451660156,499.4500122070313,166.0800018310547,92.52164459228516,235.9758758544922,469.9832763671875,372.3928833007813,434.8900146484375,82.4307632446289,118.27452850341795,42.264739990234375,33.33266830444336,48.85565185546875,326.5489501953125,69.89460754394531,15.282615661621094,37.19462203979492,140.43771362304688,36.19586181640625,64.44746398925781,3.773769617080689,4.769052505493164,6.959579944610596,17.041309356689453,44.90781784057617,31.048778533935547,83.03780364990234,192.44883728027344,289.5387878417969,511.9662170410156,41.84527587890625,156.23709106445312,85.67857360839844,143.20779418945312,27.7591609954834,101.32341766357422,90.75231170654295,34.777706146240234,28.03647232055664,286.6300048828125,116.25384521484376,63.300201416015625,55.72917938232422,79.89637756347656,105.7076416015625,90.94831848144533,257.1889953613281
2022-08-12,169.84027099609375,285.21124267578125,143.5500030517578,122.07181549072266,179.65330505371094,113.51277923583984,207.26177978515625,18.683349609375,249.3000030517578,76.16822052001953,34.35605239868164,100.83000183105467,120.9574737548828,42.81547164916992,169.99000549316406,49.1224250793457,13.114587783813477,38.38818359375,142.015380859375,172.10562133789062,63.95336151123047,51.24797058105469,170.64186096191406,52.80582046508789,86.55950927734375,565.3716430664062,178.63131713867188,75.22463989257812,101.0999984741211,40.7599983215332,90.48999786376952,86.9000015258789,32.470001220703125,19.399999618530273,77.37000274658203,124.51000213623048,39.630001068115234,23.43000030517578,11.619999885559082,119.91000366210938,46.70353317260742,91.5238037109375,140.36000061035156,53.07355499267578,48.79999923706055,87.4848861694336,51.150001525878906,9.90999984741211,200.8699951171875,104.1500015258789,77.62999725341797,182.63999938964844,87.8133316040039,168.67999267578125,379.1000061035156,115.72000122070312,74.33999633789062,109.5199966430664,283.25,188.53903198242188,506.510009765625,176.22999572753906,93.2113800048828,242.1527557373047,477.728515625,388.1695861816406,445.6700134277344,83.76499938964844,121.10102081298828,42.909217834472656,33.69468307495117,49.19945526123047,328.5360107421875,72.23503112792969,15.477458953857422,37.501953125,143.22476196289062,36.747074127197266,64.92627716064453,3.773769617080689,4.769052505493164,6.896475315093994,17.235910415649414,45.49275588989258,31.43893051147461,83.52035522460938,196.53237915039065,293.452880859375,516.7857055664062,42.618873596191406,158.89015197753906,86.42327880859375,143.4141845703125,27.98003578186035,102.17119598388672,92.91351318359376,35.01338195800781,28.017513275146484,300.0299987792969,120.08649444580078,63.338748931884766,56.67154693603515,81.40692138671875,106.72683715820312,91.6630401611328,272.5506896972656
2022-08-15,170.9159393310547,286.73541259765625,143.17999267578125,122.30072021484376,180.0414581298828,113.81950378417967,212.2538146972656,19.00590705871582,249.11000061035156,76.1297378540039,34.57488250732422,101.01000213623048,121.7878646850586,42.79710006713867,170.47000122070312,49.04867935180664,13.228063583374023,38.31039810180664,142.80392456054688,172.1241912841797,63.619049072265625,51.119503021240234,171.24154663085938,52.8748779296875,87.23591613769531,564.370361328125,178.7266387939453,74.11560821533203,101.51000213623048,39.84000015258789,91.97000122070312,87.45999908447266,32.4900016784668,19.290000915527344,77.76000213623047,126.04000091552734,39.060001373291016,23.3799991607666,12.239999771118164,117.61000061035156,45.985599517822266,90.97332763671876,139.50999450683594,53.93872833251953,51.130001068115234,88.00858306884766,48.959999084472656,9.90999984741211,201.82000732421875,107.11000061035156,78.08000183105469,181.7100067138672,87.961669921875,170.44000244140625,375.9200134277344,116.1999969482422,75.8499984741211,113.2300033569336,288.4700012207031,189.70069885253903,504.0700073242187,179.5500030517578,93.07537841796876,244.91586303710935,480.2513122558594,393.0967102050781,451.0199890136719,84.09397888183594,121.4991226196289,42.73175048828125,33.64826583862305,48.91898727416992,330.4209899902344,73.06332397460938,15.579116821289062,37.84250259399414,143.44967651367188,37.270729064941406,64.83050537109375,3.697102069854736,4.677515983581543,6.842385292053223,17.259740829467773,45.5682258605957,31.21209716796875,83.34059143066406,198.0268096923828,293.1918640136719,525.0009765625,42.741363525390625,159.7284393310547,84.87869262695312,140.686767578125,27.35276222229004,100.1989974975586,91.53285217285156,33.712406158447266,26.993518829345703,309.32000732421875,122.74366760253906,61.999305725097656,54.9597282409668,80.64713287353516,103.72488403320312,90.08312225341795,274.980224609375
2022-08-16,170.75804138183594,285.99285888671875,144.77999877929688,121.9324722290039,178.62811279296875,114.90695190429688,212.95993041992188,18.85311508178711,245.69000244140625,76.5242919921875,34.43217468261719,100.1999969482422,123.25909423828124,42.96244812011719,172.0800018310547,49.823028564453125,13.31722354888916,37.91173553466797,140.83261108398438,170.2302703857422,62.79307174682617,50.43466567993164,170.4324188232422,52.18339157104492,85.69258117675781,556.26220703125,177.0877227783203,73.80003356933594,102.08000183105467,39.58000183105469,90.38999938964844,86.76000213623047,32.380001068115234,19.34000015258789,73.56999969482422,124.18000030517578,38.25,22.989999771118164,12.609999656677246,120.86000061035156,46.760215759277344,89.47642517089844,136.13999938964844,53.29682159423828,49.34000015258789,88.72270965576172,47.7599983215332,9.739999771118164,200.41000366210935,106.0199966430664,77.80000305175781,178.60000610351562,87.42500305175781,167.35000610351562,374.4200134277344,113.54000091552734,73.7699966430664,109.19000244140624,289.3599853515625,188.24114990234375,496.739990234375,177.7899932861328,91.5113296508789,245.2270965576172,479.22064208984375,391.2046813964844,447.55999755859375,83.91121673583984,121.12091827392578,43.02129364013672,34.01026916503906,49.01850509643555,329.60382080078125,74.33464050292969,15.731603622436523,38.041847229003906,143.39100646972656,37.07780075073242,63.20256042480469,3.773769617080689,4.732438087463379,6.887460231781006,17.09889793395996,45.841827392578125,31.302825927734375,83.33112335205078,203.81417846679688,305.092529296875,531.9945678710938,44.92355728149414,167.03309631347656,84.08800506591797,140.32789611816406,27.326257705688477,100.31501770019533,90.92426300048828,33.54271697998047,26.74700355529785,306.5633239746094,123.43512725830078,61.19951248168945,54.9683723449707,80.82803344726562,104.98495483398438,91.44559478759766,271.8150634765625
2022-08-17,172.25808715820312,285.2389221191406,142.10000610351562,119.75279998779295,174.02980041503906,113.9403305053711,210.3903961181641,18.309860229492188,241.1499938964844,76.26446533203125,34.042083740234375,98.2699966430664,124.36930084228516,42.86140441894531,167.1999969482422,49.11628723144531,12.993006706237791,37.33805847167969,139.42459106445312,164.05642700195312,60.59049224853515,49.16974639892578,161.9507598876953,50.94797134399414,84.97808074951172,547.0350952148438,171.72314453125,71.44673156738281,99.41999816894533,37.29999923706055,85.44000244140625,81.38999938964844,30.719999313354492,17.969999313354492,68.18000030517578,121.87000274658205,35.86000061035156,22.489999771118164,12.09000015258789,116.91000366210938,45.881690979003906,86.695068359375,132.63999938964844,52.23628234863281,47.5099983215332,87.1992416381836,46.099998474121094,9.43000030517578,196.88999938964844,101.72000122070312,74.51000213623047,174.35000610351562,85.75166320800781,161.2899932861328,361.6799926757813,110.0199966430664,69.58999633789062,102.37999725341795,284.260009765625,186.62277221679688,488.760009765625,175.88999938964844,90.29700469970705,245.84002685546875,469.5219421386719,384.9866333007813,437.8200073242187,83.48170471191406,118.98116302490234,43.09601974487305,33.79677963256836,48.63851165771485,328.4617919921875,72.67807006835938,15.604531288146973,37.659767150878906,142.33485412597656,36.06724548339844,62.436466217041016,3.697102069854736,4.631747722625732,6.878445625305176,17.30739402770996,45.12480926513672,31.130443572998047,81.57122039794922,205.0040283203125,303.5829162597656,535.1690673828125,44.97191619873047,162.53721618652344,84.76837158203125,141.4852752685547,27.644311904907227,101.45728302001952,92.06877136230467,33.373016357421875,26.737525939941406,303.9966735839844,121.31136322021484,60.67915725708008,55.452518463134766,82.18142700195312,109.09873962402344,93.30950927734376,268.7272033691406
2022-08-18,171.86334228515625,284.1129455566406,142.3000030517578,120.29025268554688,173.84066772460938,113.05736541748048,211.1063232421875,18.747264862060547,245.1699981689453,76.33184051513672,34.441688537597656,100.44000244140624,125.52462768554688,45.35078048706055,168.69000244140625,48.679935455322266,13.09027099609375,37.649208068847656,142.09988403320312,165.68112182617188,61.92778015136719,49.72216033935547,161.9507598876953,52.82663345336914,85.04476928710938,550.9810791015625,174.14337158203125,73.6016616821289,99.86000061035156,36.86000061035156,83.47000122070312,80.69000244140625,30.149999618530273,17.600000381469727,66.69999694824219,121.2699966430664,35.720001220703125,22.559999465942383,12.5600004196167,114.4499969482422,45.85335159301758,87.63185119628906,128.3300018310547,51.34319305419922,46.83000183105469,81.99090576171875,45.09000015258789,9.149999618530272,195.7599945068359,101.7699966430664,73.04000091552734,175.30999755859375,86.30833435058594,161.75,353.5299987792969,109.4499969482422,69.75,103.18000030517578,283.3699951171875,186.59295654296875,489.6000061035156,173.1300048828125,89.82099151611328,246.07582092285156,468.9918823242187,381.36029052734375,439.0299987792969,83.8289566040039,119.59819793701172,43.09601974487305,33.67611312866211,48.448524475097656,329.18603515625,72.95736694335938,15.613001823425291,36.70456314086914,143.61590576171875,35.470115661621094,62.149192810058594,3.6885828971862793,4.695823669433594,6.905490398406982,17.251794815063477,46.17202377319336,31.965177536010746,81.04135131835938,206.05105590820312,303.0703125,539.6326293945312,44.82685852050781,160.41444396972656,86.77264404296875,143.96585083007812,28.200908660888672,106.18701934814452,95.26610565185548,35.00395965576172,28.28299140930176,302.8699951171875,121.17306518554688,62.5196647644043,58.72053146362305,81.10236358642578,110.06233215332033,95.36266326904295,270.556640625
2022-08-19,169.2678680419922,280.17681884765625,138.22999572753906,117.56317138671876,167.172119140625,110.2597198486328,208.72312927246097,17.82453155517578,241.16000366210935,75.69669342041016,33.66151428222656,95.9499969482422,124.89279174804688,44.73533248901367,162.9199981689453,47.76422882080078,12.87142562866211,38.60209655761719,138.5516357421875,163.81504821777344,59.49904251098633,47.11722183227539,159.92318725585938,51.87879180908203,83.0727310180664,535.2359619140625,171.82794189453125,72.10491180419922,96.55999755859376,34.20000076293945,74.05999755859375,76.04000091552734,29.010000228881836,16.649999618530273,64.98999786376953,114.76000213623048,33.619998931884766,21.770000457763672,11.5600004196167,107.01000213623048,44.46471405029297,86.55986785888672,129.1300048828125,50.88734817504883,45.7599983215332,80.64834594726562,42.68000030517578,8.510000228881836,190.52000427246097,96.20999908447266,68.52999877929688,166.22000122070312,85.58499908447266,153.94000244140625,337.07000732421875,105.7300033569336,65.91999816894531,99.5,269.3399963378906,182.46258544921875,476.260009765625,168.17999267578125,89.00497436523438,245.0196075439453,455.435302734375,371.5158996582031,425.05999755859375,82.25711059570312,116.6522979736328,42.35813522338867,32.93352508544922,47.59807586669922,324.3111877441406,71.13703918457031,15.613001823425291,36.895599365234375,143.13673400878906,35.534420013427734,61.28733444213867,3.6289522647857666,4.613441467285156,6.842385292053223,17.22201156616211,44.973854064941406,31.057849884033203,79.3287353515625,201.18701171875,299.4451599121094,533.4472045898438,44.166072845458984,154.84324645996094,86.496826171875,142.76177978515625,27.83867835998535,105.9728546142578,95.50227355957033,34.994529724121094,27.865808486938477,296.6666564941406,118.6739501953125,68.69647216796875,59.23064422607422,80.87376403808594,109.8399658203125,95.04097747802734,261.37060546875
2022-08-22,165.3697509765625,271.9521789550781,133.22000122070312,114.52754974365234,162.28514099121094,108.43802642822266,204.59413146972656,17.010648727416992,226.5399932861328,73.57958221435547,32.19631576538086,92.83999633789062,122.34747314453124,43.8259162902832,158.97999572753906,45.95740509033203,12.222989082336426,37.4838981628418,132.92881774902344,159.16380310058594,57.33580017089844,45.21786880493164,155.96319580078125,50.01715850830078,81.20549774169922,510.5090637207031,164.38616943359375,69.03933715820312,93.58000183105467,33.18000030517578,71.47000122070312,73.31999969482422,28.0,15.520000457763672,63.33000183105469,111.38999938964844,32.63999938964844,21.239999771118164,11.010000228881836,103.73999786376952,42.8776969909668,86.9461669921875,131.4600067138672,51.464134216308594,47.93000030517578,81.61955261230469,41.5,8.069999694824219,185.8800048828125,93.5,65.77999877929688,163.0,84.67500305175781,151.61000061035156,329.760009765625,101.8499984741211,63.060001373291016,97.44000244140624,258.4700012207031,175.72085571289062,459.7099914550781,160.85000610351562,85.90602111816406,241.7755584716797,437.9324951171875,362.52880859375,411.3500061035156,80.84061431884766,113.69641876220705,41.48015213012695,32.22808074951172,46.36763000488281,317.9506530761719,69.8753433227539,15.358854293823242,36.68795394897461,141.3862762451172,34.56062316894531,59.94667053222656,3.61191463470459,4.531057834625244,6.562920093536377,16.92415428161621,44.1908073425293,30.3138427734375,77.82429504394531,199.8829803466797,290.9553527832031,524.731689453125,43.37636184692383,150.1342010498047,86.4324722290039,142.04653930664062,28.0153751373291,106.10669708251952,95.59310150146484,34.80598068237305,27.67618179321289,289.913330078125,114.52519989013672,66.51869201660156,59.15281677246094,80.68172454833984,110.37734985351562,95.01258850097656,266.86871337890625
2022-08-23,165.03421020507812,270.6695251464844,133.6199951171875,114.22895050048828,160.354248046875,107.36917114257812,202.81898498535156,17.157442092895508,224.5500030517578,73.5314712524414,32.30097579956055,92.48999786376952,121.6163558959961,43.55034637451172,160.07000732421875,46.76862335205078,12.417520523071287,37.49362564086914,132.0933837890625,160.16650390625,56.893310546875,45.85032653808594,156.50579833984375,50.11459732055664,81.9581069946289,516.0846557617188,165.73922729492188,68.12864685058594,93.1999969482422,32.470001220703125,71.18000030517578,72.83999633789062,27.809999465942383,15.350000381469728,63.619998931884766,111.5999984741211,33.43000030517578,20.56999969482422,10.600000381469728,103.73999786376952,42.91548538208008,86.75302124023438,134.07000732421875,53.213096618652344,50.5099983215332,83.36200714111328,41.06999969482422,8.010000228881836,192.36000061035156,93.51000213623048,65.26000213623047,165.35000610351562,94.9183349609375,153.07000732421875,326.260009765625,102.98999786376952,61.040000915527344,81.31999969482422,258.2799987792969,174.74786376953125,459.989990234375,157.66000366210938,84.87628173828125,241.20033264160156,441.3094482421875,363.3171081542969,410.4100036621094,80.69438934326172,113.31822204589844,41.44279098510742,31.940326690673828,46.096214294433594,315.8707580566406,70.10649871826172,15.299554824829102,36.10652923583984,140.68215942382812,34.211524963378906,60.13819885253906,3.5948774814605713,4.521903991699219,6.580950736999512,16.68388557434082,44.2851448059082,30.304763793945312,77.69183349609375,197.48422241210935,286.0068359375,521.4609375,43.1926383972168,150.14346313476562,90.10086059570312,146.65467834472656,28.757505416870117,108.67683410644533,98.50885009765624,37.10626983642578,29.600902557373047,296.4533386230469,113.4583740234375,71.10552215576172,61.27962112426758,83.58967590332031,113.1384048461914,97.9172821044922,272.0279235839844
2022-08-24,165.33026123046875,270.03314208984375,133.8000030517578,114.15928649902344,162.49415588378906,107.6294174194336,202.69146728515625,17.198389053344727,229.61000061035156,73.30049896240234,32.2153434753418,92.7300033569336,120.25343322753906,43.2380256652832,163.60000610351562,47.16195297241211,12.579629898071287,38.16455078125,132.64723205566406,159.86012268066406,57.33580017089844,45.75545883178711,155.78231811523438,50.21485900878906,81.51036071777344,515.7803344726562,164.85305786132812,68.5885009765625,93.76000213623048,33.290000915527344,71.4800033569336,72.91000366210938,28.709999084472656,15.390000343322754,64.12000274658203,114.51000213623048,34.38999938964844,21.040000915527344,10.859999656677246,105.9000015258789,43.00994873046875,89.35087585449219,138.89999389648438,55.296966552734375,53.209999084472656,83.97140502929688,41.18000030517578,8.100000381469727,194.6199951171875,96.62999725341795,66.1500015258789,165.64999389648438,94.13500213623048,159.49000549316406,338.6000061035156,105.3000030517578,60.95000076293945,83.61000061035156,258.6600036621094,178.7293243408203,457.5199890136719,160.3800048828125,84.92485046386719,241.5492706298828,457.2218322753906,366.036865234375,405.6499938964844,80.96855926513672,113.1490478515625,41.69498443603515,32.042442321777344,46.15049743652344,317.50494384765625,70.61695098876953,15.25719928741455,36.17298126220703,142.1197052001953,34.09210205078125,59.75515365600586,3.5352470874786377,4.531057834625244,6.580950736999512,16.711685180664062,43.98324203491211,30.14145278930664,79.29088592529297,198.3789978027344,287.1343994140625,522.567138671875,43.50529479980469,151.21875,90.63412475585938,147.7410430908203,28.52779769897461,110.5687255859375,100.38910675048828,37.62477493286133,30.018083572387695,297.0966796875,114.98946380615234,72.18478393554688,62.63697052001953,84.46753692626953,113.1476821899414,99.1378173828125,278.6585388183594
2022-08-25,167.79742431640625,273.0292053222656,137.27999877929688,117.1451416015625,167.98828125,110.18537902832033,205.7808532714844,17.88844108581543,233.97999572753903,73.99337768554688,33.195308685302734,97.18000030517578,120.93038940429688,43.42174530029297,169.3800048828125,48.02234649658203,12.91195011138916,39.27301788330078,137.2843475341797,164.61346435546875,60.17751693725586,47.25556945800781,159.0379180908203,52.03959655761719,83.42523193359375,529.8175048828125,170.57972717285156,71.44673156738281,96.72000122070312,34.34000015258789,71.37000274658203,75.7300033569336,29.6200008392334,15.84000015258789,64.94999694824219,117.02999877929688,35.75,24.010000228881836,11.210000038146973,108.31999969482422,44.01127624511719,96.46842956542967,151.02000427246094,60.385704040527344,59.83000183105469,87.77054595947266,41.470001220703125,8.420000076293945,202.94000244140625,98.56999969482422,68.23999786376953,167.72000122070312,95.93000030517578,196.27999877929688,363.739990234375,110.37999725341795,61.939998626708984,85.72000122070312,266.3299865722656,172.67271423339844,466.0299987792969,162.36000061035156,85.68257904052734,243.50131225585935,457.3004455566406,368.6876525878906,403.9299926757813,82.16573333740234,116.09495544433594,42.395503997802734,32.61793518066406,47.100467681884766,321.7297668457031,71.27188110351562,15.324969291687012,36.33079147338867,143.82127380371094,34.5422477722168,60.04243850708008,3.552284240722656,4.640902042388916,6.698145389556885,16.930112838745117,45.19085311889648,31.27560806274414,80.33170318603516,200.8062744140625,288.6907958984375,529.8301391601562,43.79539108276367,155.26963806152344,91.1030044555664,149.03570556640625,28.863523483276367,111.74668884277344,101.80611419677734,37.86988830566406,30.217193603515625,296.07000732421875,116.02664184570312,71.77042388916016,63.73495101928711,85.78434753417969,114.29656982421876,100.26374053955078,286.2086181640625
2022-08-26,161.4716033935547,262.4938049316406,130.75,110.77531433105467,161.02110290527344,106.5791473388672,198.98426818847656,16.237709045410156,223.27999877929688,71.83775329589844,31.73962783813477,91.18000030517578,117.68102264404295,42.154090881347656,164.52999877929688,46.25853729248047,12.490468978881836,38.14509582519531,129.89682006835938,157.3534393310547,56.66716003417969,44.7968864440918,151.041748046875,49.27079772949219,80.72916412353516,500.5653076171875,160.19361877441406,67.28111267089844,92.6999969482422,32.41999816894531,66.73999786376953,72.33999633789062,28.579999923706055,14.970000267028809,61.65999984741211,112.81999969482422,34.060001373291016,23.079999923706055,10.670000076293944,104.25,42.0653076171875,94.64317321777344,147.7100067138672,59.036766052246094,57.56999969482422,85.75194549560547,39.560001373291016,7.940000057220459,194.55999755859375,93.4800033569336,64.38999938964844,161.19000244140625,93.44833374023438,197.7100067138672,353.57000732421875,106.7300033569336,58.02000045776367,81.41000366210938,257.04998779296875,164.0544891357422,444.69000244140625,166.4600067138672,81.83560943603516,236.2116546630859,440.22955322265625,355.3450622558594,381.0199890136719,79.3327407836914,109.81497955322266,41.069183349609375,31.58759307861328,45.03767395019531,312.3608703613281,69.23966979980469,15.155539512634276,35.923789978027344,139.86074829101562,33.80731201171875,59.08481979370117,3.4841349124908447,4.457828044891357,6.490799903869629,16.225187301635742,39.08678436279297,28.481035232543945,76.00759887695312,191.3161468505859,277.805908203125,511.6006774902344,42.419036865234375,148.89202880859375,89.98135375976562,147.9402618408203,28.563138961791992,111.16661071777344,101.84243774414062,37.16283416748047,29.48712730407715,288.0899963378906,112.67801666259766,70.87425994873047,62.91362380981445,84.29378509521484,112.92530822753906,98.72149658203124,278.9295654296875
2022-08-29,159.26100158691406,259.6935119628906,129.7899932861328,109.81983947753906,158.42333984375,106.3188934326172,198.43504333496097,15.779337882995604,224.57000732421875,71.39508819580078,31.340028762817383,88.48999786376953,117.61784362792967,41.98874282836914,165.4199981689453,46.73789596557617,12.620155334472656,38.417354583740234,128.676513671875,155.9144287109375,56.05752182006836,43.93022155761719,148.44004821777344,48.63890075683594,78.92864990234375,490.6902770996094,158.05923461914062,65.42369842529297,92.66000366210938,31.940000534057617,66.33999633789062,71.12000274658203,28.739999771118164,14.729999542236328,60.560001373291016,113.54000091552734,33.41999816894531,22.90999984741211,10.270000457763672,104.5199966430664,41.99917984008789,93.29112243652344,147.32000732421875,57.976226806640625,66.04000091552734,83.36200714111328,39.220001220703125,7.809999942779541,192.0500030517578,89.80000305175781,64.2300033569336,158.52999877929688,93.16500091552734,186.42999267578125,332.07000732421875,105.29000091552734,58.0,81.0,250.9600067138672,159.07020568847656,435.7799987792969,160.88999938964844,82.1659164428711,234.70277404785156,428.7835693359375,346.0622863769531,375.260009765625,77.99849700927734,108.89935302734376,41.02247619628906,31.46693229675293,44.66672897338867,310.05810546875,69.287841796875,15.06235408782959,35.9902458190918,141.6894073486328,33.33878707885742,58.60601806640625,3.509690999984741,4.4029059410095215,6.436709880828857,16.151716232299805,38.29429244995117,28.608062744140625,75.60075378417969,191.3922882080078,276.1470947265625,510.8695373535156,42.83161926269531,147.1029510498047,92.04998016357422,149.04476928710938,28.686824798583984,112.95144653320312,103.02327728271484,38.06787109375,30.24563789367676,284.82000732421875,112.14460754394533,72.52203369140625,64.09807586669922,85.22653198242188,114.35215759277344,99.34596252441406,275.8417053222656
2022-08-30,156.82347106933594,257.4806823730469,128.72999572753906,109.39187622070312,156.4227752685547,106.33749389648438,197.5033416748047,15.446791648864746,220.6499938964844,71.34696960449219,30.69305992126465,86.94000244140625,116.95894622802734,41.557010650634766,162.2100067138672,46.17250061035156,12.5228910446167,38.134735107421875,126.17021942138672,154.80035400390625,55.359378814697266,43.74641418457031,146.08705139160156,47.902008056640625,78.87146759033203,483.9563903808594,157.90676879882812,62.59252166748047,91.8000030517578,31.36000061035156,67.02999877929688,71.22000122070312,28.709999084472656,14.720000267028809,61.41999816894531,112.55999755859376,33.68000030517578,21.959999084472656,10.010000228881836,105.77999877929688,41.98973083496094,90.62565612792967,137.69000244140625,57.222686767578125,66.5,82.79071044921875,39.029998779296875,7.789999961853027,193.2949981689453,91.16000366210938,63.779998779296875,160.8800048828125,93.27999877929688,184.7400054931641,330.7200012207031,104.61000061035156,58.56999969482422,81.41999816894531,251.3999938964844,158.53404235839844,436.8399963378906,164.27000427246094,82.10762023925781,231.60020446777344,425.2496643066406,352.0832214355469,375.0700073242187,77.15775299072266,108.42164611816406,41.22795867919922,31.643291473388672,44.40435791015625,309.7887878417969,69.82718658447266,15.096237182617188,35.32575988769531,142.30551147460938,32.81513977050781,58.51025390625,3.4926533699035645,4.412059783935547,6.53587532043457,16.032573699951172,37.4451904296875,28.21791076660156,74.67347717285156,187.72756958007812,273.14630126953125,504.2126159667969,42.70267868041992,149.0403594970703,88.54708862304688,145.4143829345703,27.7591609954834,108.74821472167967,100.3709487915039,36.4652099609375,28.776025772094727,277.70001220703125,111.05802917480467,69.3902816772461,61.45253372192383,82.43746948242188,109.35816955566406,96.03443908691406,264.03253173828125
2022-08-31,155.15562438964844,256.011962890625,126.7699966430664,108.63545989990234,162.1656951904297,105.7054672241211,194.8847198486328,15.073307037353516,223.55999755859375,71.3565902709961,30.369571685791016,84.87000274658203,115.93899536132812,41.07933807373047,160.25,45.13387680053711,12.352675437927246,37.23813247680664,124.85810089111328,153.37991333007812,55.585540771484375,43.275028228759766,144.93922424316406,47.21335983276367,79.40496826171875,480.93304443359375,156.8205108642578,60.37446212768555,93.44000244140624,31.649999618530273,66.80000305175781,69.58000183105469,28.760000228881836,14.729999542236328,59.900001525878906,113.12000274658205,33.459999084472656,23.040000915527344,10.880000114440918,105.61000061035156,41.89479064941406,92.1418914794922,143.97000122070312,59.06467819213867,71.30000305175781,84.62647247314453,39.11000061035156,7.71999979019165,182.61000061035156,91.4000015258789,62.56999969482422,159.24000549316406,92.80166625976562,180.9499969482422,322.8599853515625,104.9499969482422,58.220001220703125,80.4000015258789,247.66000366210935,155.00926208496094,434.6199951171875,164.55999755859375,82.78764343261719,230.4874267578125,423.8556823730469,346.08197021484375,373.44000244140625,77.87969970703125,107.705078125,40.82632827758789,31.19774627685547,44.16007995605469,311.2296142578125,68.3343276977539,14.859036445617676,34.727718353271484,140.77996826171875,33.246910095214844,58.318729400634766,3.475615978240967,4.622594833374023,6.698145389556885,15.75656032562256,36.1243782043457,26.049400329589844,73.28257751464844,184.79583740234375,270.5386657714844,502.2501831054687,42.725250244140625,148.63246154785156,87.88512420654297,143.0967254638672,27.246742248535156,108.24848175048828,99.41718292236328,35.96555709838867,28.56743431091309,275.6099853515625,110.71231079101562,68.41700744628906,61.05483627319336,81.80650329589844,108.51502990722656,95.32482147216795,259.3765563964844
2022-09-01,155.88592529296875,254.96432495117188,127.81999969482422,110.02886199951172,164.58432006835938,106.4304428100586,196.27740478515625,13.917890548706056,230.0399932861328,72.46327209472656,30.21734619140625,82.33000183105469,117.03117370605467,41.60293960571289,153.66000366210938,44.91263198852539,12.312149047851562,37.57923126220703,122.63978576660156,154.26190185546875,56.35250473022461,42.6949462890625,144.1357879638672,46.5417366027832,77.77589416503906,461.2810363769531,156.64901733398438,59.43675231933594,92.66000366210938,31.270000457763672,65.52999877929688,67.6500015258789,28.920000076293945,14.670000076293944,58.880001068115234,113.4000015258789,34.369998931884766,22.739999771118164,11.640000343322754,106.12999725341795,42.50238037109375,90.50011444091795,144.47999572753906,58.71116256713867,71.41999816894531,84.26315307617188,38.5099983215332,7.489999771118164,172.97000122070312,60.599998474121094,59.31999969482422,145.57000732421875,90.85832977294922,173.14999389648438,241.11000061035156,97.13999938964844,55.70000076293945,81.13999938964844,235.42999267578125,152.43771362304688,430.55999755859375,161.08999633789062,81.5830307006836,231.9491424560547,417.69091796875,341.5194396972656,370.5299987792969,78.74786376953125,109.21783447265624,40.81698989868164,31.272491455078125,44.10580062866211,312.00604248046875,69.07593536376953,14.825151443481444,34.727718353271484,140.74085998535156,33.89917755126953,58.70177459716797,3.4926533699035645,4.55851936340332,6.499814987182617,15.66323184967041,35.52057647705078,25.55944061279297,73.32041931152344,186.33786010742188,275.1817321777344,509.0512390136719,43.347354888916016,152.8038787841797,86.30375671386719,140.81529235839844,27.0258731842041,105.93714904785156,97.6731948852539,34.739990234375,27.439149856567383,277.1600036621094,111.15680694580078,65.91161346435547,58.92803955078125,78.94426727294922,102.51113891601562,91.54967498779295,248.7289581298828
2022-09-02,153.76414489746094,250.71495056152344,127.51000213623048,108.16766357421876,159.56797790527344,105.68688201904295,193.95301818847656,13.628289222717283,226.11000061035156,71.86663055419922,29.703575134277344,80.23999786376953,115.34329986572266,40.95991897583008,151.82000732421875,44.51315689086914,12.287833213806152,37.49151611328125,121.2804718017578,151.32815551757812,55.388877868652344,42.514102935791016,142.1653594970703,47.318359375,77.0709228515625,458.6012268066406,154.73374938964844,59.031005859375,91.12999725341795,30.11000061035156,65.26000213623047,67.01000213623047,29.049999237060547,14.600000381469728,58.22999954223633,113.63999938964844,34.04999923706055,22.06999969482422,11.220000267028809,105.72000122070312,41.87580490112305,88.6555404663086,140.0500030517578,57.01802062988281,72.19000244140625,84.63603973388672,37.939998626708984,7.400000095367432,172.4499969482422,64.62999725341797,58.709999084472656,145.1199951171875,89.86666870117188,171.49000549316406,244.8699951171875,96.94000244140624,54.45000076293945,80.79000091552734,232.4199981689453,152.59658813476562,434.510009765625,158.5399932861328,80.89329528808594,224.89523315429688,412.3507995605469,339.440185546875,368.1400146484375,78.95806121826172,107.33682250976562,40.51810836791992,31.235116958618164,44.18722152709961,310.11627197265625,67.7468032836914,14.562535285949709,34.30410385131836,138.8437042236328,32.85188674926758,58.1272087097168,3.4500606060028076,4.512750625610352,6.499814987182617,15.33559226989746,35.652652740478516,25.078554153442383,73.67996215820312,186.0998687744141,273.8029479980469,499.3738098144531,42.87029647827149,152.58143615722656,87.88512420654297,142.90660095214844,27.50295639038086,108.44479370117188,100.15294647216795,35.89013671875,28.453657150268555,270.2099914550781,109.84303283691406,66.26814270019531,60.81275939941406,80.89204406738281,105.4574966430664,93.79204559326172,251.5554656982422
2022-09-06,152.50094604492188,247.96359252929688,126.11000061035156,106.97333526611328,157.79627990722656,105.71476745605467,194.8160858154297,13.446538925170898,218.38999938964844,71.04865264892578,28.885343551635746,78.72000122070312,114.37750244140624,40.84969329833984,152.38999938964844,44.34723663330078,12.182462692260742,37.72541427612305,119.57189178466795,151.42100524902344,54.30725860595703,42.17316436767578,141.7827606201172,47.12727737426758,76.24208068847656,461.2810363769531,153.17111206054688,58.92281723022461,91.61499786376952,29.84000015258789,62.779998779296875,65.94000244140625,28.88999938964844,13.970000267028809,58.22999954223633,113.6999969482422,33.5,22.100000381469727,10.770000457763672,103.86000061035156,40.86000061035156,85.4202880859375,134.89999389648438,55.21323776245117,66.62000274658203,82.98194122314453,37.90999984741211,7.28000020980835,171.14999389648438,60.65999984741211,58.54999923706055,145.02999877929688,88.42333221435547,169.8000030517578,238.0,92.33000183105467,53.79999923706055,80.0199966430664,229.6699981689453,150.64059448242188,430.4700012207031,159.89999389648438,81.76760864257812,224.5746154785156,411.0746154785156,340.87890625,368.2999877929687,77.79745483398438,106.30177307128906,40.05108642578125,30.88941192626953,43.62629318237305,305.4478759765625,67.87203979492188,14.223674774169922,34.13798522949219,138.77528381347656,31.91483688354492,57.456878662109375,3.3563551902770996,4.503596782684326,6.481785297393799,14.9662504196167,35.180931091308594,24.79728126525879,72.42153930664062,183.67263793945312,271.5892028808594,499.17181396484375,42.65755844116211,151.6359100341797,87.29669952392578,142.24569702148438,27.50295639038086,107.364990234375,98.67237091064452,35.38343811035156,28.1014347076416,274.4200134277344,108.74657440185548,64.44691467285156,60.121116638183594,79.33749389648438,104.493896484375,93.15811920166016,258.1569519042969
2022-09-07,153.91217041015625,252.70257568359375,129.47999572753906,109.9591827392578,159.63763427734375,107.72235870361328,196.5618133544922,13.69926643371582,228.9600067138672,71.68379211425781,29.1612606048584,79.61000061035156,115.27107238769533,41.35491180419922,155.9499969482422,45.219913482666016,12.506678581237791,39.08980941772461,121.3937530517578,153.94622802734375,54.08110046386719,42.69099807739258,144.14535522460938,47.78282165527344,76.16587829589844,467.9167785644531,155.61990356445312,59.166255950927734,94.97000122070312,30.979999542236328,68.25,67.9000015258789,30.030000686645508,14.6899995803833,59.119998931884766,116.06999969482422,35.220001220703125,23.469999313354492,11.460000038146973,107.36000061035156,42.397945404052734,87.49664306640625,137.25,55.706298828125,68.41000366210938,83.39307403564453,39.939998626708984,7.389999866485596,171.9600067138672,61.189998626708984,61.02000045776367,147.7100067138672,90.0,177.75999450683594,246.7100067138672,95.62000274658205,55.13999938964844,81.0199966430664,235.4199981689453,152.1894989013672,444.1600036621094,165.77000427246094,83.12765502929688,227.95065307617188,427.30126953125,350.96966552734375,379.7200012207031,79.37843322753906,108.92921447753906,40.947757720947266,31.36593246459961,43.99723052978515,309.2555847167969,69.14334869384766,14.291446685791016,34.121376037597656,142.28594970703125,32.13531494140625,59.18058395385742,3.3563551902770996,4.576826095581055,6.499814987182617,14.793493270874023,35.8319091796875,24.924306869506836,73.70835876464844,191.6112365722656,279.0275573730469,509.5035095214844,43.75349044799805,158.31942749023438,86.55199432373047,140.42599487304688,27.09654998779297,104.57176208496094,96.97378540039062,35.099308013916016,27.30179977416992,283.70001220703125,111.31485748291016,63.04965591430664,59.10093307495117,78.93512725830078,104.34564971923828,93.04458618164062,270.25653076171875
2022-09-08,152.431884765625,253.12356567382812,129.82000732421875,108.90418243408205,161.29978942871094,110.23184204101562,196.84622192382812,13.974969863891602,227.44000244140625,71.83775329589844,29.25640296936035,82.77999877929688,115.9570541381836,41.67642974853515,157.7899932861328,45.3366813659668,12.539100646972656,39.46988677978515,121.62975311279295,156.3507843017578,54.46458053588867,43.3985595703125,145.51312255859375,48.42606735229492,76.44215393066406,473.8751831054687,157.64950561523438,59.62609100341797,96.16999816894533,31.940000534057617,73.08000183105469,69.41999816894531,30.68000030517578,17.170000076293945,59.33000183105469,118.58000183105467,37.369998931884766,24.0,12.529999732971191,108.3000030517578,42.00872039794922,86.4536361694336,135.86000061035156,55.73420715332031,68.19000244140625,81.74854278564453,41.86000061035156,7.53000020980835,179.875,62.66999816894531,62.58000183105469,154.25,91.20833587646484,179.47999572753906,247.5099945068359,97.88999938964844,57.95000076293945,80.2300033569336,240.32000732421875,155.7837371826172,450.7699890136719,167.5800018310547,82.87506866455078,229.14401245117188,430.98248291015625,359.2472839355469,383.6300048828125,80.82235717773438,107.86431121826172,42.246055603027344,32.37501907348633,45.14624786376953,313.764892578125,70.46285247802734,14.206730842590332,34.32072067260742,142.15882873535156,31.574926376342773,59.27635192871094,3.2541308403015137,4.576826095581055,6.526860237121582,14.731937408447266,36.32249450683594,24.9515323638916,74.19091033935547,194.54298400878903,281.3069152832031,509.0032348632813,43.97591018676758,159.34837341308594,87.25992584228516,141.1864776611328,27.12305450439453,105.58018493652344,98.39078521728516,36.15058517456055,27.04477882385254,289.260009765625,110.9592514038086,62.25949478149414,59.57645797729492,78.57849884033203,103.7063446044922,93.14867401123048,282.0948181152344
2022-09-09,155.30364990234375,258.9395446777344,133.27000427246094,111.2530517578125,168.35653686523438,110.76163482666016,201.2498016357422,14.37154483795166,233.57000732421875,73.05029296875,29.931915283203125,85.44999694824219,116.60693359375,42.04385757446289,157.52000427246094,45.50262069702149,12.498575210571287,40.23979949951172,124.65042877197266,158.51393127441406,56.48032760620117,44.546871185302734,147.4739532470703,49.41647720336914,77.67109680175781,491.7897338867187,160.21267700195312,62.0605583190918,96.2300033569336,34.810001373291016,80.87000274658203,72.19000244140625,31.780000686645508,18.11000061035156,64.30999755859375,123.4800033569336,37.8849983215332,25.549999237060547,12.649999618530272,110.41999816894533,42.8156623840332,88.98389434814453,138.42999267578125,56.19935989379883,69.76000213623047,83.65122985839844,45.529998779296875,7.789999961853027,190.86000061035156,64.69999694824219,65.83000183105469,188.0,94.12833404541016,188.19000244140625,268.6400146484375,100.54000091552734,64.04000091552734,82.62000274658203,258.92999267578125,161.43324279785156,470.0299987792969,169.9600067138672,84.5848388671875,231.3791961669922,441.770751953125,364.7756042480469,394.7799987792969,81.75450134277344,110.12350463867188,42.33945846557617,32.64597702026367,45.8428840637207,318.1806945800781,71.7919692993164,14.426990509033203,35.08488082885742,142.48153686523438,32.548728942871094,60.04243850708008,3.3222804069519043,4.640902042388916,6.707160472869873,14.968236923217772,37.5395393371582,25.641101837158203,75.5250473022461,195.7518615722656,281.1849670410156,516.1796875,44.108055114746094,160.97061157226562,88.72177124023438,144.82591247558594,27.99770736694336,110.0868148803711,101.7061996459961,37.552284240722656,28.234710693359375,299.67999267578125,113.77447509765624,63.3505744934082,60.59357070922851,80.49882507324219,104.99421691894533,94.62466430664062,290.7484436035156
2022-09-12,161.28407287597656,261.0838623046875,136.4499969482422,111.34263610839844,168.1674346923828,112.07215118408205,202.6522521972656,14.489416122436523,236.52999877929688,74.17622375488281,30.02705955505371,84.63999938964844,117.93375396728516,42.6225700378418,158.72000122070312,46.28926086425781,12.595840454101562,40.980464935302734,125.54718017578124,158.3654022216797,56.97197341918945,44.20296478271485,148.8800048828125,50.04648208618164,78.26175689697266,495.6474304199219,161.09884643554688,62.006446838378906,97.6500015258789,35.15999984741211,82.55000305175781,75.6500015258789,32.5,18.190000534057617,65.87000274658203,124.79000091552734,37.130001068115234,25.700000762939453,12.649999618530272,114.08000183105467,43.21438980102539,91.44654846191406,139.55999755859375,57.48316955566406,71.55999755859375,83.6225357055664,46.56999969482422,8.010000228881836,195.1000061035156,64.80000305175781,66.94000244140625,193.6000061035156,94.68000030517578,195.2100067138672,278.510009765625,104.38999938964844,65.66000366210938,84.08000183105469,264.7900085449219,164.45164489746094,476.2900085449219,169.75,86.41117858886719,231.04771423339844,447.0127868652344,370.2150573730469,396.3599853515625,82.38506317138672,110.33250427246094,42.52626419067383,32.95431900024414,46.02383041381836,320.5008544921875,72.15795135498047,14.723491668701172,35.51679611206055,141.9436798095703,32.78758239746094,59.94667053222656,3.3563551902770996,4.695823669433594,6.725190162658691,15.01589298248291,38.020694732666016,25.86793327331543,76.27254486083984,196.46571350097656,279.09326171875,519.0079345703125,44.5045280456543,161.15602111816406,89.74230194091797,147.11639404296875,28.386444091796875,112.80865478515624,103.90436553955078,38.02582931518555,28.82491874694824,304.4200134277344,114.9697036743164,64.49959564208984,62.963890075683594,81.89793395996094,105.85589599609376,94.55844116210938,287.4573669433594
2022-09-13,151.82000732421875,246.7299041748047,126.81999969482422,104.81355285644533,152.4116973876953,108.17777252197266,195.8262481689453,13.11689281463623,218.1300048828125,73.1753921508789,27.867319107055664,77.02999877929688,114.85588836669922,40.51900100708008,147.30999755859375,43.53599548339844,11.947406768798828,39.499122619628906,117.92938995361328,151.0032196044922,52.72415542602539,41.55256652832031,141.80191040039062,47.642818450927734,75.07984161376953,462.43939208984375,148.1304931640625,58.8236198425293,95.01000213623048,32.70000076293945,75.25,70.87000274658203,31.31999969482422,16.8799991607666,62.06999969482422,121.54000091552734,35.47999954223633,24.59000015258789,11.770000457763672,107.05999755859376,40.62266159057617,86.40534973144531,131.30999755859375,53.42706680297851,67.81999969482422,83.55561065673828,43.869998931884766,7.480000019073486,184.6999969482422,61.47999954223633,59.849998474121094,181.22000122070312,91.4800033569336,187.42999267578125,251.9199981689453,96.62999725341795,60.93000030517578,78.86000061035156,248.8999938964844,156.97520446777344,452.3800048828125,160.11000061035156,83.40937042236328,222.6278839111328,421.4310302734375,356.1037902832031,368.3900146484375,79.55207824707031,103.82362365722656,40.3686637878418,31.7676944732666,44.33198165893555,307.22540283203125,70.2605972290039,14.257559776306152,34.67788314819336,134.6973876953125,30.73892593383789,57.55263900756836,3.2711682319641113,4.5402116775512695,6.508830547332764,14.299054145812988,36.13380432128906,24.677968978881836,70.23583984375,184.31039428710935,260.69903564453125,490.8987121582031,43.58588409423828,154.10169982910156,87.64608764648438,144.31893920898438,28.06838607788086,109.68524169921876,102.033203125,36.43471145629883,27.74921607971191,292.1300048828125,110.39620208740234,63.089866638183594,61.088863372802734,78.788818359375,103.1504364013672,92.39173889160156,288.5414733886719
2022-09-14,153.2707061767578,246.95506286621097,128.5500030517578,105.37092590332033,150.75946044921875,107.92682647705078,195.57122802734375,13.113896369934082,224.1199951171875,69.40306854248047,27.76266288757324,77.44999694824219,115.25302124023438,40.38120651245117,149.25999450683594,43.03820037841797,11.882561683654783,39.58683395385742,120.38370513916016,153.4263153076172,52.22267532348633,41.67905807495117,143.7149200439453,48.314449310302734,75.8896255493164,469.3106689453125,152.76272583007812,57.00230407714844,97.66000366210938,33.689998626708984,78.69999694824219,77.97000122070312,33.04999923706055,17.110000610351562,64.52999877929688,126.8000030517578,35.65999984741211,24.760000228881836,11.520000457763672,111.2300033569336,40.4138069152832,85.87419128417969,128.77000427246094,53.39915466308594,69.87000274658203,81.67205810546875,45.06999969482422,7.630000114440918,184.11000061035156,60.79999923706055,61.41999816894531,182.97999572753903,91.02999877929688,197.97999572753903,247.22000122070312,97.02999877929688,60.54999923706055,79.58999633789062,255.57000732421875,159.13967895507812,457.489990234375,160.1300048828125,83.84652709960938,222.07855224609375,428.82281494140625,358.73486328125,371.5199890136719,79.6708755493164,104.5003890991211,40.42469787597656,31.64623260498047,43.8162841796875,306.168212890625,70.06796264648438,14.206730842590332,34.28750228881836,138.79478454589844,31.66679000854492,57.55263900756836,3.28820538520813,4.521903991699219,6.292470455169678,14.305011749267578,35.973426818847656,24.751201629638672,69.48833465576172,183.1300811767578,259.2076110839844,488.6862487792969,43.48917770385742,153.30447387695312,89.79747009277344,147.81349182128906,28.342266082763672,114.4914779663086,106.92003631591795,38.1110725402832,28.939146041870117,302.6099853515625,111.12718200683594,64.88581848144531,63.83064270019531,78.64250183105469,101.53826904296876,93.02566528320312,297.2144470214844
2022-09-15,150.36932373046875,240.25787353515625,126.27999877929688,103.4102020263672,148.84848022460938,109.5533676147461,191.60902404785156,12.91511058807373,235.3800048828125,67.5938949584961,27.439178466796875,76.66000366210938,113.2673110961914,39.765750885009766,149.77999877929688,42.349884033203125,12.068987846374512,39.62581634521485,117.97660064697266,151.02178955078125,51.809696197509766,40.85686492919922,141.4384307861328,47.310787200927734,74.70928955078125,457.0895690917969,152.98304748535156,56.42525100708008,96.4000015258789,33.849998474121094,77.2300033569336,77.69000244140625,33.130001068115234,16.989999771118164,64.41000366210938,125.04000091552734,35.93000030517578,25.6299991607666,11.899999618530272,112.3499984741211,40.49924850463867,85.78726959228516,127.30999755859376,53.63173294067383,68.44000244140625,80.50557708740234,43.5,8.010000228881836,178.86000061035156,62.540000915527344,60.95000076293945,175.99000549316406,89.80999755859375,196.4900054931641,233.52000427246097,95.36000061035156,60.279998779296875,80.20999908447266,252.88999938964844,153.67880249023438,435.5499877929687,154.3300018310547,82.00076293945312,218.50796508789065,414.3729553222656,346.45648193359375,309.1300048828125,80.65785217285156,102.42033386230467,41.22795867919922,32.244205474853516,43.82533264160156,310.2472229003906,69.90422821044922,14.19825839996338,34.07984161376953,137.9049072265625,31.235015869140625,56.8823127746582,3.245612144470215,4.457828044891357,6.076110363006592,14.269268989562988,35.52057647705078,24.6596622467041,69.847900390625,181.84503173828125,254.7051544189453,484.3572692871094,43.02179718017578,152.9614715576172,87.18639373779297,145.4143829345703,27.829845428466797,110.72418975830078,104.96710968017578,37.53334045410156,27.987201690673828,303.75,109.41828155517578,62.84847640991211,61.45148849487305,74.86585235595703,97.43374633789062,90.96305084228516,277.9222106933594
2022-09-16,148.7212371826172,239.63124084472656,123.52999877929688,103.14147186279295,145.60377502441406,108.819091796875,189.578857421875,13.183820724487305,240.1300048828125,66.23702239990234,27.819747924804688,76.51000213623047,114.87393188476562,39.774940490722656,144.2899932861328,40.80117416381836,11.931195259094238,38.953372955322266,117.94827270507812,153.4263153076172,51.96702194213867,40.43983840942383,142.81578063964844,47.53403091430664,74.62306213378906,458.6601257324219,153.232177734375,56.542457580566406,94.0,31.729999542236328,74.0,73.91000366210938,31.93000030517578,16.270000457763672,59.130001068115234,118.75,34.15999984741211,24.920000076293945,11.300000190734863,108.02999877929688,39.8726806640625,83.469482421875,123.69000244140624,51.510650634765625,65.66999816894531,79.08096313476562,39.5,7.78000020980835,171.00999450683594,59.0099983215332,58.91999816894531,169.49000549316406,87.04499816894531,184.6699981689453,220.5800018310547,91.25,56.58000183105469,78.68000030517578,242.8999938964844,150.43209838867188,425.7999877929687,152.2899932861328,81.54417419433594,221.2829742431641,415.2367858886719,344.50531005859375,299.5,79.89933776855469,102.31085968017578,41.04115676879883,31.879817962646484,43.52677154541016,305.1859130859375,69.22042083740234,14.181316375732422,34.262577056884766,136.85855102539062,31.712717056274418,57.16959381103515,3.2626495361328125,4.238141059875488,6.085124969482422,14.273240089416504,35.81304168701172,24.92511558532715,71.71188354492188,182.57797241210935,258.8605041503906,484.9729614257813,42.93154525756836,152.10862731933594,85.69696807861328,141.63914489746094,27.396934509277344,109.72138214111328,102.75985717773438,36.34000015258789,26.835350036621097,303.3500061035156,106.92903900146484,62.19190979003906,59.098846435546875,73.82337951660156,96.7851791381836,90.49943542480467,278.4747009277344
2022-09-19,152.45159912109375,239.41583251953125,124.66000366210938,103.36043548583984,147.32566833496094,109.8228988647461,189.4121551513672,13.367624282836914,243.6300048828125,66.46797180175781,28.010032653808594,76.7699966430664,115.28913879394533,39.774940490722656,144.8800048828125,41.206790924072266,12.101409912109377,40.337249755859375,119.55301666259766,154.34544372558594,51.22954177856445,40.43983840942383,143.10275268554688,47.47159576416016,74.94879913330078,462.44915771484375,156.25962829589844,55.92032241821289,95.02999877929688,32.939998626708984,69.93000030517578,76.01000213623047,31.489999771118164,16.239999771118164,58.880001068115234,118.77999877929688,32.93000030517578,25.420000076293945,11.350000381469728,111.77999877929688,39.2556037902832,84.65735626220703,126.25,52.859580993652344,65.79000091552734,79.1670150756836,37.11000061035156,7.860000133514404,175.38999938964844,58.90999984741211,61.20000076293945,174.57000732421875,87.67500305175781,187.6999969482422,221.33999633789065,93.8000030517578,56.47999954223633,78.31999969482422,241.6199951171875,151.74270629882812,425.0499877929687,155.0,81.85504150390625,223.25299072265625,415.9141845703125,346.3283996582031,296.05999755859375,81.07823944091797,102.5795669555664,41.396087646484375,32.412391662597656,43.64439010620117,307.47796630859375,70.99256896972656,14.19825839996338,34.2542724609375,137.60179138183594,31.6575984954834,57.64840316772461,3.2711682319641113,4.283908843994141,6.003990650177002,14.39238166809082,35.68096160888672,24.66881561279297,74.24768829345703,185.70965576171875,263.0346374511719,487.310546875,43.29900360107422,152.72972106933594,85.6877670288086,142.04653930664062,27.29974937438965,108.79988098144533,102.5237045288086,36.908260345458984,27.00670051574707,309.07000732421875,107.83780670166016,62.452606201171875,58.285152435302734,74.92069244384766,96.979736328125,91.11444091796876,287.8082275390625
2022-09-20,154.83982849121094,237.38902282714844,122.19000244140624,101.3499526977539,145.40469360351562,107.65730285644533,188.37254333496097,13.161845207214355,242.8500061035156,65.54414367675781,27.5533447265625,75.25,113.9984130859375,39.113555908203125,145.94000244140625,40.92409133911133,10.61000919342041,38.06652069091797,117.77835845947266,154.1690673828125,49.951263427734375,39.86469650268555,143.26535034179688,46.64105224609375,74.87216186523438,453.4673767089844,154.1519012451172,54.65271759033203,91.62999725341795,30.950000762939453,67.94000244140625,74.51000213623047,31.489999771118164,16.8700008392334,57.65999984741211,116.70999908447266,32.34000015258789,24.760000228881836,11.119999885559082,103.97000122070312,37.879051208496094,82.8610610961914,126.16000366210938,52.84097671508789,66.0999984741211,80.29523468017578,36.40999984741211,7.619999885559082,173.8699951171875,58.5,61.130001068115234,172.67999267578125,87.51000213623047,182.7400054931641,217.8999938964844,93.56999969482422,55.540000915527344,77.08999633789062,235.19000244140625,148.73423767089844,411.2000122070313,152.64999389648438,80.56300354003906,221.1883087158203,410.1519470214844,341.8643493652344,291.05999755859375,79.68000793457031,100.65875244140624,40.54612731933594,31.926532745361328,42.74869537353515,302.426025390625,70.64584350585938,14.028828620910645,33.714378356933594,136.55540466308594,31.08802604675293,57.456878662109375,3.1774630546569824,4.201526165008545,5.859750747680664,14.132254600524902,34.860164642333984,24.21114158630371,72.74324035644531,181.24539184570312,257.172119140625,480.528564453125,43.047576904296875,148.34510803222656,84.98902130126953,141.48526000976562,27.388099670410156,108.07714080810548,101.79702758789062,36.46312713623047,26.292741775512695,308.7300109863281,106.25733184814452,62.06637954711914,57.59528732299805,76.10034942626953,99.5277099609375,91.96598052978516,278.7945556640625
2022-09-21,151.7015838623047,233.96206665039065,118.54000091552734,99.53854370117188,141.4533233642578,104.55294799804688,183.4197998046875,13.246753692626951,236.8699951171875,64.2353744506836,27.087146759033203,74.4800033569336,112.76184844970705,38.20415496826172,143.2899932861328,40.082130432128906,10.577587127685549,36.72161483764648,117.63675689697266,151.606689453125,49.26295852661133,39.395294189453125,141.983642578125,45.990516662597656,73.90452575683594,446.5568542480469,152.49444580078125,54.28793716430664,91.18000030517578,30.549999237060547,67.63999938964844,72.80000305175781,30.469999313354492,15.9399995803833,57.16999816894531,114.01000213623048,31.270000457763672,23.90999984741211,10.850000381469728,104.06999969482422,36.95817947387695,78.80491638183594,119.56999969482422,50.171016693115234,62.4900016784668,76.26039123535156,35.810001373291016,7.690000057220459,169.25,56.970001220703125,61.599998474121094,171.8800048828125,85.55999755859375,178.72000122070312,209.4600067138672,94.51000213623048,54.599998474121094,75.94000244140625,232.3000030517578,146.57969665527344,401.4299926757813,150.97999572753906,79.98983764648438,218.2333068847656,401.1795959472656,338.27740478515625,286.29998779296875,78.92149353027344,98.80760192871094,39.48133087158203,30.9735050201416,41.91634368896485,300.0403137207031,70.22207641601562,13.76621150970459,32.792396545410156,133.748779296875,30.04073143005371,56.59502410888672,3.0411641597747803,4.119143962860107,5.706495761871338,13.88205623626709,34.69977951049805,23.79922866821289,71.83489227294922,179.29403686523438,254.7332763671875,474.3238525390625,43.440826416015625,147.41812133789062,83.6191177368164,140.33546447753906,26.964025497436523,106.82137298583984,100.90685272216795,35.591796875,25.778684616088867,300.79998779296875,103.21492004394533,60.521480560302734,57.02924346923828,74.31715393066406,97.77655792236328,89.57220458984375,276.25518798828125
2022-09-22,150.7344512939453,235.94970703125,117.30999755859376,100.09589385986328,142.15005493164062,103.36326599121094,182.21343994140625,12.547503471374512,237.0500030517578,63.54249954223633,26.70657730102539,69.5,113.10485076904295,37.79997634887695,138.7100067138672,40.16816711425781,10.350635528564451,36.42924118041992,116.74944305419922,150.9753875732422,48.83031463623047,38.22721862792969,139.01846313476562,45.558406829833984,72.45784759521484,432.9320373535156,148.62387084960938,53.65869903564453,87.66000366210938,28.56999969482422,62.939998626708984,69.7699966430664,28.579999923706055,14.6899995803833,54.0,103.72000122070312,30.399999618530273,23.209999084472656,10.460000038146973,97.48999786376952,36.360084533691406,77.9454116821289,118.81999969482422,49.74308395385742,63.459999084472656,75.4859390258789,35.2599983215332,7.369999885559082,161.27999877929688,55.2599983215332,56.91999816894531,162.55999755859375,83.08999633789062,171.7899932861328,198.1999969482422,89.44000244140625,54.0,74.54000091552734,220.69000244140625,149.0817413330078,386.9700012207031,150.49000549316406,79.04753112792969,218.28065490722656,389.4293212890625,323.67340087890625,287.05999755859375,77.46843719482422,99.66351318359376,38.78081130981445,30.366180419921875,41.23779296875,292.75238037109375,69.40341186523438,13.75774097442627,33.16617965698242,132.06678771972656,29.829439163208008,56.21197891235352,3.0411641597747803,4.0642218589782715,5.616345405578613,13.776814460754396,34.22806167602539,23.533775329589844,73.26365661621094,179.0655975341797,252.45394897460935,468.6481323242187,42.99600601196289,141.79135131835938,83.26974487304688,140.22682189941406,27.20256805419922,106.9207534790039,99.9712905883789,36.2074089050293,25.62637710571289,288.5899963378906,100.91336059570312,59.74903106689453,55.826393127441406,75.23161315917969,99.6852035522461,90.81167602539062,263.7716979980469
2022-09-23,148.4547882080078,232.95358276367188,113.77999877929688,98.7024917602539,139.75135803222656,101.43932342529295,180.4186859130859,12.502552032470703,226.41000366210935,62.11825180053711,26.183292388916016,67.95999908447266,110.75806427001952,37.3498649597168,131.25999450683594,39.67036437988281,9.97778606414795,34.57756805419922,114.3989715576172,149.74058532714844,49.26295852661133,37.60760498046875,135.74722290039062,44.70658874511719,70.77168273925781,428.1220703125,146.52574157714844,52.692039489746094,86.97000122070312,28.760000228881836,61.880001068115234,68.12999725341797,27.81999969482422,13.989999771118164,52.0099983215332,101.75,29.510000228881836,22.59000015258789,10.31999969482422,96.47000122070312,36.255653381347656,76.100830078125,118.75,48.663936614990234,60.04999923706055,74.1473617553711,35.540000915527344,7.400000095367432,160.38999938964844,54.18000030517578,54.43000030517578,158.69000244140625,80.78500366210938,172.1300048828125,194.72999572753903,87.27999877929688,52.38999938964844,74.44999694824219,217.55999755859375,145.964111328125,377.0400085449219,151.24000549316406,77.2017593383789,218.10072326660156,386.7395935058594,321.00286865234375,284.55999755859375,74.48925018310547,98.27017211914062,37.744041442871094,29.646732330322266,40.04354476928711,282.50811767578125,68.27652740478516,13.562894821166992,32.82563018798828,129.40689086914062,29.25067138671875,55.63740921020508,2.9730145931243896,3.899456024169922,5.363924980163574,13.58817195892334,33.51104736328125,23.20424461364746,72.92303466796875,179.07513427734375,254.14236450195312,448.6677856445313,41.922637939453125,141.46690368652344,78.8382568359375,131.06484985351562,24.80831718444824,98.58210754394533,91.3693389892578,33.14830017089844,23.398822784423828,275.3299865722656,98.28582000732422,56.70750427246094,51.02383041381836,69.4888687133789,93.18098449707033,86.52559661865234,261.15484619140625
2022-09-26,148.79034423828125,232.493408203125,115.1500015258789,98.34420013427734,135.73028564453125,99.25513458251952,177.11355590820312,12.214862823486328,224.07000732421875,61.059688568115234,25.66000747680664,66.30000305175781,110.1262664794922,37.2763786315918,127.33999633789062,39.59652328491211,9.718411445617676,34.148765563964844,113.0302276611328,148.9700469970703,48.0633430480957,36.70634841918945,134.69508361816406,44.09419250488281,69.94776153564453,422.8901062011719,145.57725524902344,50.51249313354492,84.26000213623047,28.25,62.279998779296875,69.0,26.88999938964844,13.520000457763672,50.72999954223633,103.2300033569336,29.280000686645508,22.809999465942383,10.18000030517578,94.3000030517578,36.19869613647461,76.20706939697266,119.47000122070312,49.62214279174805,60.65999984741211,74.46287536621094,35.54999923706055,7.53000020980835,159.35000610351562,52.84000015258789,53.779998779296875,159.75999450683594,81.58499908447266,165.11000061035156,189.69000244140625,86.41000366210938,51.66999816894531,73.33000183105469,213.61000061035156,145.27902221679688,370.1000061035156,146.97000122070312,77.35718536376953,216.5474548339844,388.5360107421875,316.2530822753906,276.9599914550781,72.88998413085938,97.702880859375,37.37042999267578,28.992692947387695,38.894527435302734,275.6318359375,68.27652740478516,13.274864196777344,32.3355712890625,129.3970947265625,28.377927780151367,55.63740921020508,2.8537533283233643,3.881148099899292,5.27377462387085,13.24464511871338,32.737422943115234,22.847261428833008,69.73434448242188,177.06663513183594,250.0526885986328,462.0393371582031,42.325557708740234,137.85165405273438,77.21092987060547,127.61557006835938,24.0838565826416,95.02259063720705,90.10675811767578,32.06861114501953,22.18985366821289,276.010009765625,96.92264556884766,55.886775970458984,48.80386734008789,67.8154525756836,90.69788360595705,84.71845245361328,256.8709716796875
2022-09-27,149.76731872558594,231.47511291503903,114.41000366210938,97.62757873535156,133.76954650878906,98.38146209716795,174.44589233398438,12.399664878845217,224.36000061035156,60.0684928894043,25.583892822265625,67.16999816894531,109.8825454711914,37.22126388549805,127.51000213623048,39.67036819458008,9.653569221496582,33.82715606689453,113.59661102294922,149.2021484375,49.73494720458984,37.22615432739258,135.64198303222656,44.33171081542969,69.9668960571289,425.3244934082031,147.0718231201172,51.55211639404297,85.75,27.850000381469727,63.04999923706055,70.11000061035156,27.56999969482422,14.15999984741211,51.150001525878906,106.37000274658205,29.049999237060547,22.63999938964844,10.449999809265137,96.7300033569336,35.667057037353516,75.20269012451172,119.2699966430664,48.989540100097656,60.9900016784668,74.54894256591797,36.59000015258789,7.630000114440918,162.5800018310547,54.06999969482422,56.47999954223633,163.2100067138672,81.83000183105469,169.86000061035156,194.44000244140625,87.73999786376953,52.630001068115234,74.26000213623047,214.58999633789065,147.8307342529297,378.9500122070313,149.17999267578125,76.86174774169922,215.58135986328125,393.4148254394531,323.505859375,277.57000732421875,72.63409423828125,97.03607177734376,37.38910675048828,28.56289291381836,38.53263473510742,272.6007080078125,68.98925018310547,13.325692176818848,32.302345275878906,129.74911499023438,27.799161911010746,55.73317337036133,2.8537533283233643,3.86284065246582,5.27377462387085,13.083803176879885,32.75629425048828,22.865564346313477,69.5167236328125,178.63723754882812,252.0319061279297,460.1153869628906,42.20951843261719,137.62916564941406,78.82905578613281,127.66988372802734,24.34006690979004,95.26651763916016,89.70709991455078,32.1822624206543,22.61823081970215,282.94000244140625,94.68035888671876,56.51438903808594,49.67947006225586,69.69921875,93.73688507080078,87.8502197265625,261.37774658203125
2022-09-28,147.87254333496094,236.0378570556641,118.01000213623048,100.26509857177734,140.9457244873047,100.3704605102539,175.7306671142578,12.72231674194336,245.1999969482422,60.69400787353515,25.812232971191406,68.36000061035156,110.80320739746094,37.97450637817383,133.44000244140625,39.664215087890625,9.872414588928224,34.353424072265625,112.26560974121094,151.14247131347656,50.14793014526367,37.71532440185547,138.29151916503906,44.44712829589844,69.1046371459961,433.1184692382813,149.87896728515625,51.96248626708984,91.12000274658205,29.239999771118164,67.30999755859375,73.29000091552734,28.040000915527344,14.5,52.70000076293945,110.69000244140624,29.760000228881836,23.84000015258789,10.760000228881836,102.1500015258789,36.65438461303711,78.2158203125,121.4000015258789,49.24072265625,62.97999954223633,74.62543487548828,38.040000915527344,7.940000057220459,167.25,55.650001525878906,57.5,168.77999877929688,83.4000015258789,173.83999633789062,201.30999755859375,89.76000213623047,55.310001373291016,75.88999938964844,218.13999938964844,149.10162353515625,388.8500061035156,156.85000610351562,79.13495635986328,219.6823883056641,401.7784729003906,336.79931640625,281.3999938964844,74.45269775390625,99.5739517211914,38.117652893066406,29.03007125854492,39.26546859741211,281.40423583984375,70.54953002929688,13.410407066345217,32.7176513671875,132.5264129638672,28.625972747802734,56.97807312011719,2.8367161750793457,3.9909915924072266,5.354910373687744,13.302230834960938,33.29404830932617,23.442241668701172,73.31095886230469,185.1670684814453,264.69488525390625,469.7255554199219,42.9057502746582,144.4888153076172,81.69757080078125,131.97921752929688,25.23238945007324,100.9400405883789,94.90377807617188,33.56501770019531,23.55113220214844,287.80999755859375,98.1870346069336,59.29521179199219,53.11112976074219,74.43604278564453,100.80632781982422,94.70034790039062,269.3931884765625
2022-09-29,140.60914611816406,232.54234313964844,114.8000030517578,97.62757873535156,135.77012634277344,98.66958618164062,176.59373474121094,12.206873893737791,239.7100067138672,59.0869140625,25.098661422729492,64.13999938964844,109.78327941894533,37.26718521118164,125.33000183105467,38.59969329833984,9.296929359436035,32.414031982421875,108.40479278564452,147.1039581298828,49.174468994140625,36.61840057373047,135.81417846679688,42.9371337890625,66.37419128417969,419.9157409667969,144.67669677734375,49.591434478759766,88.69999694824219,26.770000457763672,61.939998626708984,70.58999633789062,26.420000076293945,13.479999542236328,49.84000015258789,106.66000366210938,29.209999084472656,23.190000534057617,10.1899995803833,101.5199966430664,35.780975341796875,76.35192108154297,117.72000122070312,47.67781829833984,60.77000045776367,71.88136291503906,35.380001068115234,8.079999923706055,165.6999969482422,56.79999923706055,54.849998474121094,165.88999938964844,82.79000091552734,170.33999633789062,194.82000732421875,87.44999694824219,55.20000076293945,74.47000122070312,212.3300018310547,145.76553344726562,385.5,156.25999450683594,78.18293762207031,215.7045135498047,389.5274658203125,329.5563659667969,278.25,72.98136901855469,96.95645141601562,37.82810974121094,28.64698600769043,38.3516845703125,277.02581787109375,69.9620132446289,13.156262397766112,32.094688415527344,131.66583251953125,27.955337524414062,55.350128173828125,2.7600481510162354,3.9177634716033936,5.28687047958374,12.970930099487305,32.25626754760742,22.920488357543945,70.93601989746094,181.29298400878903,261.07421875,460.76953125,42.6285514831543,140.70675659179688,81.53208923339844,131.06484985351562,25.40025520324707,102.060302734375,95.51190948486328,34.06697082519531,23.45594024658203,268.2099914550781,96.26082611083984,59.97111129760742,53.92482376098633,73.73191833496094,99.36092376708984,93.38519287109376,257.268310546875
2022-09-30,136.3853759765625,228.0383758544922,113.0,95.69673919677734,135.04351806640625,97.12672424316406,174.2301483154297,12.125958442687988,235.44000244140625,58.76934814453125,24.518295288085938,63.36000061035156,107.23793029785156,36.74359893798828,121.08000183105467,38.095115661621094,9.078082084655762,31.2737979888916,106.64904022216795,143.69674682617188,49.26295852661133,36.168758392333984,133.27943420410156,42.35336685180664,65.68437957763672,407.7142333984375,141.323486328125,48.54270553588867,86.06999969482422,26.940000534057617,64.48999786376953,69.13999938964844,26.5,13.170000076293944,49.45000076293945,105.04000091552734,28.61000061035156,23.299999237060547,9.81999969482422,100.12999725341795,34.945560455322266,77.25007629394531,117.48999786376952,46.79403305053711,62.58000183105469,72.28292083740234,35.84000015258789,8.130000114440918,164.80999755859375,56.869998931884766,55.310001373291016,164.3699951171875,81.8949966430664,169.9600067138672,198.55999755859375,88.77999877929688,53.470001220703125,73.58999633789062,210.58999633789065,142.816650390625,377.6099853515625,152.22000122070312,78.93095397949219,214.22703552246097,380.2116394042969,325.1810607910156,275.20001220703125,72.20458221435547,95.19487762451172,37.56657791137695,28.21718978881836,37.70027542114258,274.1629943847656,69.22042083740234,12.995304107666016,31.538183212280273,131.2062225341797,26.944793701171875,54.6797981262207,2.7600481510162354,3.90860915184021,5.277675628662109,12.767605781555176,32.237388610839844,22.810644149780273,70.53862762451172,178.7705078125,258.8324279785156,454.3146362304687,41.806602478027344,137.55502319335938,80.27250671386719,130.06900024414062,25.22355842590332,100.9400405883789,94.29563903808594,34.00068283081055,23.43690299987793,265.25,93.1789093017578,59.333839416503906,53.181884765625,73.81422424316406,98.99957275390624,93.98128509521484,256.29913330078125
2022-10-03,140.57955932617188,235.7147216796875,115.87999725341795,98.83189392089844,137.9597930908203,100.12882232666016,178.1531219482422,12.49855899810791,239.0399932861328,60.70363235473633,25.66000747680664,66.11000061035156,109.67496490478516,37.9285774230957,126.0500030517578,39.135032653808594,9.296929359436035,32.033958435058594,110.65142822265624,148.3944549560547,50.85590362548828,38.50885772705078,138.81759643554688,43.57146453857422,66.34544372558594,423.7440490722656,145.58685302734375,49.93797302246094,87.18000030517578,27.760000228881836,65.94999694824219,69.62999725341797,26.719999313354492,12.949999809265137,50.52000045776367,105.0,29.479999542236328,23.700000762939453,9.979999542236328,104.98999786376952,35.334781646728516,77.6943130493164,119.4800033569336,46.06840133666992,62.650001525878906,73.10517883300781,36.40999984741211,8.239999771118164,169.30999755859375,57.81999969482422,55.790000915527344,170.50999450683594,84.84500122070312,172.50999450683594,194.07000732421875,90.94000244140624,52.93000030517578,73.94000244140625,217.3300018310547,146.84774780273438,391.7099914550781,154.25,81.54417419433594,219.9664764404297,389.5176696777344,331.73419189453125,285.239990234375,73.45658111572266,98.170654296875,38.836856842041016,29.04875373840332,38.505489349365234,279.86993408203125,70.51101684570312,13.46971035003662,32.526607513427734,135.8317413330078,28.139076232910156,56.116214752197266,2.870790719985962,4.018453121185303,5.516734600067139,13.188209533691406,33.850685119628906,23.69854164123535,73.95437622070312,184.58642578125,266.11126708984375,459.5670471191406,42.71880340576172,140.70675659179688,84.51093292236328,137.36595153808594,26.59296417236328,108.3481674194336,101.3259048461914,36.273704528808594,25.11232566833496,242.3999938964844,95.9447250366211,61.85395050048828,57.7810173034668,77.34398651123047,104.05842590332033,97.25496673583984,265.3031005859375
2022-10-04,144.18165588378906,243.6847991943359,121.08999633789062,101.92723083496094,139.62196350097656,104.81320190429688,182.0761260986328,13.152853965759276,240.7400054931641,63.215301513671875,26.354549407958984,67.9000015258789,113.27633666992188,38.77225875854492,133.50999450683594,41.5594367980957,10.018312454223633,34.88943099975586,115.51285552978516,153.32421875,53.058475494384766,39.5909538269043,144.28878784179688,45.77302169799805,69.7561264038086,456.5594482421875,153.18426513671875,51.98072814941406,92.79000091552734,31.530000686645508,74.5,77.52999877929688,29.190000534057617,13.800000190734863,54.15999984741211,110.80999755859376,31.530000686645508,24.899999618530273,10.81999969482422,110.1999969482422,36.71134185791016,81.22895050048828,123.3000030517578,48.41275405883789,66.47000122070312,76.41338348388672,38.68000030517578,8.460000038146973,175.07000732421875,59.77000045776367,60.52000045776367,176.0,86.91999816894531,183.80999755859375,203.30999755859375,95.3499984741211,55.880001068115234,77.54000091552734,236.2100067138672,154.62203979492188,411.5499877929687,159.0,85.52715301513672,224.1053771972656,404.4485473632813,344.5250244140625,294.9700012207031,76.73736572265625,101.1563720703125,40.66754531860352,30.254058837890625,40.17925262451172,294.5767822265625,73.41004180908203,13.63066577911377,33.066505432128906,139.39134216308594,28.722986221313477,57.16959381103515,2.9304215908050537,4.219832897186279,5.783376693725586,13.602831840515137,35.34131622314453,24.38505744934082,76.556396484375,187.91795349121097,271.6080017089844,467.6477355957031,43.27322006225586,145.49928283691406,87.5909194946289,142.7074432373047,27.63547706604004,113.08212280273438,106.53177642822266,37.050323486328125,26.768709182739254,249.44000244140625,100.20214080810548,63.89128875732422,61.088863372802734,82.62948608398438,108.94123077392578,101.91949462890624,275.043701171875
2022-10-05,144.47767639160156,243.99815368652344,120.9499969482422,101.73811340332033,138.3280792236328,103.51909637451172,184.0572509765625,13.194809913635254,236.72999572753903,64.1295166015625,26.297462463378903,67.94000244140625,113.49295806884766,38.92987060546875,132.11000061035156,41.497901916503906,10.139894485473633,33.95384979248047,117.8916244506836,155.7844696044922,53.81560516357422,39.51980972290039,145.2835693359375,46.24424362182617,71.35608673095703,460.6626281738281,154.4776611328125,52.37286376953125,93.83000183105467,30.829999923706055,72.97000122070312,76.25,29.18000030517578,13.75,52.9900016784668,111.76000213623048,29.969999313354492,24.6299991607666,11.199999809265137,112.33000183105467,37.138553619384766,81.49935913085938,123.26000213623048,49.28723907470703,66.16999816894531,76.59503173828125,38.0,8.420000076293945,176.6999969482422,59.4900016784668,60.779998779296875,180.1499938964844,87.82499694824219,185.3500061035156,202.07000732421875,95.11000061035156,53.88999938964844,77.5199966430664,242.4600067138672,155.11849975585938,420.5799865722656,159.4499969482422,84.69169616699219,226.40689086914065,405.9897766113281,346.5451354980469,297.3800048828125,75.95145416259766,100.94738006591795,40.452728271484375,29.824256896972656,39.66354751586914,289.0850830078125,73.1307373046875,13.495122909545898,32.725955963134766,138.1102752685547,28.491275787353516,57.16959381103515,2.819679021835327,4.174065113067627,5.783376693725586,13.477249145507812,35.71870040893555,24.513208389282227,75.55342864990234,189.4504547119141,271.8800048828125,462.0586242675781,42.84450912475586,144.9894256591797,91.1305923461914,143.522216796875,27.72382164001465,113.9042510986328,106.81742095947266,39.37070083618164,27.834890365600582,240.80999755859375,99.56995391845705,65.40723419189453,62.68970489501953,84.68700408935547,109.41376495361328,101.78704833984376,268.2785339355469
2022-10-06,143.5204315185547,241.6384429931641,120.3000030517578,101.75801849365234,138.41763305664062,101.4091339111328,182.0172882080078,13.115893363952637,240.02000427246097,62.83999252319336,25.85980796813965,67.8499984741211,110.32484436035156,38.49412155151367,132.1999969482422,40.747196197509766,10.018312454223633,33.74919128417969,118.25978088378906,154.6146697998047,53.70744705200195,39.291526794433594,144.40359497070312,45.73868942260742,71.2315444946289,453.64410400390625,152.32200622558594,50.80431365966797,94.41999816894533,30.059999465942383,73.91000366210938,78.02999877929688,29.729999542236328,13.699999809265137,52.9900016784668,111.58000183105467,30.5,25.829999923706055,11.350000381469728,115.11000061035156,36.920196533203125,81.43175506591797,122.66999816894533,48.05923843383789,65.26000213623047,76.29863739013672,39.150001525878906,8.470000267028809,178.38999938964844,58.0099983215332,61.02000045776367,182.9199981689453,87.375,188.91000366210935,199.1999969482422,93.66000366210938,51.56999969482422,78.3499984741211,238.9900054931641,154.35397338867188,418.4299926757813,159.5,83.89510345458984,222.4668731689453,404.5341796875,348.4469909667969,298.4100036621094,74.30647277832031,100.93742370605467,39.45331573486328,29.394460678100582,38.95785903930664,285.03411865234375,73.18851470947266,13.20887279510498,31.959897994995117,136.3402557373047,27.851749420166016,56.78654861450195,2.7515299320220947,4.128297328948975,5.719014644622803,13.437381744384766,35.36018371582031,24.238597869873047,75.84676361083984,190.354736328125,272.38653564453125,464.14599609375,42.444820404052734,144.37762451171875,93.83361053466795,146.13861083984375,27.51178741455078,115.21420288085938,108.40223693847656,40.24203109741211,28.37749671936035,238.1300048828125,98.81922912597656,68.07218170166016,63.892547607421875,85.37285614013672,110.46074676513672,102.05196380615234,272.2911376953125
2022-10-07,138.25054931640625,229.35043334960935,114.55999755859376,99.10061645507812,132.82400512695312,99.38360595703124,180.29116821289065,12.063027381896973,224.75,60.90571594238281,24.470722198486328,58.439998626708984,107.24695587158205,37.33522033691406,129.7899932861328,39.72574615478515,9.888626098632812,32.76487731933594,114.13465881347656,147.87452697753906,52.13578796386719,37.0423469543457,138.61671447753906,43.92440032958984,66.82447814941406,426.2766418457031,145.38565063476562,49.026031494140625,90.16999816894533,27.209999084472656,67.0,76.83999633789062,28.06999969482422,12.510000228881836,49.38999938964844,108.54000091552734,29.229999542236328,25.1200008392334,10.65999984741211,110.44000244140624,35.6480712890625,78.4572525024414,120.44000244140624,46.43121719360352,63.560001373291016,74.59674072265625,34.81999969482422,8.149999618530273,171.8800048828125,53.720001220703125,55.38999938964844,170.08999633789062,84.95500183105469,175.10000610351562,189.7899932861328,88.05999755859375,47.83000183105469,76.58999633789062,228.2400054931641,149.22076416015625,401.2099914550781,152.8800048828125,82.11734008789062,215.1078186035156,386.4770202636719,333.468505859375,288.7699890136719,72.13147735595703,98.21046447753906,39.03300094604492,28.7310791015625,38.17074203491211,281.67547607421875,71.57044982910156,12.881237030029297,31.123735427856445,134.5506591796875,27.128808975219727,56.21197891235352,2.7515299320220947,4.045914173126221,5.60867977142334,13.238042831420898,32.6430778503418,22.920488357543945,73.90706634521484,187.71807861328125,266.69287109375,450.351318359375,41.43913650512695,141.21661376953125,92.88663482666016,144.8802490234375,27.458776473999023,115.1419448852539,109.19461822509766,40.33674240112305,28.94866371154785,223.07000732421875,95.974365234375,67.39628601074219,63.71567153930664,84.58641815185547,105.4204330444336,101.08688354492188,264.1400146484375
2022-10-10,138.57623291015625,224.464599609375,113.66999816894533,98.24465942382812,133.1623992919922,98.45520782470705,178.6729278564453,11.657463073730469,229.97999572753903,60.21284103393555,23.975980758666992,57.810001373291016,106.28118133544922,36.982913970947266,131.89999389648438,39.98418426513672,9.207768440246582,31.46870994567871,108.17825317382812,145.56285095214844,50.628173828125,34.65876007080078,134.77157592773438,41.75145721435547,64.61135864257812,414.134033203125,141.3138885498047,47.63075637817383,84.5199966430664,26.450000762939453,67.04000091552734,71.98999786376953,27.530000686645508,12.8100004196167,47.709999084472656,110.98999786376952,29.36000061035156,24.649999618530273,10.40999984741211,108.97000122070312,35.657569885253906,76.5257568359375,115.0500030517578,44.26362228393555,58.2599983215332,71.86223602294922,35.400001525878906,8.0600004196167,161.0800018310547,52.02000045776367,51.38999938964844,157.17999267578125,81.56999969482422,159.0500030517578,181.97000122070312,84.0199966430664,46.27000045776367,73.72000122070312,220.27000427246097,144.6038360595703,381.7799987792969,147.8300018310547,81.65103912353516,216.5948028564453,381.2448425292969,319.2586364746094,285.7200012207031,71.6562728881836,97.39436340332033,38.71543884277344,28.64698600769043,37.63694381713867,281.1703796386719,70.84810638427734,12.846750259399414,30.92947578430176,134.6875762939453,26.99905014038086,56.78654861450195,2.7174549102783203,3.9818384647369385,5.5535125732421875,13.080565452575684,32.52986526489258,22.87472152709961,73.97329711914062,185.5192413330078,264.9481201171875,448.5812072753906,41.684112548828125,141.92111206054688,90.87317657470705,142.26382446289062,26.81383514404297,111.75407409667967,107.61903381347656,39.90107345581055,28.129995346069336,222.9600067138672,93.998779296875,63.369895935058594,62.220951080322266,83.3153305053711,102.71498107910156,100.34889221191406,269.5386047363281
2022-10-11,137.15512084960938,220.70472717285156,112.20999908447266,97.58777618408205,127.93702697753906,95.61380004882812,175.6914520263672,11.57355499267578,214.2899932861328,60.36760711669922,23.823753356933594,57.630001068115234,106.32630920410156,36.69550704956055,131.57000732421875,39.381160736083984,9.369879722595217,31.2737979888916,103.86434173583984,142.46202087402344,52.92407989501953,32.31965637207031,132.76292419433594,41.0894660949707,60.788719177246094,392.2145385742187,137.72116088867188,47.39365768432617,83.08999633789062,25.670000076293945,70.16000366210938,67.83000183105469,24.65999984741211,11.270000457763672,44.849998474121094,106.81999969482422,28.040000915527344,22.989999771118164,10.3100004196167,105.5999984741211,35.078468322753906,72.788330078125,108.66000366210938,43.04492950439453,55.709999084472656,69.68225860595703,34.560001373291016,8.039999961853027,155.7899932861328,50.7599983215332,49.97999954223633,148.72999572753906,78.68499755859375,153.52999877929688,180.0500030517578,82.72000122070312,44.540000915527344,73.70999908447266,207.63999938964844,141.5557098388672,371.2999877929687,142.6999969482422,80.64071655273438,214.3027801513672,377.1534729003906,314.7651062011719,284.8299865722656,70.36772918701172,96.71759033203124,37.57592010498047,27.815420150756836,36.59650039672851,275.24822998046875,69.06631469726562,12.769153594970703,30.35514259338379,134.1204071044922,26.58197021484375,57.16959381103515,2.7089364528656006,3.945223808288574,5.498345375061035,12.791525840759276,31.95436668395996,22.68249893188477,73.95437622070312,186.97560119628903,265.3515319824219,454.0741271972656,42.7639274597168,143.21890258789062,90.10086059570312,142.29098510742188,26.33675193786621,110.85066986083984,106.49494171142578,39.5506477355957,28.139514923095703,216.5,91.96390533447266,61.824989318847656,60.64662551879883,82.6112060546875,101.63091278076172,97.86050415039062,264.5859069824219
2022-10-12,136.52352905273438,221.03761291503903,112.9000015258789,97.83660125732422,126.90190887451172,97.16109466552734,174.80880737304688,11.487645149230955,220.8699951171875,61.692771911621094,24.09966468811035,57.849998474121094,106.11870574951172,36.40809631347656,130.4199981689453,39.83650588989258,9.353668212890623,31.38099670410156,102.55223083496094,140.69805908203125,51.97813034057617,32.016273498535156,132.56202697753906,41.07133865356445,61.42103576660156,391.0071716308594,134.39669799804688,47.256858825683594,83.80999755859375,25.989999771118164,69.94999694824219,67.2300033569336,25.979999542236328,11.899999618530272,46.720001220703125,112.3499984741211,28.760000228881836,23.06999969482422,10.510000228881836,106.16000366210938,35.24934387207031,73.13599395751953,107.47000122070312,43.165870666503906,55.939998626708984,68.73570251464844,37.189998626708984,8.069999694824219,152.99000549316406,50.77000045776367,51.459999084472656,147.6300048828125,77.65499877929688,158.52999877929688,181.8000030517578,82.3499984741211,45.349998474121094,75.22000122070312,203.3699951171875,141.2776641845703,369.1300048828125,143.92999267578125,80.15499114990234,212.25701904296875,381.6578674316406,306.8323974609375,286.1499938964844,70.00216674804688,97.09577941894533,37.83744430541992,27.89950942993164,36.94934844970703,276.27740478515625,69.23966979980469,12.613957405090332,30.13554954528809,130.00338745117188,26.59123992919922,57.07383728027344,2.683380126953125,3.9818384647369385,5.535123348236084,12.592187881469728,31.860021591186523,22.600114822387695,72.39315795898438,184.5388336181641,263.1283874511719,448.6485595703125,42.28042984008789,142.90371704101562,90.49622344970705,142.71649169921875,26.460439682006836,111.53727722167967,107.1583480834961,39.79690170288086,28.36798095703125,217.2400054931641,92.27013397216795,62.867801666259766,61.3807258605957,84.98877716064453,106.73609161376952,99.30813598632812,243.708984375
2022-10-13,141.1125030517578,229.35043334960935,112.52999877929688,99.23995208740234,129.6788330078125,102.56259155273438,181.1052093505859,11.947150230407717,232.5099945068359,63.0662956237793,25.136722564697266,58.939998626708984,109.92768096923828,37.65043640136719,132.39999389648438,41.805564880371094,9.540094375610352,31.926748275756836,106.53575134277344,143.28826904296875,54.057254791259766,33.65967559814453,136.54110717773438,41.77721405029297,63.82576370239258,397.9471130371094,137.16551208496094,48.36943817138672,84.04000091552734,26.239999771118164,69.26000213623047,66.38999938964844,25.0,11.989999771118164,45.90999984741211,112.6500015258789,28.049999237060547,22.200000762939453,10.579999923706056,96.31999969482422,36.03730773925781,72.44065856933594,107.1500015258789,41.90996170043945,55.369998931884766,68.04729461669922,37.91999816894531,8.079999923706055,152.60000610351562,51.40999984741211,49.880001068115234,145.1300048828125,78.94499969482422,156.25,180.7599945068359,80.9000015258789,46.20000076293945,74.7300033569336,202.1999969482422,144.40525817871094,361.8999938964844,142.7100067138672,82.71964263916016,217.74078369140625,389.2505187988281,308.8722229003906,294.739990234375,72.48788452148438,98.58865356445312,39.584075927734375,29.609357833862305,38.85834503173828,287.2795104980469,71.33930206298828,13.036433219909668,30.743663787841797,130.14028930664062,28.018585205078125,58.79753875732422,2.725973606109619,4.137450218200684,5.728209495544434,12.990864753723145,33.01102066040039,23.817537307739254,72.02413940429688,183.8630218505859,265.29522705078125,450.19732666015625,42.63821792602539,142.8666229248047,93.65894317626952,149.6332244873047,27.5206241607666,115.04256439208984,113.09213256835938,41.85209274291992,29.61503219604492,221.72000122070312,95.46070861816406,65.65827941894531,63.901390075683594,88.60997772216797,111.9802474975586,103.1968002319336,248.11891174316406
2022-10-14,136.56301879882812,223.7889862060547,106.9000015258789,96.72188568115234,126.1653823852539,104.2693099975586,179.1044464111328,11.21493911743164,230.0,62.205421447753906,24.65149307250977,55.939998626708984,108.34815216064452,37.270320892333984,133.14999389648438,41.57788848876953,9.459038734436035,32.05344009399414,103.78882598876952,137.71791076660156,51.94856643676758,31.12390899658203,130.782958984375,40.74033737182617,61.2390022277832,372.1601257324219,132.2985382080078,47.06535339355469,80.47000122070312,26.059999465942383,63.59000015258789,63.27000045776367,24.709999084472656,11.770000457763672,43.060001373291016,109.16000366210938,26.969999313354492,21.350000381469727,9.989999771118164,92.4499969482422,35.20188522338867,70.51881408691406,100.29000091552734,39.37955474853515,52.91999816894531,65.59005737304688,35.560001373291016,7.53000020980835,145.97999572753906,49.119998931884766,45.70000076293945,135.30999755859375,77.41500091552734,152.3800048828125,172.0800018310547,75.69000244140625,44.0,72.29000091552734,189.0,141.2081756591797,341.760009765625,139.58999633789062,82.19505310058594,213.9618377685547,373.8389587402344,294.3766174316406,287.94000244140625,68.81414031982422,96.10054779052734,40.321964263916016,29.61870384216309,39.111663818359375,280.65576171875,66.43696594238281,12.92434787750244,30.726768493652344,128.61477661132812,27.851749420166016,57.93568420410156,2.7089364528656006,4.0733747482299805,5.700625419616699,12.803485870361328,32.32230758666992,23.286632537841797,69.50725555419922,179.86517333984375,259.2919921875,437.3645324707031,42.041900634765625,135.05218505859375,91.1949691772461,144.9798126220703,26.79616355895996,109.57170867919922,108.68787384033205,39.92948532104492,27.99671936035156,204.9900054931641,93.29743194580078,64.38373565673828,60.16018295288086,86.0495376586914,105.73544311523438,98.49442291259766,230.1593780517578
2022-10-17,140.54010009765625,232.57171630859375,113.79000091552734,100.3049087524414,133.41122436523438,108.6486358642578,181.6838531494141,11.875228881835938,245.1000061035156,64.82675170898438,25.136722564697266,57.959999084472656,109.6839828491211,38.29015350341797,136.08999633789062,42.23014068603515,9.588725090026855,32.716148376464844,105.33692169189452,140.1781768798828,52.7171516418457,31.17035484313965,133.0690155029297,41.529197692871094,62.1683235168457,385.0094909667969,135.34518432617188,48.38766860961914,84.66000366210938,27.760000228881836,69.16999816894531,68.38999938964844,25.940000534057617,12.65999984741211,45.709999084472656,116.5,28.829999923706055,22.530000686645508,10.59000015258789,98.12000274658205,35.932884216308594,74.14036560058594,101.86000061035156,41.34248352050781,55.47999954223633,68.04729461669922,42.61000061035156,7.940000057220459,151.61000061035156,52.029998779296875,51.720001220703125,145.27999877929688,79.2699966430664,167.5399932861328,182.3500061035156,80.79000091552734,46.15999984741211,76.69000244140625,204.6699981689453,146.13287353515625,348.6099853515625,148.94000244140625,84.37110900878906,220.7526092529297,397.0792236328125,311.0599060058594,293.5,70.49564361572266,99.49433135986328,41.059837341308594,31.41264533996582,39.4373664855957,286.9426574707031,64.944091796875,13.200251579284668,31.402456283569336,130.88351440429688,28.56542205810547,59.27635192871094,2.777085542678833,4.192372798919678,5.8385443687438965,13.17425537109375,32.52043151855469,23.515472412109375,70.48184204101562,184.74822998046875,263.8225402832031,446.52252197265625,42.34490203857422,138.35223388671875,92.50968933105467,146.03904724121094,26.92868423461914,109.87161254882812,109.05640411376952,40.59246063232422,28.548847198486328,219.3500061035156,96.14229583740234,65.04032135009766,61.734519958496094,87.29318237304688,107.01404571533205,99.69603729248048,240.394287109375
2022-10-18,141.86251831054688,233.521484375,116.36000061035156,100.91203308105467,132.1770477294922,111.44314575195312,183.56687927246097,11.954145431518556,240.86000061035156,64.83641052246094,24.61343765258789,57.91999816894531,110.96568298339844,38.74444580078125,137.33999633789062,43.50387954711914,9.750832557678224,33.37886047363281,104.9782257080078,140.66091918945312,51.78105545043945,31.826536178588867,134.962890625,41.47768783569336,61.037811279296875,391.655029296875,135.0386199951172,48.30559921264648,85.29000091552734,28.729999542236328,66.20999908447266,71.20999908447266,27.61000061035156,13.289999961853027,46.900001525878906,117.94000244140624,28.780000686645508,23.31999969482422,10.600000381469728,100.4800033569336,36.549957275390625,73.72509002685547,102.29000091552734,41.55644607543945,58.369998931884766,67.57879638671875,43.380001068115234,8.15999984741211,156.8800048828125,54.40999984741211,53.09000015258789,149.69000244140625,81.68499755859375,173.1699981689453,189.97000122070312,81.77999877929688,48.4900016784668,78.2300033569336,201.44000244140625,152.43771362304688,356.7900085449219,152.61000061035156,86.47917938232422,222.59002685546875,401.908203125,324.3435363769531,292.9800109863281,72.59754180908203,100.29051208496094,41.722999572753906,32.58991622924805,39.94402313232422,293.6224670410156,66.08059692382812,13.450288772583008,31.309551239013672,133.15228271484375,28.50054168701172,59.659393310546875,2.811160087585449,4.256448745727539,5.958073139190674,13.010797500610352,32.920501708984375,23.387319564819336,72.73377990722656,184.9013671875,267.386962890625,455.2765808105469,43.23775863647461,145.74957275390625,92.67518615722656,147.31558227539062,26.92868423461914,112.67972564697266,108.62335968017578,41.06600189208984,28.996259689331055,220.19000244140625,97.27826690673828,65.44584655761719,61.70796585083008,87.8875732421875,109.05241394042967,102.33580780029295,243.92221069335938
2022-10-19,141.97103881835938,231.5436248779297,115.06999969482422,99.81721496582033,132.60504150390625,109.2581787109375,182.821533203125,12.03805160522461,272.3800048828125,64.13030242919922,24.73712158203125,57.22999954223633,110.57756042480467,38.827884674072266,138.38999938964844,43.399269104003906,9.831889152526855,32.77462387084961,106.52630615234376,141.71926879882812,52.254032135009766,32.61907958984375,135.18287658691406,41.52252578735352,60.98991394042969,416.224853515625,135.39308166503906,48.196163177490234,84.47000122070312,28.350000381469727,63.189998626708984,68.76000213623047,27.530000686645508,13.020000457763672,45.779998779296875,116.87000274658205,28.719999313354492,23.040000915527344,10.859999656677246,94.33000183105467,35.8949089050293,68.8287582397461,93.2699966430664,38.346923828125,54.4900016784668,64.09851837158203,41.439998626708984,7.909999847412109,152.5399932861328,53.83000183105469,51.630001068115234,148.77000427246094,80.05500030517578,171.0399932861328,184.77000427246097,79.0,46.54999923706055,76.33000183105469,187.72999572753903,152.57672119140625,355.44000244140625,146.5,84.25454711914062,220.90415954589844,395.4367370605469,315.82940673828125,299.8299865722656,70.95259094238281,99.15594482421876,40.74226760864258,31.692949295043945,39.21118927001953,291.6672058105469,66.17691040039062,13.398557662963867,30.887250900268555,132.74156188964844,28.16687774658203,58.79753875732422,2.819679021835327,4.174065113067627,5.893711090087891,12.883221626281738,32.85382080078125,23.33240127563477,68.40022277832031,176.0391082763672,258.41021728515625,453.5065612792969,43.115272521972656,144.0438995361328,95.4241714477539,152.0957489013672,27.29974937438965,118.20513916015624,111.59024810791016,43.06437301635742,30.42418098449707,222.0399932861328,97.78203582763672,66.10243225097656,63.62721633911133,89.57015228271484,114.8524932861328,103.00758361816406,248.61322021484375
2022-10-20,141.5072479248047,231.2205352783203,115.25,100.05608367919922,130.91302490234375,108.90182495117188,183.6159210205078,12.180900573730469,268.1600036621094,66.9837646484375,24.813236236572266,57.77000045776367,115.8036117553711,38.67027282714844,139.1300048828125,43.0546875,9.540094375610352,32.58945846557617,105.705078125,142.7126922607422,52.91422653198242,35.167701721191406,135.9002685546875,41.04558563232422,60.91326904296875,429.2312622070313,133.20870971679688,48.36031723022461,84.77999877929688,29.729999542236328,63.59000015258789,70.87000274658203,27.8700008392334,13.3100004196167,45.529998779296875,117.0,28.530000686645508,22.969999313354492,10.789999961853027,97.44000244140624,35.71452331542969,69.55307006835938,93.37000274658205,39.22140121459961,55.88999938964844,61.85161590576172,42.56999969482422,8.039999961853027,153.8800048828125,54.400001525878906,53.630001068115234,150.22999572753906,79.28500366210938,174.0399932861328,191.0,82.33999633789062,46.65999984741211,79.95999908447266,192.6199951171875,156.37945556640625,356.260009765625,145.4199981689453,84.42941284179688,217.3430328369141,394.5318908691406,313.6712951660156,302.3800048828125,70.00216674804688,99.49433135986328,40.77029037475586,31.487394332885746,38.83119583129883,290.7784423828125,65.49309539794922,14.433194160461426,31.250429153442383,133.01536560058594,28.23175621032715,58.414493560791016,2.7515299320220947,3.8079192638397217,4.992644786834717,12.903155326843262,33.206275939941406,23.405628204345703,67.5391845703125,170.64137268066406,252.7541656494141,446.9554748535156,43.22164535522461,143.12619018554688,95.55288696289062,152.96485900878906,27.35276222229004,119.58645629882812,112.23522186279295,43.27273178100586,30.138599395751953,207.27999877929688,97.3869171142578,66.47899627685547,63.39727020263672,89.37812805175781,115.29722595214844,103.4522705078125,247.52769470214844
2022-10-21,145.33628845214844,237.06590270996097,119.31999969482422,101.00161743164062,129.400146484375,114.62215423583984,186.7052764892578,12.452607154846191,289.57000732421875,70.32084655761719,25.66000747680664,58.81999969482422,117.24777221679688,39.68083190917969,141.32000732421875,44.808380126953125,9.88051986694336,34.109771728515625,109.25438690185548,148.28302001953125,55.22983932495117,36.49388122558594,140.21409606933594,42.89897918701172,61.07612991333008,453.732421875,139.1582794189453,50.80431365966797,83.94000244140625,29.75,66.37999725341797,75.44999694824219,28.020000457763672,13.5600004196167,45.22999954223633,119.9499969482422,29.290000915527344,21.5,7.760000228881836,100.91000366210938,36.46451568603515,69.70759582519531,91.2300033569336,39.21209716796875,58.970001220703125,59.690773010253906,42.810001373291016,8.289999961853027,156.32000732421875,55.0099983215332,54.380001068115234,150.47999572753906,81.01499938964844,177.10000610351562,188.8999938964844,82.1500015258789,47.810001373291016,80.9800033569336,194.1000061035156,159.0304718017578,360.6700134277344,149.47999572753906,88.28608703613281,220.4305877685547,410.2973937988281,318.3028259277344,306.3699951171875,72.39649200439453,100.6488037109375,41.87244415283203,32.65532302856445,40.04354476928711,304.1474304199219,67.72754669189453,14.743587493896484,29.856828689575195,133.4456329345703,28.250293731689453,59.27635192871094,2.725973606109619,3.890302419662475,5.093785285949707,12.964950561523438,35.101871490478516,24.522361755371097,69.47888946533203,174.5365447998047,258.4478454589844,459.99993896484375,44.095157623291016,147.56643676757812,97.32732391357422,156.79441833496094,27.70615577697754,122.6854019165039,114.70458221435548,47.743019104003906,32.251914978027344,214.44000244140625,100.7948226928711,68.8060073852539,65.70569610595703,91.84712982177734,118.35476684570312,105.38241577148438,261.6976623535156
2022-10-24,147.48764038085938,242.08885192871097,119.81999969482422,102.48458099365234,129.11151123046875,114.76280975341795,187.03872680664065,12.58546543121338,282.45001220703125,70.53366088867188,25.85980796813965,58.70000076293945,119.76604461669922,40.36690902709961,142.0500030517578,45.140663146972656,10.115578651428224,34.811466217041016,109.8584976196289,150.0748291015625,55.41706085205078,36.95538330078125,138.24368286132812,43.54666519165039,58.71931838989258,464.2749938964844,138.8612518310547,51.35148239135742,83.31999969482422,28.75,66.38999938964844,74.01000213623047,27.649999618530273,13.899999618530272,44.43000030517578,116.38999938964844,29.1200008392334,21.979999542236328,8.3100004196167,102.06999969482422,36.72084426879883,60.98690032958984,79.75,34.104759216308594,44.459999084472656,53.81061553955078,41.849998474121094,8.270000457763672,157.97000122070312,54.709999084472656,53.91999816894531,148.6699981689453,80.66999816894531,174.77000427246094,181.91000366210935,82.43000030517578,48.470001220703125,80.61000061035156,194.8500061035156,159.50706481933594,366.55999755859375,147.9499969482422,88.41238403320312,224.38006591796875,410.8678894042969,319.29803466796875,316.2200012207031,72.58840942382812,102.03218841552734,42.21803665161133,32.7674446105957,40.17925262451172,307.51544189453125,68.09355163574219,15.097088813781738,30.380483627319336,136.24249267578125,28.806398391723633,59.659393310546875,2.743010997772217,3.945483922958374,5.075395584106445,12.98488426208496,35.5114631652832,24.769502639770508,70.43453216552734,179.55149841308594,265.6986083984375,478.0755615234375,44.93645858764648,150.00442504882812,98.00768280029295,156.74008178710938,28.09488868713379,122.37643432617188,115.30347442626952,49.390960693359375,32.918277740478516,211.25,100.47872924804688,68.39081573486328,66.54590606689453,91.81053924560548,119.72603607177734,105.4581069946289,262.2403869628906
2022-10-25,150.33973693847656,245.4276428222656,120.5999984741211,104.4353485107422,136.8649444580078,115.06289672851562,190.6381072998047,13.246753692626951,291.0199890136719,70.74644470214844,26.078636169433594,61.470001220703125,119.98265838623048,41.12714767456055,146.64999389648438,44.91913604736328,10.39926815032959,36.06865692138672,112.4921646118164,150.54830932617188,55.05247497558594,37.53842544555664,140.003662109375,43.88528823852539,58.57560729980469,477.0752868652344,142.5018768310547,52.892669677734375,89.23999786376953,29.829999923706055,75.05000305175781,76.61000061035156,28.36000061035156,14.8100004196167,47.459999084472656,118.4499969482422,31.209999084472656,22.59000015258789,9.600000381469728,103.23999786376952,36.99615859985352,61.054500579833984,81.20999908447266,35.13739013671875,47.529998779296875,54.804988861083984,45.709999084472656,8.65999984741211,162.11000061035156,58.310001373291016,57.54999923706055,157.08999633789062,83.09500122070312,181.82000732421875,200.69000244140625,88.75,50.22999954223633,84.08999633789062,206.0399932861328,164.09420776367188,376.6600036621094,156.17999267578125,93.5708236694336,225.18508911132812,424.95159912109375,332.2465515136719,323.7900085449219,73.57539367675781,103.9828643798828,42.37681579589844,33.06643295288086,41.002559661865234,310.97698974609375,69.78865051269531,15.252283096313477,30.769006729125977,137.52352905273438,29.251291275024418,60.13819885253906,2.811160087585449,4.055846691131592,5.047811985015869,13.403493881225586,35.94964599609375,25.24549102783203,74.37069702148438,185.52345275878903,272.2645568847656,480.0861206054687,45.14919662475586,153.6938018798828,97.34571838378906,158.36968994140625,28.342266082763672,119.9590835571289,114.1977996826172,49.69403076171875,33.29905700683594,222.4199981689453,103.08650970458984,68.64185333251953,66.78469848632812,91.64595794677734,117.48383331298828,105.43917846679688,272.7659606933594
2022-10-26,147.38897705078125,226.49136352539065,115.66000366210938,94.37300872802734,129.21102905273438,116.38514709472656,199.41580200195312,12.882145881652832,298.6199951171875,72.3714828491211,25.888349533081055,59.72999954223633,121.86007690429688,41.14568328857422,133.7899932861328,46.4328498840332,10.391164779663086,36.89703369140625,111.49156951904295,146.56549072265625,54.63862609863281,38.10566711425781,135.23069763183594,43.99117660522461,58.28819274902344,475.1905822753906,141.1031036376953,48.68861389160156,88.55000305175781,29.059999465942383,73.80999755859375,74.27999877929688,28.200000762939453,14.760000228881836,47.22999954223633,115.30999755859376,30.670000076293945,22.040000915527344,9.579999923706056,101.4000015258789,37.565765380859375,66.16329956054688,84.19000244140625,38.179466247558594,53.09000015258789,56.23917007446289,45.5,8.569999694824219,161.77000427246094,56.97999954223633,55.58000183105469,151.02999877929688,83.36499786376953,169.4499969482422,191.0500030517578,81.5,48.9900016784668,83.37000274658203,195.22000122070312,158.77232360839844,366.4100036621094,154.72999572753906,94.9697265625,222.7036590576172,417.3885498046875,326.2158203125,320.4800109863281,73.94093322753906,94.47830963134766,42.68505096435547,33.356082916259766,41.083980560302734,314.054931640625,70.2605972290039,15.640273094177246,30.769006729125977,137.7288818359375,29.195680618286133,59.659393310546875,2.8367161750793457,4.0742411613464355,5.167341232299805,13.419441223144531,35.99727249145508,25.15395164489746,74.55046081542969,185.23635864257812,272.161376953125,480.4612731933594,45.49409103393555,154.59295654296875,98.504150390625,160.32516479492188,28.545469284057617,122.0492706298828,116.62107849121094,49.41938018798828,34.72698211669922,224.63999938964844,103.35321044921876,70.02262115478516,68.03176879882812,93.5114288330078,117.42823028564452,107.02872467041016,273.4638977050781
2022-10-27,142.8987274169922,222.01673889160156,110.95999908447266,92.16346740722656,97.48057556152344,116.84464263916016,200.3572998046875,13.161845207214355,296.94000244140625,72.69068145751953,24.994007110595703,58.599998474121094,121.64344787597656,41.18277740478515,139.75999450683594,46.765132904052734,10.537060737609863,37.18940734863281,108.27264404296876,145.53497314453125,51.4460334777832,38.4525260925293,134.5611572265625,43.43983840942383,58.39357376098633,465.6884765625,139.03372192382812,47.38453674316406,87.3499984741211,34.099998474121094,72.47000122070312,74.5999984741211,27.81999969482422,14.630000114440918,46.34000015258789,112.05999755859376,30.6299991607666,21.88999938964844,9.5600004196167,100.91000366210938,37.83157730102539,63.58475875854492,80.94999694824219,36.74680709838867,53.11000061035156,54.2313117980957,46.5,8.600000381469727,164.72999572753906,56.529998779296875,55.97999954223633,153.77000427246094,84.06999969482422,169.11000061035156,190.38999938964844,82.16000366210938,48.2400016784668,82.61000061035156,198.0,158.61346435546875,415.6700134277344,155.24000549316406,94.65885925292967,222.54266357421875,415.0379638671875,328.9454040527344,318.6499938964844,73.7398910522461,91.7812042236328,42.63835144042969,33.514915466308594,41.11112594604492,315.4488830566406,74.47913360595703,15.545430183410645,30.55785369873047,137.52352905273438,29.63129615783691,58.51025390625,2.7941226959228516,4.009862422943115,5.047811985015869,13.32774543762207,35.96870422363281,24.91596221923828,75.18441772460938,185.34161376953125,273.01495361328125,478.524169921875,45.36193084716797,154.7134552001953,98.881103515625,161.05848693847656,29.358274459838867,122.1128921508789,116.6855697631836,48.94582748413086,34.52706527709961,225.08999633789065,103.16553497314452,69.39501953125,67.71337890625,94.7001953125,118.84583282470705,107.5301742553711,273.4832458496094
2022-10-28,153.695068359375,230.94639587402344,103.41000366210938,96.1247100830078,98.73465728759766,118.2325210571289,205.31008911132812,13.819137573242188,295.7200012207031,74.82836151123047,27.65800666809082,62.0099983215332,125.0191650390625,42.313865661621094,143.83999633789062,48.1988525390625,10.747802734375,37.86185836791992,112.52991485595705,151.0000457763672,53.2492561340332,40.081111907958984,138.57846069335938,45.109127044677734,59.40911865234375,480.1869812011719,145.29942321777344,46.91944122314453,86.25,34.189998626708984,72.06999969482422,75.5999984741211,27.5,14.520000457763672,47.060001373291016,115.20999908447266,30.86000061035156,24.899999618530273,10.079999923706056,97.91000366210938,38.277774810791016,61.55669021606445,78.54000091552734,35.22111892700195,52.95000076293945,52.97878646850586,45.779998779296875,8.640000343322754,163.64999389648438,57.290000915527344,55.349998474121094,153.9600067138672,85.54000091552734,159.69000244140625,186.58999633789065,81.12999725341797,48.72999954223633,84.20999908447266,200.82000732421875,161.86021423339844,420.3999938964844,157.64999389648438,94.92115020751952,229.80699157714844,424.6664123535156,336.6415710449219,325.67999267578125,75.86677551269531,95.8318328857422,43.29216384887695,33.804569244384766,41.73539352416992,319.78985595703125,77.23369598388672,15.93342113494873,31.816312789916992,147.66445922851562,29.61276054382324,59.08481979370117,2.9048655033111572,4.083437919616699,5.204119682312012,13.525090217590332,37.30228042602539,25.675703048706055,77.62560272216797,190.19381713867188,280.1343994140625,492.3342895507813,45.93568801879883,155.28819274902344,101.7772216796875,162.94158935546875,29.287595748901367,121.49492645263672,117.17389678955078,47.78090286254883,34.22244644165039,228.52000427246097,104.65709686279295,69.36602020263672,67.22693634033203,95.28545379638672,116.7240753173828,107.45448303222656,271.5351257324219
2022-10-31,151.32656860351562,227.28445434570312,102.44000244140624,94.21376037597656,92.7229995727539,118.04498291015624,203.17208862304688,13.482502937316896,291.8800048828125,75.51512145996094,27.049091339111328,60.060001373291016,124.82059478759766,42.11916732788086,142.50999450683594,47.87887191772461,10.83696174621582,38.251678466796875,111.06680297851562,150.31690979003906,53.30836868286133,40.001068115234375,136.41676330566406,44.84394836425781,58.96841049194336,463.7351379394531,139.95346069335938,45.28706741333008,83.58000183105469,34.22999954223633,66.25,74.37000274658203,26.56999969482422,14.640000343322754,43.529998779296875,106.91000366210938,30.86000061035156,24.600000381469727,9.90999984741211,93.91000366210938,37.82209014892578,61.40217208862305,76.56999969482422,34.69084548950195,54.83000183105469,53.17957305908203,44.7400016784668,8.789999961853027,161.1999969482422,56.119998931884766,56.31999969482422,154.10000610351562,85.79499816894531,160.3000030517578,183.02999877929688,80.51000213623047,48.29999923706055,83.44000244140625,202.72999572753903,161.43324279785156,420.739990234375,155.82000732421875,93.31824493408205,228.91671752929688,420.4472351074219,340.9577941894531,318.5,75.82062530517578,94.060302734375,42.95591354370117,33.67375183105469,41.49111557006836,322.3065490722656,76.73285675048828,15.717869758605955,31.562929153442383,148.2120819091797,29.418119430541992,57.83992385864258,2.9389400482177734,4.04664945602417,5.121368885040283,13.449341773986816,36.578338623046875,25.2821044921875,76.35769653320312,186.57620239257812,277.7706604003906,483.3042297363281,45.87766647338867,152.25697326660156,101.87833404541016,163.77450561523438,29.40245056152344,124.06676483154295,116.17880249023438,49.27730941772461,34.669857025146484,227.5399932861328,105.23990631103516,70.09986114501953,68.41209411621094,95.36774444580078,116.32567596435548,107.5018081665039,271.2540283203125
2022-11-01,148.67190551757812,223.40711975097656,96.79000091552734,90.0733642578125,94.75341796875,120.17366790771484,202.9464874267578,13.528451919555664,286.75,74.58655548095703,26.92540740966797,59.65999984741211,124.7393569946289,42.146976470947266,143.3800048828125,48.1250114440918,10.861275672912598,38.34913635253906,110.75528717041016,152.441162109375,54.057254791259766,40.784725189208984,138.4062957763672,44.63218307495117,58.99715423583984,466.6407165527344,145.48146057128906,46.53642272949219,83.11000061035156,34.790000915527344,63.290000915527344,75.08000183105469,29.75,15.149999618530272,45.099998474121094,109.0500030517578,30.979999542236328,24.200000762939453,10.25,91.43000030517578,37.793609619140625,63.60407638549805,78.2300033569336,35.76068878173828,53.88999938964844,56.956268310546875,44.310001373291016,8.649999618530273,160.52999877929688,55.0,55.58000183105469,150.38999938964844,85.38500213623047,159.5,181.4499969482422,80.80000305175781,47.88999938964844,82.88999938964844,191.7400054931641,158.68296813964844,418.55999755859375,151.60000610351562,93.10452270507812,230.7541046142578,388.2571411132813,337.7156982421875,316.0199890136719,77.25086212158203,90.0395278930664,43.85258102416992,33.82325744628906,41.81682586669922,326.1141662597656,76.94474029541016,15.821331977844238,31.562929153442383,148.91616821289062,29.251291275024418,58.03144454956055,2.955977439880371,4.0650434494018555,5.121368885040283,14.753012657165527,37.29275894165039,25.492637634277344,77.22820281982422,185.23635864257812,277.70501708984375,481.8200378417969,45.67136764526367,152.5721435546875,102.8896713256836,164.96954345703125,29.33177375793457,123.8759307861328,117.73596954345705,48.82270050048828,34.74601745605469,227.82000732421875,104.7064971923828,71.25853729248047,68.36786651611328,98.19339752197266,120.44871520996094,112.78131103515624,270.4107971191406
2022-11-02,143.12567138671875,215.50558471679688,92.12000274658205,86.65953826904297,90.11528778076172,119.06713104248048,197.08157348632812,13.204798698425291,273.0,72.66166687011719,26.08814811706543,58.630001068115234,123.50279998779295,41.32184219360352,147.41000366210938,47.626590728759766,10.585692405700684,37.54024887084961,106.1959228515625,148.3143310546875,52.66788101196289,39.08597946166992,135.09678649902344,43.49992752075195,57.98160552978515,438.1246948242187,142.37734985351562,45.13204574584961,79.44999694824219,33.5099983215332,60.709999084472656,67.38999938964844,28.809999465942383,14.0,45.119998931884766,94.41000366210938,29.5,23.479999542236328,9.539999961853027,87.54000091552734,36.13224792480469,62.48380279541016,78.12999725341797,37.0631103515625,53.61000061035156,56.68854904174805,42.869998931884766,8.220000267028809,147.99000549316406,50.93000030517578,49.939998626708984,138.08999633789062,80.88999938964844,147.75,163.22000122070312,74.4800033569336,43.15999984741211,78.5999984741211,172.39999389648438,148.94276428222656,392.6799926757813,143.50999450683594,91.28790283203124,224.8820343017578,378.6778259277344,311.83837890625,301.2200012207031,77.85065460205078,86.55618286132812,43.78719711303711,33.72047805786133,41.21064758300781,327.2461853027344,76.02013397216797,15.89030933380127,31.850095748901367,146.7061004638672,28.64883804321289,58.1272087097168,2.955977439880371,3.991468667984009,5.01103401184082,14.226760864257812,35.882965087890625,24.69627571105957,75.69536590576172,177.7331085205078,270.82940673828125,465.9669494628906,45.368377685546875,148.502685546875,100.77507019042967,161.6016845703125,28.943035125732425,123.22159576416016,116.56578063964844,48.43439865112305,34.070133209228516,214.97999572753903,100.57749938964844,68.6515121459961,59.64719772338867,94.40758514404295,116.58509826660156,108.55203247070312,258.31500244140625
2022-11-03,137.05645751953125,209.77767944335935,89.30000305175781,83.09642028808594,88.49292755126953,119.28280639648438,191.00096130371097,13.406580924987791,269.05999755859375,72.57460021972656,26.05960464477539,60.11000061035156,121.37267303466795,40.65431594848633,156.75,48.229618072509766,10.747802734375,37.53050231933594,98.05895233154295,146.47076416015625,52.69744110107422,38.878456115722656,132.01686096191406,42.36384963989258,57.751678466796875,433.1329650878906,138.7750244140625,44.2200927734375,76.55000305175781,33.7400016784668,55.79999923706055,65.36000061035156,28.729999542236328,13.720000267028809,47.61000061035156,92.0199966430664,32.61000061035156,22.780000686645508,9.15999984741211,100.02999877929688,36.85375213623047,62.97633743286133,78.1500015258789,37.62128448486328,56.970001220703125,56.5546875,43.29999923706055,8.079999923706055,141.52999877929688,50.150001525878906,50.369998931884766,131.07000732421875,74.8499984741211,150.47000122070312,157.22000122070312,75.01000213623047,42.43000030517578,78.38999938964844,174.1699981689453,145.28895568847656,385.55999755859375,140.22000122070312,90.04443359375,223.61289978027344,358.96844482421875,321.5743713378906,285.92999267578125,77.1585922241211,83.03302764892578,42.80955123901367,33.53360366821289,40.33305740356445,326.3855285644531,76.03939819335938,15.6661376953125,31.377113342285156,144.89697265625,28.157609939575195,58.318729400634766,2.913384437561035,3.8811049461364746,4.928283214569092,14.378256797790527,35.578147888183594,24.40336227416992,74.7491683959961,172.09609985351562,264.0476989746094,468.6460876464844,45.35870742797851,148.13189697265625,102.1449737548828,163.98272705078125,29.190418243408203,125.75711822509766,123.30119323730467,49.059471130371094,35.08871841430664,215.30999755859375,98.0388641357422,69.67501068115234,62.55704116821289,94.2978515625,120.1800308227539,111.83516693115234,266.1075439453125
2022-11-04,136.78955078125,216.7686462402344,90.9800033569336,86.2912826538086,90.36412048339844,122.54618072509766,193.1880340576172,14.140790939331056,260.7900085449219,73.51286315917969,27.19263458251953,62.189998626708984,123.62014770507812,41.275489807128906,160.00999450683594,49.884857177734375,10.95043659210205,38.00803756713867,100.71149444580078,152.2071990966797,55.33823013305664,41.459678649902344,138.01412963867188,44.38417434692383,59.85940933227539,461.5280151367187,144.72459411621094,46.618499755859375,75.18000030517578,32.150001525878906,58.81999969482422,42.7400016784668,28.38999938964844,13.739999771118164,51.56999969482422,96.08999633789062,32.52000045776367,22.38999938964844,9.140000343322754,98.3499984741211,38.040435791015625,67.41876983642578,85.19999694824219,41.28666687011719,61.88999938964844,59.77682876586914,40.58000183105469,7.929999828338623,127.55999755859376,45.02000045776367,41.09000015258789,121.0,71.1050033569336,132.30999755859375,145.3800048828125,70.37999725341797,40.86000061035156,77.45999908447266,123.7300033569336,138.77560424804688,361.75,132.6300048828125,93.27938079833984,224.33270263671875,355.2311706542969,301.73779296875,285.75,78.29354858398438,86.16803741455078,43.93760299682617,34.374515533447266,41.303165435791016,334.84283447265625,76.13571166992188,15.795466423034668,31.453134536743164,145.54237365722656,28.732254028320312,58.98905944824219,3.109313726425171,4.019059181213379,5.075395584106445,14.868629455566406,37.14987564086914,25.89539337158203,75.32635498046875,174.3260040283203,266.42083740234375,468.76171875,45.43929290771485,147.97433471679688,103.25741577148438,166.05593872070312,29.967878341674805,129.2559051513672,121.9190902709961,50.29070663452149,36.6308708190918,207.47000122070312,98.3648452758789,70.74678802490234,63.22037124633789,94.62706756591795,119.26275634765624,111.31478118896484,276.2164306640625
2022-11-07,137.32333374023438,223.11338806152344,90.52999877929688,88.23209381103516,96.26630401611328,123.19326782226562,196.2480010986328,14.285635948181152,258.6000061035156,74.22864532470703,27.395130157470703,63.08000183105469,124.86573028564452,41.30331039428711,164.91000366210938,51.355491638183594,11.104439735412598,38.38812255859375,103.92097473144533,155.05203247070312,55.73237609863281,42.9844970703125,142.45233154296875,45.33042907714844,60.12765884399414,475.9323425292969,151.27774047851562,47.940818786621094,77.66000366210938,32.2400016784668,56.970001220703125,45.68000030517578,27.690000534057617,14.140000343322754,52.099998474121094,95.45999908447266,33.70000076293945,22.579999923706055,10.010000228881836,99.19000244140624,38.52460479736328,67.32219696044922,85.0199966430664,41.4076042175293,61.720001220703125,59.88199996948242,39.81999969482422,7.019999980926514,124.68000030517578,47.2400016784668,39.02000045776367,117.36000061035156,72.2249984741211,129.10000610351562,141.83999633789062,69.4800033569336,42.5099983215332,79.61000061035156,119.2300033569336,143.56130981445312,363.2000122070313,136.52000427246094,94.78514099121094,227.69493103027344,364.0039978027344,291.89337158203125,299.5400085449219,78.95791625976562,88.06893920898438,44.24781799316406,34.5800666809082,41.852291107177734,339.1931457519531,76.7136001586914,15.829954147338867,31.41089630126953,146.47142028808594,29.28836441040039,60.13819885253906,3.0752389430999756,4.055846691131592,5.1397576332092285,15.050026893615724,37.97859954833984,26.316455841064453,74.98571014404297,178.54656982421875,272.27392578125,470.8240966796875,45.91634368896485,148.19677734375,104.48023223876952,168.03860473632812,30.330108642578125,132.62750244140625,124.33316040039062,51.91023635864258,37.63992691040039,197.0800018310547,99.20446014404295,73.35381317138672,63.71567153930664,96.41022491455078,122.0979232788086,113.06517028808594,277.6702575683594
2022-11-08,137.8966827392578,224.0925140380859,89.9800033569336,88.4908676147461,96.01746368408205,123.26828002929688,197.8955993652344,14.58631420135498,263.4599914550781,73.1646499633789,27.462631225585938,63.849998474121094,126.4001235961914,41.35892868041992,169.6199951171875,51.687774658203125,11.120651245117188,38.05677032470703,106.2336883544922,157.31666564941406,56.648773193359375,43.96184539794922,144.4705352783203,45.98764419555664,62.2928581237793,495.8206787109375,156.2692413330078,48.33295440673828,81.12999725341797,32.79999923706055,50.83000183105469,44.459999084472656,27.440000534057617,10.899999618530272,54.529998779296875,98.9000015258789,33.099998474121094,22.6200008392334,10.279999732971191,101.77999877929688,39.49293899536133,65.79631042480469,85.19000244140625,42.319297790527344,62.91999816894531,59.40393829345703,39.13999938964844,7.210000038146973,127.0,47.70000076293945,40.36000061035156,119.93000030517578,77.08499908447266,129.16000366210938,144.00999450683594,70.48999786376953,41.20000076293945,78.30999755859375,122.72000122070312,146.05348205566406,371.1400146484375,140.17999267578125,95.1737289428711,232.08006286621097,376.2583923339844,300.4173278808594,302.1700134277344,78.69032287597656,88.47699737548828,44.351226806640625,34.673500061035156,42.209228515625,340.5590515136719,76.69432830810547,16.011016845703125,31.98523330688477,146.58876037597656,29.566417694091797,60.90428924560547,3.1348695755004883,4.101831912994385,5.148952484130859,15.31116008758545,38.50251007080078,26.40799140930176,73.58535766601562,180.26925659179688,273.0900573730469,474.88134765625,46.02593994140625,149.81903076171875,104.81121063232422,167.794189453125,29.800020217895508,134.73583984375,123.8724594116211,51.79658508300781,37.47809600830078,191.3000030517578,98.6809310913086,72.2530746459961,63.671443939208984,96.11759948730467,122.53341674804688,112.68670654296876,296.58935546875
2022-11-09,133.3198699951172,219.82351684570312,86.13999938964844,86.98798370361328,100.9940185546875,121.66472625732422,190.62185668945312,13.761201858520508,254.66000366210935,73.18400573730469,26.536924362182617,59.91999816894531,125.48678588867188,40.709938049316406,168.74000549316406,51.16474533081055,10.788329124450684,37.09195327758789,104.24192810058594,154.39697265625,55.1510124206543,42.764122009277344,141.7827606201172,44.78193283081055,62.273712158203125,481.90863037109375,148.23109436035156,46.13516616821289,78.68000030517578,30.899999618530273,45.97999954223633,43.599998474121094,26.549999237060547,10.640000343322754,53.25,95.79000091552734,32.13999938964844,21.280000686645508,9.5600004196167,94.95999908447266,38.51511001586914,62.6190071105957,79.4800033569336,39.50048828125,59.15999984741211,56.62162399291992,30.920000076293945,6.980000019073486,122.36000061035156,45.5099983215332,37.84000015258789,116.25,75.78500366210938,126.26000213623048,137.35000610351562,67.22000122070312,39.79999923706055,71.83999633789062,122.29000091552734,141.04931640625,361.2699890136719,134.9499969482422,94.76571655273438,227.66651916503903,362.4697570800781,295.1452331542969,298.8699951171875,77.00171661376953,86.90451049804688,43.21377944946289,34.12223815917969,41.513668060302734,338.6692810058594,75.59331512451172,15.847201347351074,31.774080276489254,145.35659790039062,29.093725204467773,60.521244049072266,3.0752389430999756,4.028256416320801,5.066201210021973,15.046039581298828,37.46421813964844,25.446868896484375,74.30445098876953,178.61355590820312,268.9721984863281,472.1925964355469,44.9557991027832,141.8191680908203,100.12230682373048,161.08567810058594,28.87128257751465,126.88397979736328,115.41404724121094,50.26228332519531,35.041114807128906,177.58999633789062,85.69139099121094,65.5906753540039,59.0457878112793,95.1848602294922,118.59566497802734,109.62117004394533,290.8903503417969
2022-11-10,145.1819610595703,237.907958984375,96.62999725341795,93.72606658935548,111.3452377319336,126.67235565185548,202.06332397460935,15.73307991027832,274.9700012207031,74.64456939697266,28.69690704345703,68.47000122070312,128.9940948486328,42.3324089050293,177.5800018310547,52.53692626953125,11.493500709533691,38.729217529296875,113.91755676269533,163.47421264648438,59.388092041015625,47.96906661987305,153.3947296142578,48.32085037231445,67.86875915527344,552.1381225585938,158.53025817871094,49.062503814697266,86.80000305175781,36.5099983215332,50.91999816894531,50.709999084472656,28.850000381469727,11.279999732971191,59.459999084472656,102.4000015258789,35.810001373291016,23.170000076293945,10.729999542236328,110.20999908447266,42.397945404052734,67.38014221191406,86.11000061035156,42.8216552734375,64.05000305175781,59.53779983520508,33.72999954223633,7.639999866485596,135.75999450683594,49.25,47.27000045776367,133.1199951171875,81.7300033569336,145.3800048828125,161.0,76.5199966430664,45.5,82.2300033569336,140.85000610351562,155.18801879882812,404.05999755859375,153.1300048828125,104.12085723876952,241.3996429443359,396.5873718261719,324.9445495605469,329.95001220703125,81.9383316040039,93.4930191040039,45.0750617980957,35.62654113769531,44.31419372558594,353.9280700683594,75.87339782714844,16.243810653686523,32.53422927856445,147.12661743164062,30.372774124145508,61.38309860229492,3.1604256629943848,4.26737642288208,5.360427379608154,16.046716690063477,39.740840911865234,26.819900512695312,83.64337158203125,195.54373168945312,292.3753356933594,494.51226806640625,45.887332916259766,152.3774871826172,101.59333038330078,164.13665771484375,29.42495346069336,129.32861328125,119.28392028808594,50.29070663452149,35.993064880371094,190.72000122070312,89.35612487792969,68.05287170410156,61.00926208496094,97.15093231201172,122.71871948242188,112.76239776611328,310.8949279785156
2022-11-11,147.9794464111328,241.95176696777344,100.79000091552734,96.27400207519533,112.48983764648438,126.87864685058594,201.5030212402344,16.309459686279297,290.1300048828125,75.19591522216797,29.342973709106445,72.37000274658203,130.76600646972656,41.52580642700195,177.49000549316406,53.109188079833984,11.752875328063965,40.07411575317383,114.62552642822266,167.9660186767578,61.60517120361328,49.49190902709961,156.9242401123047,49.419715881347656,70.73335266113281,567.5467529296875,162.81275939941406,52.11751937866211,91.02999877929688,39.439998626708984,57.459999084472656,55.27000045776367,29.149999618530273,12.699999809265137,62.9900016784668,109.56999969482422,37.91999816894531,24.200000762939453,11.579999923706056,115.63999938964844,44.15425109863281,68.34588623046875,89.45999908447266,45.519527435302734,65.18000030517578,61.918548583984375,36.7400016784668,8.40999984741211,143.1199951171875,54.349998474121094,53.709999084472656,142.19000244140625,82.66000366210938,159.41000366210938,175.94000244140625,82.3499984741211,53.0,88.31999969482422,142.3699951171875,156.6078338623047,409.9100036621094,156.9499969482422,107.0255126953125,236.04844665527344,401.3082885742187,335.3901062011719,341.1499938964844,83.76531982421875,95.95126342773438,44.69904327392578,35.88814926147461,45.934104919433594,360.3460388183594,75.68023681640625,16.42487335205078,32.34841537475586,142.96070861816406,31.531330108642575,61.670379638671875,3.1774630546569824,4.368541717529297,5.663846969604492,16.563003540039062,40.65529251098633,27.964092254638672,83.29328918457031,200.04185485839844,295.41448974609375,496.767333984375,45.95824432373047,160.66470336914062,104.7652359008789,168.80816650390625,30.219738006591797,133.69076538085938,123.43019104003906,51.91969680786133,36.87837219238281,195.97000122070312,93.8506088256836,71.77027893066406,63.50340270996094,101.77804565429688,124.11778259277344,114.70199584960938,315.3630065917969
2022-11-14,146.5757598876953,236.5078125,98.48999786376952,95.57730865478516,113.68421173095705,125.57516479492188,203.3312835693359,16.277494430541992,299.2699890136719,75.96006774902344,29.26582908630371,73.52999877929688,131.70677185058594,41.47945785522461,173.5500030517578,52.8138313293457,11.515361785888672,38.91438674926758,114.03082275390624,166.04763793945312,60.875999450683594,47.50361633300781,154.2460174560547,48.955177307128906,69.74655151367188,568.905517578125,161.92176818847656,51.4244384765625,89.51000213623047,38.400001525878906,53.220001220703125,52.84000015258789,29.06999969482422,12.949999809265137,62.02000045776367,105.16000366210938,36.880001068115234,24.420000076293945,11.289999961853027,119.73999786376952,43.58464050292969,68.88671112060547,91.4499969482422,47.305694580078125,65.38999938964844,62.377471923828125,35.599998474121094,8.100000381469727,142.00999450683594,51.40999984741211,52.209999084472656,136.85000610351562,80.86499786376953,157.83999633789062,171.0800018310547,78.12000274658203,51.54999923706055,84.3499984741211,134.9600067138672,157.5312042236328,400.3999938964844,153.3800048828125,105.72376251220705,236.85350036621097,391.0994873046875,325.0135498046875,340.3699951171875,82.87027740478516,95.24462890625,44.059810638427734,35.280826568603516,44.86332321166992,357.717041015625,73.8548812866211,16.433494567871094,32.35686111450195,142.246826171875,31.633285522460938,61.478858947753906,3.194500207901001,4.35934591293335,5.673042297363281,16.429445266723633,40.24570083618164,27.8542537689209,81.12650299072266,195.869140625,287.89166259765625,491.18743896484375,44.60768127441406,160.60910034179688,105.0710906982422,168.88963317871094,29.96076011657715,132.84559631347656,123.04171752929688,51.20937728881836,36.22153091430664,190.9499969482422,93.12950897216795,70.7564468383789,63.23806381225586,100.82701110839844,126.74911499023438,114.03970336914062,306.6110534667969
2022-11-15,148.3155517578125,236.9190673828125,98.94000244140624,98.25462341308594,116.53079986572266,124.66551971435548,206.40789794921875,16.648099899291992,310.20001220703125,76.58881378173828,29.612966537475582,76.37000274658203,131.83465576171875,41.62779998779297,175.35000610351562,53.61991500854492,11.71192455291748,39.21650695800781,118.95832824707033,166.1693115234375,62.17668151855469,48.49578857421875,157.98594665527344,50.023536682128906,77.08528137207031,588.2522583007812,167.47853088378906,50.82255554199219,89.86000061035156,40.02000045776367,55.529998779296875,53.880001068115234,31.56999969482422,13.06999969482422,63.380001068115234,107.01000213623048,37.75,26.290000915527344,11.779999732971191,125.30999755859376,44.6384162902832,76.58370971679688,99.6999969482422,50.68268203735352,70.97000122070312,68.45843505859375,36.72999954223633,8.34000015258789,148.3000030517578,53.41999816894531,56.400001525878906,147.25999450683594,81.19000244140625,163.49000549316406,182.1000061035156,86.0999984741211,53.31999969482422,87.44000244140625,141.17999267578125,160.91697692871094,419.4800109863281,160.74000549316406,106.67578887939452,239.92214965820312,400.30511474609375,342.1304016113281,345.9599914550781,83.5069580078125,97.97160339355467,43.90940856933594,35.224769592285156,44.872467041015625,358.20355224609375,75.6222915649414,16.399003982543945,31.841655731201172,141.79698181152344,31.772310256958008,61.957664489746094,3.1263508796691895,4.414527416229248,5.691431045532227,16.481273651123047,40.3409538269043,27.97324562072754,83.02833557128906,199.86956787109375,292.5910949707031,507.3682861328125,47.52478790283203,166.95211791992188,105.7754364013672,170.24761962890625,30.282251358032227,133.86343383789062,124.02212524414062,51.77762985229492,37.04020690917969,194.4199981689453,94.3445053100586,71.86683654785156,65.11310577392578,101.6042938232422,130.3718719482422,114.24916076660156,286.7517395019531
2022-11-16,147.0799102783203,237.35105895996097,97.12000274658205,98.52334594726562,112.69884490966795,124.8343276977539,206.5553436279297,15.892908096313477,306.0199890136719,77.27555847167969,28.475122451782227,72.69999694824219,131.99903869628906,41.15496444702149,172.69000244140625,52.241573333740234,11.384318351745604,37.49151611328125,113.96475219726562,162.3231658935547,58.008575439453125,45.00144577026367,154.25559997558594,48.81304931640625,76.11763763427734,567.802734375,159.88113403320312,49.16282653808594,87.04000091552734,38.5099983215332,48.83000183105469,50.810001373291016,30.040000915527344,11.970000267028809,60.779998779296875,104.43000030517578,36.959999084472656,25.36000061035156,11.06999969482422,119.72000122070312,43.185909271240234,75.48275756835938,94.75,49.76169204711914,67.55999755859375,68.20027923583984,34.40999984741211,8.0600004196167,143.64999389648438,50.41999816894531,52.68000030517578,140.35000610351562,79.54499816894531,154.14999389648438,174.69000244140625,82.44000244140625,49.54999923706055,83.5,129.27000427246094,154.0164031982422,412.2000122070313,155.38999938964844,107.8901138305664,240.20626831054688,387.16546630859375,332.76885986328125,338.4100036621094,82.87950134277344,98.37965393066406,43.43938446044922,34.9070930480957,44.268436431884766,357.6889343261719,74.76273345947266,16.321409225463867,31.99368476867676,141.67965698242188,31.4942569732666,62.053428649902344,3.0922765731811523,4.331754684448242,5.599485874176025,16.174293518066406,39.22645950317383,26.81074905395508,81.79830169677734,205.88937377929688,295.38629150390625,505.0938720703125,47.8664665222168,145.02203369140625,104.64476013183594,167.47731018066406,30.33583068847656,130.3646240234375,119.53631591796876,50.18651580810547,36.03114318847656,186.9199981689453,92.80353546142578,69.45291900634766,63.0965461730957,99.33494567871094,126.45313262939452,114.11587524414062,277.941650390625
2022-11-17,148.9877471923828,237.30197143554688,94.8499984741211,98.0356674194336,110.92719268798828,124.2904281616211,207.3908233642578,15.660157203674316,295.2799987792969,76.6081314086914,28.822263717651367,73.9000015258789,133.43301391601562,43.19462966918945,172.77999877929688,52.54308319091797,11.392507553100586,37.657196044921875,115.97539520263672,164.10118103027344,57.88048553466797,45.57263946533203,154.4468994140625,48.84929275512695,78.06249237060547,579.9424438476562,162.9564666748047,49.61880111694336,85.63999938964844,37.720001220703125,48.790000915527344,50.75,28.8799991607666,11.350000381469728,58.70000076293945,99.3000030517578,37.310001373291016,24.520000457763672,10.920000076293944,114.37000274658205,43.16692733764648,81.37381744384766,99.58000183105467,53.51079559326172,70.55000305175781,67.884765625,32.529998779296875,7.619999885559082,139.22999572753906,49.06999969482422,48.400001525878906,136.75,78.27999877929688,147.69000244140625,163.7899932861328,79.0,47.439998626708984,82.58999633789062,121.69000244140624,148.6250457763672,400.5799865722656,148.80999755859375,108.62842559814452,240.13995361328125,375.5798645019531,313.70086669921875,337.8299865722656,82.07672882080078,97.89198303222656,43.232574462890625,34.72956466674805,44.15860748291016,355.3033142089844,75.23597717285156,16.338653564453125,32.230167388916016,144.5058135986328,31.753772735595703,60.90428924560547,3.1348695755004883,4.350147724151611,5.5902910232543945,16.112499237060547,39.7789421081543,26.93889617919922,80.51148986816406,199.4484710693359,292.13153076171875,502.4051208496094,47.70528793334961,151.1225128173828,104.78377532958984,167.95172119140625,30.6751766204834,131.30975341796875,121.33987426757812,50.03499221801758,35.66940689086914,183.1699981689453,90.33403778076172,68.9991226196289,62.78699493408203,101.22607421875,128.6737518310547,114.62999725341795,268.90850830078125
2022-11-18,149.5511932373047,236.85031127929688,94.13999938964844,97.3389663696289,111.5243911743164,125.509521484375,207.20408630371097,15.392446517944336,287.9800109863281,77.12080383300781,28.802976608276367,73.56999969482422,134.84873962402344,44.30718231201172,173.88999938964844,52.59846496582031,11.45802879333496,38.75846099853515,116.90991973876952,163.9327392578125,57.72282028198242,45.13188934326172,154.81039428710938,49.14023971557617,78.81935119628906,584.0087280273438,164.72889709472656,49.764705657958984,84.91999816894531,36.59000015258789,45.2599983215332,49.25,28.959999084472656,11.210000038146973,58.290000915527344,97.7699966430664,35.2599983215332,24.3799991607666,10.520000457763672,113.91999816894533,43.36628723144531,77.72329711914062,95.97000122070312,52.16185760498047,70.1500015258789,64.48095703125,31.719999313354492,7.389999866485596,138.99000549316406,49.86000061035156,47.0099983215332,138.72999572753906,83.73999786376953,146.1999969482422,159.8800048828125,76.5199966430664,46.0,81.63999938964844,118.76000213623048,146.9867706298828,399.3800048828125,146.74000549316406,105.68490600585938,242.47933959960935,373.7996520996094,311.779296875,330.8599853515625,82.30741119384766,96.96641540527344,43.71199417114258,34.74824905395508,44.533843994140625,354.7607116699219,77.08065032958984,16.355894088745117,32.5595588684082,145.54237365722656,31.97621726989746,61.19157791137695,3.1348695755004883,4.405330181121826,5.60867977142334,16.024789810180664,40.045654296875,26.984663009643555,80.15192413330078,200.91275024414065,293.7635803222656,504.6698303222656,48.42409896850586,151.93406677246094,103.87552642822266,166.9481658935547,30.39834213256836,128.1562957763672,118.93508911132812,50.61271667480469,34.9459228515625,180.19000244140625,90.67977905273438,68.79634857177734,61.57530212402344,100.5434112548828,128.40316772460938,115.37261962890624,268.4530334472656
2022-11-21,146.30886840820312,237.665283203125,92.45999908447266,95.37824249267578,109.34465026855467,124.76869201660156,202.8005218505859,15.300543785095217,285.04998779296875,77.20785522460938,27.90619850158691,72.45999908447266,133.97189331054688,44.149566650390625,172.94000244140625,52.85074615478515,11.42526912689209,38.51480865478515,113.46443176269533,161.33120727539062,56.3235969543457,44.48461151123047,152.31385803222656,49.35771560668945,76.5774917602539,571.3372802734375,161.76849365234375,49.33608627319336,80.62999725341797,35.209999084472656,41.22999954223633,45.88999938964844,28.25,11.050000190734863,55.27000045776367,95.70999908447266,34.15999984741211,23.799999237060547,9.960000038146973,114.94000244140624,42.46440124511719,74.29489135742188,94.55999755859376,48.840694427490234,67.62000274658203,63.37185287475586,30.770000457763672,7.190000057220459,135.55999755859375,48.290000915527344,45.31999969482422,135.9199981689453,85.30999755859375,141.13999938964844,147.02000427246094,73.3499984741211,44.18000030517578,80.26000213623047,117.55999755859376,143.81948852539062,387.3800048828125,143.1999969482422,105.4031753540039,243.9757843017578,368.8132934570313,310.5475158691406,321.489990234375,82.19670104980469,95.14511108398438,44.031612396240234,34.860374450683594,44.73518753051758,355.7056579589844,77.26414489746094,16.243810653686523,32.618690490722656,146.56919860839844,31.837186813354492,61.57462310791016,3.1348695755004883,4.331754684448242,5.571901798248291,15.765650749206545,39.12166976928711,26.69175148010254,78.95025634765625,201.2381591796875,297.14044189453125,504.3807373046875,48.72064208984375,147.40069580078125,102.84678649902344,165.35157775878906,29.585693359375,127.10208129882812,116.0678482055664,49.50461196899414,34.393798828125,167.8699951171875,96.38923645019533,67.19351196289062,59.42610931396485,100.58030700683594,126.85433959960938,114.54430389404295,274.17138671875
2022-11-22,148.4539031982422,240.59129333496097,93.1999969482422,96.87117767333984,110.91725158691406,126.63480377197266,206.74212646484375,16.02077293395996,286.69000244140625,79.4325942993164,28.75476455688477,75.25,136.18223571777344,44.85418319702149,172.5,53.71836471557617,11.52354907989502,38.953372955322266,116.72113800048828,165.8417510986328,57.76224136352539,45.02516555786133,161.10415649414062,50.56055450439453,79.07803344726562,587.0117797851562,166.13723754882812,49.34520721435547,79.91000366210938,35.279998779296875,43.38999938964844,46.09000015258789,28.079999923706055,11.050000190734863,53.95000076293945,95.27999877929688,34.45000076293945,24.5,9.90999984741211,119.29000091552734,42.844146728515625,73.3870849609375,95.08000183105467,47.96621322631836,66.76000213623047,62.62608337402344,30.84000015258789,7.21999979019165,135.8000030517578,47.970001220703125,44.970001220703125,136.75999450683594,85.83499908447266,143.36000061035156,146.8000030517578,72.33000183105469,43.86000061035156,77.1500015258789,116.33999633789062,148.1881561279297,400.2799987792969,146.2899932861328,106.49121856689452,248.11463928222656,385.7591247558594,314.7257385253906,330.8800048828125,82.7410888671875,96.58822631835938,44.285423278808594,35.02855682373047,45.14703369140625,359.12969970703125,78.48106384277344,16.38176155090332,33.108558654785156,148.251220703125,32.532325744628906,62.149192810058594,3.185981512069702,4.396133899688721,5.599485874176025,16.19422721862793,41.76979064941406,26.89312744140625,80.53986358642578,205.25775146484375,304.7382507324219,512.6494750976562,48.89469909667969,147.25144958496094,105.8218002319336,169.5939178466797,31.15740966796875,131.1552734375,120.22071075439452,50.8021354675293,35.65036392211914,169.91000366210938,95.03595733642578,70.26399993896484,60.64662551879883,103.58766174316406,132.4711456298828,120.5328598022461,274.37493896484375
2022-11-23,149.33372497558594,243.0950927734375,94.12999725341795,98.35414123535156,111.7135009765625,127.98517608642578,208.1182098388672,16.50125503540039,291.5,79.85818481445312,28.61012077331543,76.4000015258789,135.86256408691406,45.03032684326172,174.85000610351562,54.0691032409668,11.490789413452148,39.08980941772461,118.13706970214844,167.48876953125,58.06769561767578,45.59635543823242,161.8406982421875,50.90300750732422,78.53193664550781,594.5338745117188,167.8521728515625,49.98357009887695,80.75,36.77000045776367,45.56999969482422,48.36000061035156,28.790000915527344,11.3100004196167,56.58000183105469,96.62999725341795,35.47999954223633,25.030000686645508,10.31999969482422,119.98999786376952,42.93907928466797,75.81111145019531,97.0,48.6174201965332,66.70999908447266,63.70649719238281,32.0,7.369999885559082,140.88999938964844,50.7400016784668,46.790000915527344,140.0800018310547,86.55000305175781,146.4499969482422,150.77000427246094,75.30999755859375,46.349998474121094,76.13999938964844,124.5,151.15689086914062,409.3699951171875,149.33999633789062,106.7146453857422,248.69235229492188,389.3193054199219,322.44158935546875,335.7799987792969,82.98100280761719,97.99150848388672,44.49222946166992,35.14067459106445,44.14946365356445,361.3563537597656,78.62593841552734,16.459360122680664,32.872074127197266,146.80389404296875,32.93087387084961,62.24494934082031,3.1774630546569824,4.405330181121826,5.6546525955200195,16.38559341430664,42.49374008178711,27.378271102905273,81.8077621459961,201.9559326171875,301.57720947265625,515.0972290039062,49.130008697509766,152.42845153808594,105.29352569580078,168.0885467529297,31.237783432006836,129.63760375976562,117.2239990234375,48.699581146240234,34.803138732910156,183.1999969482422,97.67337036132812,68.67082214355469,59.965614318847656,102.13011932373048,129.8866729736328,119.5807876586914,275.15997314453125
2022-11-25,146.40773010253906,243.0067596435547,93.41000366210938,97.139892578125,110.88739013671876,128.22900390625,210.14305114746097,16.25252342224121,285.5400085449219,80.01295471191406,28.29191017150879,75.13999938964844,135.51547241210938,44.87271881103515,178.36000061035156,54.23524475097656,11.531740188598633,39.430904388427734,116.5323257446289,165.701416015625,57.55530548095703,44.79095458984375,159.82244873046875,50.54720687866211,77.98584747314453,582.709228515625,165.4474334716797,49.88325500488281,80.08000183105469,36.790000915527344,44.279998779296875,48.560001373291016,28.5,11.140000343322754,55.470001220703125,97.66999816894533,35.290000915527344,24.989999771118164,10.18000030517578,120.30999755859376,42.75870132446289,72.91387176513672,93.36000061035156,46.03118896484375,65.75,62.750370025634766,31.760000228881836,7.28000020980835,140.0500030517578,50.09000015258789,46.29999923706055,138.75,86.38500213623047,144.72000122070312,147.75,74.83999633789062,46.029998779296875,75.4000015258789,124.12999725341795,152.25900268554688,407.2099914550781,148.97999572753906,107.49181365966795,249.9899749755859,385.9951477050781,322.33319091796875,334.29998779296875,83.88528442382812,96.99626159667967,44.59563827514648,35.224769592285156,44.19522476196289,363.7981262207031,78.81909942626953,16.485227584838867,32.9565315246582,147.7133331298828,33.042091369628906,62.149192810058594,3.228574752807617,4.432921409606934,5.810960292816162,16.523134231567383,42.51279830932617,27.59794807434082,81.7320556640625,201.9080810546875,306.14520263671875,514.2974243164062,49.33952331542969,152.40048217773438,104.92279052734376,167.59588623046875,31.49675750732422,129.6284942626953,117.28873443603516,48.14080047607422,34.61274337768555,182.86000061035156,97.66350555419922,67.8597640991211,60.45205307006836,102.1947021484375,129.1309051513672,119.199951171875,264.42108154296875
2022-11-28,142.56243896484375,237.38050842285156,93.9499969482422,95.79627227783205,108.26972198486328,125.98777770996094,207.65623474121097,15.809996604919434,281.1700134277344,78.72647857666016,27.70370101928711,73.19000244140625,133.51522827148438,44.576045989990234,171.8300018310547,52.59231185913086,11.245083808898926,38.37837219238281,112.84143829345705,161.89268493652344,54.93423080444336,43.80076599121094,156.8764190673828,49.81271743774414,75.89727783203125,574.34033203125,157.2176971435547,47.70371627807617,79.93000030517578,38.029998779296875,42.5099983215332,46.77000045776367,27.760000228881836,10.699999809265137,54.650001525878906,95.3000030517578,35.290000915527344,24.36000061035156,9.84000015258789,119.4800033569336,42.08466339111328,73.28085327148438,94.63999938964844,46.43121719360352,74.05000305175781,64.02201080322266,30.8799991607666,7.159999847412109,139.4499969482422,50.20000076293945,45.560001373291016,136.72000122070312,85.69499969482422,141.07000732421875,143.5,73.47000122070312,45.790000915527344,71.58999633789062,126.4499969482422,152.59658813476562,401.9299926757813,145.25,104.91744995117188,244.66712951660156,379.2778625488281,320.49041748046875,328.9700012207031,82.94410705566406,95.59297943115234,44.16321563720703,34.43991470336914,43.225101470947266,357.717041015625,77.09996795654297,16.2265682220459,32.29773712158203,146.58876037597656,32.986480712890625,61.0958137512207,3.151906967163086,4.322558403015137,5.691431045532227,16.37961196899414,41.512603759765625,26.737520217895508,80.75749969482422,200.06097412109375,299.1477966308594,511.65679931640625,49.481353759765625,154.25674438476562,101.77169036865234,162.7240447998047,31.0145263671875,124.18489074707033,114.54173278808594,47.24105453491211,34.15580749511719,182.9199981689453,94.52230834960938,65.88036346435547,58.84235382080078,99.46408081054688,125.8093490600586,116.07714080810548,257.91766357421875
2022-11-29,139.5474853515625,235.97642517089844,92.41999816894533,94.9900894165039,108.94654083251952,128.0602264404297,205.4937438964844,15.622200012207031,280.9599914550781,78.20414733886719,27.86762809753418,73.38999938964844,133.7983856201172,44.761474609375,175.32000732421875,52.70922088623047,11.261465072631836,38.73896408081055,111.7464370727539,161.8739471435547,54.31344985961914,43.68415832519531,156.7616424560547,49.734500885009766,76.00267791748047,569.8900146484375,157.78294372558594,46.91944122314453,77.63999938964844,37.150001525878906,43.11000061035156,45.75,27.760000228881836,10.760000228881836,53.34000015258789,95.37999725341795,35.310001373291016,24.0,9.81999969482422,121.87999725341795,41.55302810668945,77.12452697753906,99.63999938964844,49.53841400146485,78.43000030517578,65.76214599609375,29.829999923706055,7.079999923706055,138.0,51.25,44.61000061035156,134.85000610351562,85.25499725341797,136.55999755859375,142.3000030517578,72.05999755859375,44.560001373291016,70.56999969482422,122.01000213623048,150.60086059570312,396.8500061035156,143.3000030517578,103.86827850341795,243.46432495117188,373.4456481933594,317.287841796875,326.7799987792969,84.04216003417969,94.73707580566406,44.71784591674805,34.57073211669922,43.5362663269043,358.9800720214844,77.64080810546875,16.3903865814209,32.382198333740234,145.33702087402344,32.88452911376953,61.38309860229492,3.143388271331787,4.35934591293335,5.627069473266602,16.391571044921875,41.45545196533203,26.435449600219727,81.75099182128906,198.5583953857422,296.3712158203125,509.7679748535156,49.30729293823242,155.18951416015625,102.44824981689452,165.15997314453125,31.5324764251709,128.40167236328125,114.92095184326172,48.34916305541992,35.37429428100586,180.8300018310547,93.53450775146484,66.73004150390625,59.70027160644531,100.52497100830078,126.14524841308594,117.55287170410156,261.707275390625
2022-11-30,146.32864379882812,250.5181427001953,96.54000091552734,100.97174835205078,117.5459976196289,129.57936096191406,213.29833984375,16.909143447875977,305.5299987792969,80.31280517578125,28.995834350585938,77.62999725341797,135.99957275390625,46.09652328491211,178.8800048828125,52.89997863769531,11.384318351745604,39.528358459472656,120.1632843017578,168.8737335205078,56.80643081665039,46.68141174316406,164.4328155517578,52.56181716918945,79.49958038330078,598.7379760742188,168.46534729003906,48.30559921264648,78.41000366210938,40.880001068115234,45.72999954223633,49.02000045776367,29.13999938964844,11.220000267028809,58.25,102.13999938964844,37.97999954223633,25.420000076293945,10.3100004196167,132.08999633789062,43.35635757446289,84.5607681274414,108.5999984741211,53.19449234008789,82.04000091552734,67.9994888305664,31.770000457763672,7.5,117.6500015258789,53.31999969482422,49.13999938964844,133.4499969482422,84.94999694824219,142.89999389648438,152.69000244140625,75.77999877929688,47.06999969482422,75.43000030517578,131.5500030517578,159.10992431640625,416.2999877929687,167.89999389648438,107.70553588867188,250.16989135742188,400.86566162109375,334.1583251953125,344.92999267578125,85.87837219238281,100.5094757080078,45.0750617980957,35.36491775512695,44.3050422668457,363.6319580078125,79.71729278564453,16.623178482055664,32.92274475097656,148.11428833007812,33.95967483520508,62.149192810058594,3.1689441204071045,4.534087657928467,5.856933116912842,16.559017181396484,42.66520690917969,27.497264862060547,83.10404205322266,203.42022705078125,305.7419128417969,519.6845092773438,49.130008697509766,155.84249877929688,103.189697265625,167.24009704589844,32.05935287475586,128.98326110839844,114.23651885986328,48.82270050048828,36.06922149658203,194.6999969482422,96.67570495605467,67.09696197509766,60.6024055480957,100.03604125976562,124.67105102539062,115.97241973876952,269.43194580078125
2022-12-01,146.60540771484375,250.07630920410156,95.5,100.80255126953124,119.87503051757812,127.7601547241211,213.29833984375,17.120967864990234,316.95001220703125,81.35746002197266,28.764404296875,77.4800033569336,136.23707580566406,46.32830429077149,175.77999877929688,52.46308898925781,11.531740188598633,39.48929214477539,120.46728515625,166.10377502441406,54.67802810668945,45.7682991027832,164.02151489257812,52.53510665893555,79.21215057373047,601.8295288085938,166.16598510742188,48.60654067993164,78.52999877929688,43.400001525878906,45.27000045776367,49.439998626708984,28.34000015258789,11.199999809265137,57.119998931884766,101.2699966430664,38.31999969482422,25.579999923706055,10.869999885559082,139.38999938964844,43.08919906616211,82.99626922607422,108.66999816894533,51.95719146728515,83.73999786376953,65.6570053100586,33.38999938964844,7.860000133514404,124.06999969482422,67.43000030517578,49.56999969482422,144.5,89.19999694824219,154.0399932861328,161.94000244140625,77.97000122070312,48.290000915527344,77.43000030517578,140.05999755859375,145.9541778564453,425.6000061035156,169.47999572753906,108.81300354003906,253.7784118652344,409.205810546875,341.174560546875,344.1099853515625,85.81378936767578,100.5094757080078,44.059810638427734,34.34992599487305,43.72846603393555,361.4284362792969,78.93499755859375,16.545581817626953,32.37375259399414,148.45657348632812,33.625999450683594,61.38309860229492,3.2115373611450195,4.598465919494629,5.994852066040039,16.732440948486328,42.769989013671875,27.332500457763672,83.41629791259766,206.22433471679688,308.6484680175781,485.57861328125,49.43622589111328,153.9395751953125,102.68921661376952,166.49200439453125,31.89861297607422,127.72004699707033,113.82030487060548,49.02159118652344,36.06922149658203,194.6999969482422,97.3869171142578,66.43073272705078,60.39014434814453,99.6670379638672,123.18753814697266,114.46814727783205,266.8150939941406
2022-12-02,146.11117553710938,250.4003143310547,94.12999725341795,100.35468292236328,122.91071319580078,126.7473602294922,213.94708251953125,16.862178802490234,320.4100036621094,80.62232971191406,28.35940933227539,74.9800033569336,135.7895050048828,46.07798385620117,182.8699951171875,53.45992660522461,11.351556777954102,38.97161865234375,119.37480926513672,166.25350952148438,53.8798942565918,45.22774887084961,162.01353454589844,51.58599090576172,78.08165740966797,596.365234375,163.88580322265625,48.30559921264648,74.66000366210938,43.060001373291016,47.66999816894531,48.63999938964844,28.75,11.100000381469728,55.189998626708984,101.0,38.68000030517578,24.86000061035156,10.5,140.49000549316406,43.12736892700195,86.97513580322266,113.8000030517578,54.55272674560547,86.33999633789062,68.20632934570312,33.9900016784668,7.659999847412109,124.0,65.08000183105469,48.369998931884766,128.99000549316406,86.34500122070312,149.74000549316406,160.1699981689453,74.70999908447266,46.599998474121094,74.30999755859375,141.0,143.53152465820312,412.8699951171875,170.99000549316406,108.83242797851562,255.6252593994141,401.1902465820313,334.91705322265625,341.5299987792969,84.98333740234375,99.96208953857422,43.18557357788086,33.90822219848633,43.234256744384766,358.3867492675781,79.64002990722656,16.399003982543945,32.24706268310547,149.0433349609375,33.236732482910156,59.75515365600586,3.1689441204071045,4.644451141357422,6.022435665130615,16.503202438354492,42.427059173583984,27.131118774414062,83.54875183105469,205.6118621826172,309.5166931152344,476.5870971679687,49.38787841796875,153.1280517578125,101.81803131103516,165.15997314453125,31.57712173461914,126.29327392578124,113.00636291503906,49.99710464477539,37.00212478637695,194.86000061035156,98.21666717529295,65.86105346679688,60.54934310913086,98.39398956298828,118.55972290039062,112.56399536132812,275.5283203125
2022-12-05,144.9447479248047,245.6676483154297,91.01000213623048,99.39920806884766,121.85569763183594,123.19326782226562,210.03497314453125,16.596403121948242,312.5899963378906,76.83061981201172,28.12798309326172,73.62000274658203,134.63868713378906,45.73494720458984,185.1000061035156,52.09388732910156,10.958430290222168,37.887454986572266,117.13285064697266,166.00083923339844,53.2492561340332,44.72672653198242,161.25450134277344,50.616844177246094,78.19661712646484,591.5210571289062,161.30860900878906,47.64899826049805,73.62000274658203,40.790000915527344,46.0,46.09000015258789,27.700000762939453,10.779999732971191,53.22999954223633,98.51000213623048,37.540000915527344,23.93000030517578,10.100000381469728,137.2100067138672,41.925148010253906,87.41938018798828,116.91999816894533,55.05509185791016,87.80000305175781,66.39774322509766,31.239999771118164,7.190000057220459,118.33000183105467,61.939998626708984,43.25,120.79000091552734,84.99500274658203,135.6300048828125,148.72000122070312,70.26000213623047,42.439998626708984,72.9000015258789,133.61000061035156,132.97714233398438,392.260009765625,164.61000061035156,107.1226577758789,250.4066467285156,388.62103271484375,310.8726806640625,334.0899963378906,82.87027740478516,99.00665283203124,41.04227066040039,32.3951301574707,41.76992416381836,349.87396240234375,78.46174621582031,16.16621208190918,31.309551239013672,147.2928466796875,32.57867431640625,59.18058395385742,3.11783218383789,4.543283462524414,5.948878765106201,16.267982482910156,41.026798248291016,26.737520217895508,82.6498794555664,197.3238067626953,302.0522155761719,470.93011474609375,48.881813049316406,144.51834106445312,99.02835845947266,161.08184814453125,31.255645751953125,121.9038543701172,110.40735626220705,48.66170120239258,35.05063247680664,182.4499969482422,94.75938415527344,64.07474517822266,58.860050201416016,96.07850646972656,112.85891723632812,107.06099700927734,257.0647888183594
2022-12-06,141.26747131347656,240.67965698242188,88.25,96.85126495361328,113.58467864990234,123.39957427978516,205.513427734375,15.97391128540039,305.55999755859375,76.32765197753906,27.578344345092773,70.2699966430664,134.7208709716797,45.04887390136719,178.42999267578125,52.47540283203125,10.876527786254885,37.1353645324707,113.78890228271484,163.14666748046875,52.89451599121094,43.78692626953125,159.97669982910156,50.15707778930664,76.2230224609375,583.9005737304688,156.24046325683594,47.60340118408203,72.2300033569336,38.970001220703125,42.40999984741211,45.58000183105469,26.920000076293945,10.40999984741211,52.709999084472656,93.12000274658205,36.91999816894531,22.719999313354492,9.420000076293944,135.00999450683594,41.3621940612793,88.31752014160156,117.33000183105467,56.14353942871094,86.91000366210938,65.61851501464844,30.649999618530273,6.989999771118164,113.83000183105467,61.88999938964844,43.599998474121094,115.97000122070312,83.34500122070312,136.72999572753906,144.69000244140625,68.58000183105469,41.83000183105469,71.47000122070312,124.95999908447266,132.3218536376953,389.1499938964844,161.36000061035156,104.69401550292967,244.8565673828125,383.3494873046875,308.1134948730469,331.1499938964844,80.74801635742188,96.51854705810548,40.79787063598633,31.01361656188965,41.1658935546875,341.7471923828125,77.8339614868164,16.528337478637695,31.15751838684082,146.0900115966797,32.226470947265625,58.8932991027832,3.1263508796691895,4.478905200958252,5.8661274909973145,15.84139919281006,40.45526123046875,25.913698196411133,81.27789306640625,193.2372283935547,299.5703430175781,463.70220947265625,48.31450653076172,144.63027954101562,96.27576446533205,156.9307098388672,30.69304084777832,116.13311004638672,106.9296646118164,48.352840423583984,34.46043395996094,179.82000732421875,91.1637954711914,61.93120193481445,56.71968078613281,95.09143829345705,110.89957427978516,104.05242919921876,250.04763793945312
2022-12-07,139.3201446533203,239.94325256347656,88.45999908447266,94.70145416259766,113.39556121826172,123.31517791748048,204.26507568359375,16.106801986694336,308.4200134277344,76.20188903808594,27.31798934936523,70.13999938964844,134.5108184814453,44.66875076293945,176.5,52.30310821533203,10.729104042053224,37.07676696777344,112.29742431640624,162.59454345703125,53.03247833251953,43.90452575683594,159.49632263183594,49.45882797241211,75.91642761230469,592.0724487304688,157.07398986816406,47.940818786621094,74.41999816894531,38.4900016784668,41.2599983215332,45.29999923706055,26.399999618530273,10.31999969482422,53.619998931884766,91.5,35.619998931884766,22.68000030517578,9.300000190734863,130.1300048828125,41.180912017822266,85.30440521240234,114.58000183105467,54.37596893310547,85.81999969482422,65.80130767822266,30.770000457763672,7.070000171661377,113.1999969482422,61.65999984741211,44.27000045776367,114.23999786376952,82.34500122070312,137.41000366210938,178.3000030517578,68.27999877929688,42.08000183105469,69.87000274658203,125.45999908447266,129.55169677734375,388.5199890136719,164.72000122070312,104.79116821289062,245.51011657714844,382.2380981445313,304.4674072265625,326.67999267578125,80.53577423095703,94.48825073242188,39.904823303222656,30.769269943237305,40.882171630859375,338.93157958984375,77.44766235351562,16.640422821044922,31.394006729125977,145.50326538085938,32.08743667602539,59.37210464477539,3.100795030593872,4.432921409606934,5.820154666900635,15.755682945251465,39.93135070800781,25.474328994750977,84.21109008789062,198.0033264160156,302.1182861328125,464.48284912109375,48.063087463378906,143.4269561767578,96.06261444091795,157.39599609375,30.282251358032227,114.6518096923828,106.25448608398438,47.32648468017578,33.47666931152344,174.0399932861328,91.02550506591795,61.74774169921875,56.82581329345703,95.02686309814452,112.14049530029295,103.7763214111328,249.6793212890625
2022-12-08,141.01046752929688,242.9183654785156,90.3499984741211,93.50711059570312,114.78900146484376,124.60928344726562,205.5330810546875,17.154945373535156,310.260009765625,77.44967651367188,27.424060821533203,70.47000122070312,134.9766082763672,45.41973114013672,179.0800018310547,51.46010208129883,10.74548625946045,37.311180114746094,115.66036224365234,165.03697204589844,54.39228439331055,44.963897705078125,162.99349975585938,50.6588134765625,77.41101837158203,597.5269775390625,164.2786102294922,49.63702774047851,74.22000122070312,38.63999938964844,42.810001373291016,45.790000915527344,26.450000762939453,10.640000343322754,54.0099983215332,94.83000183105467,34.939998626708984,22.6200008392334,9.399999618530272,134.5,41.86790084838867,90.94435119628906,120.33000183105467,56.16214370727539,91.11000061035156,68.50454711914062,31.93000030517578,7.119999885559082,114.23999786376952,63.81999969482422,49.20000076293945,119.52999877929688,80.38999938964844,142.8699951171875,194.42999267578125,74.0199966430664,43.75,72.36000061035156,135.7100067138672,129.2041778564453,396.2300109863281,169.3300018310547,104.74259185791016,247.4895782470703,398.6723937988281,314.1147155761719,332.5799865722656,81.83683013916016,93.26410675048828,40.02703475952149,30.487321853637695,40.900482177734375,337.1988525390625,77.50559997558594,16.485227584838867,31.33488655090332,140.63328552246094,32.411834716796875,58.98905944824219,3.0326454639434814,4.506495952606201,5.884516716003418,15.785584449768066,40.22664642333984,26.06930923461914,84.61795043945312,194.8163604736328,305.8363037109375,463.9527893066406,48.13750076293945,143.8467254638672,96.7762451171875,158.3265838623047,30.300111770629883,113.20682525634766,104.14566802978516,47.440528869628906,33.304744720458984,173.44000244140625,91.42062377929688,61.51601028442383,56.16248321533203,93.08038330078124,109.07083892822266,103.63351440429688,248.1479949951172
2022-12-09,140.52610778808594,240.97422790527344,89.08999633789062,92.63125610351562,115.35633087158205,123.93409729003906,205.1399078369141,16.987079620361328,320.010009765625,77.24655151367188,27.231204986572266,68.58999633789062,134.30984497070312,44.9283447265625,179.5399932861328,50.11868667602539,10.79462718963623,37.38931655883789,113.0954132080078,163.07177734375,54.06710433959961,44.48955154418945,162.0615692138672,51.95991134643555,77.30561828613281,588.478759765625,162.6020050048828,49.3725700378418,73.56999969482422,38.380001068115234,40.2400016784668,45.54999923706055,26.549999237060547,10.949999809265137,55.27000045776367,94.6999969482422,35.099998474121094,23.15999984741211,9.449999809265137,126.77999877929688,41.63889694213867,88.21129608154297,119.98999786376952,54.25503158569336,89.70999908447266,67.50406646728516,31.649999618530273,7.110000133514404,115.08000183105467,64.41999816894531,48.41999816894531,117.20999908447266,79.44999694824219,144.52999877929688,191.75,74.55999755859375,49.15999984741211,72.16000366210938,137.3300018310547,130.17721557617188,393.5799865722656,169.60000610351562,104.22772216796876,244.7772979736328,393.2336120605469,309.55224609375,330.6400146484375,82.55654907226562,92.3883056640625,39.95182800292969,30.430936813354492,41.05606842041016,338.19708251953125,77.09030151367188,16.459360122680664,31.58827209472656,138.44277954101562,32.73623275756836,58.51025390625,3.0411641597747803,4.4972991943359375,5.9304890632629395,16.022796630859375,39.84562301635742,25.822162628173828,83.73800659179688,193.10324096679688,302.42962646484375,465.4947509765625,47.01478958129883,142.04644775390625,95.9606704711914,153.2722625732422,30.103647232055664,110.57135772705078,101.7593765258789,44.63703918457031,31.528234481811523,179.0500030517578,92.24049377441406,60.56782150268555,53.87621307373047,90.40513610839844,106.97151947021484,101.71031951904295,245.4535675048828
2022-12-12,142.82931518554688,247.935791015625,90.5500030517578,93.1189422607422,114.1718978881836,125.85649871826172,210.9294281005859,17.520645141601562,315.17999267578125,78.62007141113281,27.665128707885746,70.66999816894531,136.28273010253906,45.707122802734375,186.27000427246097,51.20166015625,11.02395248413086,37.59443664550781,115.14737701416016,166.08505249023438,54.54007339477539,45.8829345703125,165.50108337402344,53.09598922729492,77.05653381347656,600.5791015625,165.81150817871094,50.72224426269531,73.80000305175781,38.380001068115234,42.599998474121094,48.20000076293945,27.030000686645508,11.510000228881836,58.02000045776367,95.58000183105467,35.439998626708984,23.61000061035156,9.460000038146973,129.52000427246094,41.715232849121094,86.347412109375,116.5999984741211,53.417762756347656,86.06999969482422,66.7152099609375,33.31999969482422,7.289999961853027,118.54000091552734,68.48999786376953,50.91999816894531,121.23999786376952,80.88999938964844,150.8800048828125,203.17999267578125,76.98999786376953,54.06999969482422,73.69000244140625,143.7899932861328,132.16299438476562,401.6400146484375,172.72999572753906,105.26717376708984,251.6580810546875,404.0030517578125,321.19012451171875,338.1700134277344,84.07905578613281,92.86600494384766,40.29024124145508,30.759864807128903,41.8889045715332,342.00146484375,77.54423522949219,16.640422821044922,32.05280685424805,139.25442504882812,33.848453521728516,58.8932991027832,3.049682855606079,4.534087657928467,6.068408012390137,15.982928276062012,40.83628463745117,26.56360244750977,84.21109008789062,196.2710876464844,309.50726318359375,469.9856872558594,47.89160919189453,139.94764709472656,98.32398986816406,154.8688507080078,30.451923370361328,112.74335479736328,103.3872299194336,46.661251068115234,32.76033401489258,167.82000732421875,93.50487518310548,61.95140075683594,55.195560455322266,94.15970611572266,112.57902526855467,105.8804168701172,251.37545776367188
2022-12-13,143.79806518554688,252.26589965820312,92.48999786376952,95.3981475830078,119.5864028930664,125.73456573486328,209.40586853027344,18.057207107543945,320.3399963378906,77.92363739013672,27.70370101928711,71.6500015258789,137.52490234375,46.02235412597656,187.1300048828125,50.99860763549805,11.114042282104492,37.86791229248047,117.31333923339844,166.10377502441406,54.43169403076172,47.03322219848633,168.6043701171875,54.47052764892578,77.13317108154297,618.5772094726562,166.99948120117188,51.22380828857422,73.69999694824219,38.779998779296875,38.689998626708984,49.75,26.979999542236328,11.600000381469728,58.2400016784668,93.33999633789062,37.970001220703125,26.420000076293945,9.40999984741211,131.60000610351562,41.715232849121094,88.27890014648438,119.16000366210938,53.78058242797851,88.73999786376953,67.33090209960938,32.25,7.5,120.98999786376952,70.5199966430664,51.7400016784668,123.76000213623048,80.375,150.5800018310547,206.05999755859375,79.70999908447266,58.029998779296875,74.05000305175781,143.91000366210938,134.65512084960938,416.1700134277344,177.3300018310547,106.67578887939452,249.53578186035156,421.3225402832031,323.9787902832031,342.4599914550781,85.54619598388672,95.17497253417967,40.06462860107422,30.77865982055664,42.63937759399414,347.19012451171875,75.09110260009766,16.485227584838867,31.976791381835938,137.47462463378906,34.0245475769043,58.98905944824219,3.0630393028259277,4.589269161224365,6.068408012390137,16.144392013549805,40.817230224609375,26.667980194091797,85.71553039550781,202.14732360839844,314.1406555175781,470.48681640625,47.720123291015625,140.7311553955078,99.39908599853516,158.3174591064453,31.264570236206055,115.83321380615234,104.89485168457033,48.51439666748047,35.339134216308594,160.9499969482422,93.54438018798828,62.19328689575195,56.00885391235352,94.21504974365234,112.45773315429688,105.79473876953124,253.84695434570312
2022-12-14,141.5640411376953,252.56048583984375,91.58000183105467,94.8606948852539,121.01962280273438,125.10629272460938,209.6811065673828,17.659528732299805,317.8299865722656,79.14241027832031,27.250490188598633,68.93000030517578,136.87640380859375,45.707122802734375,188.25,50.17942810058594,11.04033088684082,37.46745300292969,115.62237548828124,164.53163146972656,53.79121017456055,46.27229690551758,164.94383239746094,54.79484558105469,76.66373443603516,606.3585815429688,165.17514038085938,49.92885208129883,72.62999725341797,38.2400016784668,40.189998626708984,51.029998779296875,27.469999313354492,11.890000343322754,58.5,93.93000030517578,37.95000076293945,26.219999313354492,9.539999961853027,132.02999877929688,41.743858337402344,87.79602813720703,119.22000122070312,54.487606048583984,90.01000213623047,70.2072982788086,33.130001068115234,7.349999904632568,120.56999969482422,70.91000366210938,52.31999969482422,123.13999938964844,80.11499786376953,149.1999969482422,210.6499938964844,80.4800033569336,59.54999923706055,73.22000122070312,149.85000610351562,133.79132080078125,418.3900146484375,179.2899932861328,106.57864379882812,247.5181579589844,412.0086975097656,322.9441833496094,339.9200134277344,83.5069580078125,94.61764526367188,39.6510124206543,30.336952209472656,42.081092834472656,339.3647155761719,74.67579650878906,16.295541763305664,31.630502700805664,139.21531677246094,32.764041900634766,58.60601806640625,3.0808475017547607,4.589269161224365,5.994852066040039,16.19223403930664,39.70273971557617,26.196880340576172,85.93316650390625,202.9990997314453,314.6502685546875,465.9765930175781,47.45481491088867,142.26097106933594,98.66690063476562,157.22264099121094,31.07703399658203,115.80562591552734,104.3954086303711,47.92518997192383,34.909332275390625,156.8000030517578,93.0010986328125,61.61276626586914,55.95463562011719,93.43092346191406,111.71131134033205,105.62335205078124,240.22950744628906
2022-12-15,134.93116760253906,244.4991912841797,88.44999694824219,90.7700653076172,115.60516357421876,122.00231170654295,204.36338806152344,16.93811798095703,290.4100036621094,77.44967651367188,26.180139541625977,66.52999877929688,130.0261993408203,44.64094543457031,183.72000122070312,48.54105758666992,10.671774864196776,36.74467468261719,110.8059539794922,159.09466552734375,51.27851867675781,44.0804328918457,159.57318115234375,53.22666931152344,74.77626037597656,577.2940673828125,159.00404357910156,47.75843811035156,69.7699966430664,36.38999938964844,37.97999954223633,48.04999923706055,26.239999771118164,11.350000381469728,55.25,90.61000061035156,36.20000076293945,25.15999984741211,8.760000228881836,125.97000122070312,40.35081100463867,83.25701904296875,113.6999969482422,52.70143508911133,87.1500015258789,68.59112548828125,27.90999984741211,7.010000228881836,114.98999786376952,67.9800033569336,49.060001373291016,117.16999816894533,76.29499816894531,142.64999389648438,203.7100067138672,78.30500030517578,56.310001373291016,70.19999694824219,146.22999572753906,129.51197814941406,400.6400146484375,175.4199981689453,102.56652069091795,236.77345275878903,389.9880981445313,310.3405456542969,328.7099914550781,81.00636291503906,90.42767333984376,38.88957595825195,29.857654571533203,40.83641815185547,329.4299011230469,74.42469787597656,15.924797058105469,31.900779724121097,137.10304260253906,32.07817840576172,57.16959381103515,3.0630393028259277,4.405330181121826,5.60867977142334,15.681928634643556,37.511844635009766,24.792818069458008,89.2164535522461,199.08482360839844,309.1486511230469,447.07806396484375,47.030967712402344,137.68092346191406,97.72158813476562,156.04574584960938,30.612668991088867,116.44934844970705,104.09943389892578,47.6210823059082,35.043052673339844,157.6699981689453,89.38575744628906,61.10963439941406,55.64739608764648,93.60621643066406,111.88856506347656,105.55669403076172,233.4681396484375
2022-12-16,132.96401977539062,240.2574462890625,87.86000061035156,90.4316864013672,118.86976623535156,121.24270629882812,203.36080932617188,16.557432174682617,290.7099914550781,76.97571563720703,25.95835876464844,65.41000366210938,128.01681518554688,44.325721740722656,184.6999969482422,47.82659149169922,9.926469802856444,35.30887985229492,108.8014907836914,158.66421508789062,51.308082580566406,43.86894607543945,160.27455139160156,53.02729797363281,73.51408386230469,565.4595336914062,157.6177215576172,47.53956985473633,69.26000213623047,36.09000015258789,36.599998474121094,47.91999816894531,25.969999313354492,11.09000015258789,52.52000045776367,89.56999969482422,36.04999923706055,24.799999237060547,8.470000267028809,126.31999969482422,39.11995697021485,83.81714630126953,112.58999633789062,52.64561462402344,87.02999877929688,68.59112548828125,27.6200008392334,6.900000095367432,111.5,67.91999816894531,47.540000915527344,114.20999908447266,75.5,142.4499969482422,203.1000061035156,77.83000183105469,56.27000045776367,69.86000061035156,147.25999450683594,127.35742950439452,394.3699951171875,175.22000122070312,102.3528060913086,235.11752319335935,378.628662109375,306.8619689941406,338.5400085449219,80.14822387695312,89.83052825927734,38.72037124633789,29.79186630249023,40.58930969238281,326.15289306640625,75.51605987548828,15.942039489746094,31.351781845092773,139.21531677246094,31.966957092285156,57.07383728027344,3.0363266468048096,4.258179664611816,5.25009298324585,15.622126579284668,37.38800811767578,24.68197250366211,87.23890686035156,197.2855529785156,305.1285705566406,444.7073364257813,46.18650817871094,136.60821533203125,97.0357437133789,153.92910766601562,30.076854705810547,115.65848541259766,102.1478500366211,46.927345275878906,34.240753173828125,150.22999572753906,88.98076629638672,60.500091552734375,54.29190444946289,92.8405303955078,111.37541961669922,104.49038696289062,235.75914001464844
2022-12-19,130.8486328125,236.09423828125,84.91999816894531,88.72974395751953,113.94298553466795,121.9647979736328,201.3261260986328,16.240692138671875,288.29998779296875,77.86559295654297,25.8330020904541,64.58999633789062,126.83854675292967,43.94559860229492,185.67999267578125,48.0791130065918,9.57429313659668,34.595863342285156,106.97752380371094,156.84877014160156,50.96320343017578,43.35211181640625,158.6604461669922,52.86571502685547,73.32140350341797,559.8375854492188,154.29632568359375,46.49995803833008,68.94999694824219,35.5,35.16999816894531,46.310001373291016,24.950000762939453,10.31999969482422,51.439998626708984,85.93000030517578,34.380001068115234,24.170000076293945,8.1899995803833,125.91000366210938,39.444366455078125,84.17447662353516,112.08000183105467,53.20379257202149,86.94999694824219,68.26404571533203,27.190000534057617,6.349999904632568,108.08999633789062,65.3499984741211,45.06999969482422,112.2699966430664,75.26000213623047,138.10000610351562,193.36000061035156,76.05000305175781,54.220001220703125,69.08999633789062,139.1699981689453,128.09214782714844,382.2999877929687,170.0399932861328,101.32306671142578,233.22366333007812,377.1927185058594,305.0783386230469,328.760009765625,78.93946075439453,88.0191879272461,39.31259536743164,30.130197525024418,40.20492935180664,324.51434326171875,75.58365631103516,15.39885711669922,31.275768280029297,138.4916534423828,31.4942569732666,56.499267578125,3.0363266468048096,4.230588436126709,5.342037677764893,15.486577033996582,37.14987564086914,24.5341739654541,85.25190734863281,194.443115234375,299.45703125,441.9897155761719,46.20268249511719,134.92916870117188,97.47135162353516,154.98745727539062,30.31797218322754,115.4377899169922,102.1478500366211,47.3549919128418,34.44132614135742,149.8699951171875,84.73323822021484,60.38399124145508,53.5509033203125,92.81285858154295,111.69264221191406,105.74712371826172,226.5175018310547
2022-12-20,130.7794647216797,237.4198303222656,85.19000244140625,89.20746612548828,116.54074096679688,122.55558776855467,201.8568878173828,16.07183074951172,288.19000244140625,78.29120635986328,25.495506286621097,65.05000305175781,129.03976440429688,43.91778564453125,188.2899932861328,49.47726821899414,9.394109725952148,34.3809814453125,106.49302673339844,155.42633056640625,49.938419342041016,43.22067642211914,157.88221740722656,52.32612228393555,72.8589096069336,554.4716186523438,153.56463623046875,47.16569137573242,68.76000213623047,35.9900016784668,34.970001220703125,46.959999084472656,24.959999084472656,10.359999656677246,51.33000183105469,87.62000274658203,33.619998931884766,24.440000534057617,8.210000038146973,127.0999984741211,39.091331481933594,82.9769515991211,108.11000061035156,52.48746109008789,85.6500015258789,67.06153106689453,27.579999923706055,6.309999942779541,109.83000183105467,66.2699966430664,46.5099983215332,113.54000091552734,74.63999938964844,141.2100067138672,200.1300048828125,75.9800033569336,54.099998474121094,68.55999755859375,138.02000427246094,127.53614807128906,386.4700012207031,172.08999633789062,101.50763702392578,232.12918090820312,380.6940307617187,299.3924865722656,338.2200012207031,78.57958984375,88.59642791748047,38.52295684814453,30.25236701965332,40.0951042175293,324.4013977050781,76.83919525146484,15.579916954040527,31.241987228393555,137.23992919921875,31.892803192138672,56.21197891235352,3.0363266468048096,4.212194919586182,5.296065330505371,15.448702812194824,37.10225296020508,24.580360412597656,84.21109008789062,192.2323303222656,297.1072998046875,441.20904541015625,46.607120513916016,133.62326049804688,98.8800811767578,157.5328369140625,30.43406105041504,116.32058715820312,104.19190979003906,49.18912887573242,35.74028396606445,137.8000030517578,85.9581069946289,60.34528732299805,53.641265869140625,94.68553924560548,113.7173080444336,107.59416198730467,226.67282104492188
2022-12-21,133.8932342529297,240.0021514892578,86.7699966430664,89.82454681396484,119.1982192993164,123.93409729003906,203.2821502685547,16.487489700317383,297.9599914550781,78.83287048339844,25.871572494506836,67.68000030517578,129.8252410888672,44.18665313720703,196.0,51.10947036743164,9.648004531860352,35.064697265625,108.85848999023438,157.8968505859375,50.44095230102539,44.25929260253906,160.84140014648438,53.9814567565918,74.32341766357422,571.9970092773438,157.33851623535156,46.45372009277344,69.20999908447266,36.189998626708984,35.150001525878906,46.90999984741211,25.36000061035156,10.479999542236328,52.91999816894531,87.06999969482422,33.95000076293945,25.13999938964844,8.640000343322754,134.3300018310547,39.387115478515625,84.80220794677734,113.29000091552734,54.0689697265625,85.93000030517578,69.53388977050781,28.09000015258789,6.5,107.3499984741211,67.94000244140625,46.5099983215332,112.7699966430664,73.70999908447266,146.75,200.3800048828125,77.16999816894531,56.58000183105469,69.93000030517578,139.6199951171875,129.37298583984375,391.9100036621094,170.0800018310547,101.8087921142578,235.1080017089844,386.84088134765625,305.8371276855469,341.3800048828125,80.15746307373047,89.15375518798828,38.654563903808594,30.71287727355957,41.010311126708984,329.7406921386719,78.4714126586914,15.648892402648926,31.90921401977539,138.34495544433594,32.51378631591797,56.499267578125,3.125368356704712,4.26737642288208,5.369622230529785,15.432756423950195,37.26417922973633,24.65425682067871,85.69661712646484,193.73489379882812,301.3727111816406,445.2951965332031,46.97272872924805,132.73709106445312,100.14978790283205,159.38490295410156,31.28243064880371,119.55758666992188,107.5493621826172,50.66215133666992,36.89596176147461,137.57000732421875,85.85932159423828,61.6611442565918,55.81005096435547,95.34050750732422,114.46372985839844,109.0603485107422,225.8282470703125
2022-12-22,130.7102508544922,233.87521362304688,83.79000091552734,87.84393310546875,116.5706024169922,122.52745819091795,201.56198120117188,15.326441764831545,297.75,77.8559341430664,25.042293548583984,63.86000061035156,128.67442321777344,43.871429443359375,188.25,50.36420440673828,9.263067245483398,32.74983215332031,105.14407348632812,154.1255645751953,48.70671081542969,40.42896270751953,157.32498168945312,53.198509216308594,72.53132629394531,547.3729248046875,151.63917541503906,46.42597961425781,68.56999969482422,34.68000030517578,34.59000015258789,44.97999954223633,24.63999938964844,10.100000381469728,51.36000061035156,84.87000274658203,33.459999084472656,24.719999313354492,8.680000305175781,127.3499984741211,38.280311584472656,84.95673370361328,112.73999786376952,53.650333404541016,85.48999786376953,69.43769073486328,26.43000030517578,6.320000171661377,103.97000122070312,67.80999755859375,45.31999969482422,109.36000061035156,71.57499694824219,140.3699951171875,196.1699981689453,72.94999694824219,54.2400016784668,65.94000244140625,127.26000213623048,128.27088928222656,379.94000244140625,165.61000061035156,101.01219940185548,227.6085968017578,377.61566162109375,299.3629455566406,336.5199890136719,79.69609832763672,87.34242248535156,38.24094772338867,30.440332412719727,40.25984191894531,325.4277648925781,78.03678894042969,15.752358436584473,32.35686111450195,136.4478302001953,32.27281188964844,55.63740921020508,3.143176794052124,4.239785671234131,5.360427379608154,15.303186416625977,37.283233642578125,24.62654685974121,86.14132690429688,190.5957946777344,298.3151550292969,442.0667114257813,46.42269515991211,131.85093688964844,98.12936401367188,156.9945831298828,30.7287540435791,116.14588928222656,104.4231414794922,48.83750915527344,35.854896545410156,125.3499984741211,85.61236572265625,59.79378890991211,54.31901168823242,92.7390594482422,111.60868072509766,106.29931640625,219.37269592285156
2022-12-23,130.344482421875,234.40541076660156,85.25,89.3866195678711,117.48628997802734,123.1088638305664,202.31886291503903,15.193551063537598,294.9599914550781,78.20414733886719,25.158008575439453,64.5199966430664,129.377685546875,44.019771575927734,189.05999755859375,50.376522064208984,9.304017066955566,33.0428581237793,105.29605102539062,153.82615661621094,49.4654426574707,40.72642135620117,157.41146850585938,53.13502883911133,72.15557098388672,542.863525390625,151.793212890625,46.703372955322266,69.02999877929688,33.709999084472656,35.4900016784668,44.75,24.63999938964844,10.210000038146973,50.689998626708984,85.25,33.130001068115234,24.530000686645508,8.579999923706055,126.94000244140624,38.32801818847656,82.71620178222656,111.61000061035156,52.506065368652344,84.02999877929688,68.38910675048828,26.75,6.289999961853027,101.98999786376952,67.04000091552734,43.779998779296875,108.77999877929688,70.63500213623047,138.49000549316406,197.47000122070312,72.41999816894531,53.900001525878906,65.88999938964844,127.22000122070312,128.51910400390625,381.8599853515625,164.63999938964844,100.54589080810548,229.3026123046875,378.1467895507813,300.7228088378906,338.45001220703125,79.45618438720703,88.80542755126953,38.52295684814453,30.515522003173828,40.5069465637207,325.3618469238281,78.97361755371094,15.786847114562988,32.441322326660156,136.927001953125,32.569400787353516,55.92470169067383,3.160984992980957,4.26737642288208,5.415594577789307,15.33707332611084,37.26417922973633,24.71891975402832,85.74393463134766,193.20851135253903,300.7781982421875,445.86383056640625,46.51652526855469,133.52996826171875,100.72439575195312,161.84820556640625,31.264570236206055,120.10936737060548,108.93699645996094,50.358036041259766,37.3353157043457,123.1500015258789,86.93602752685547,61.87399673461914,56.48780059814453,95.8847885131836,116.0405502319336,109.60304260253906,220.3240509033203
2022-12-27,128.53550720214844,232.66748046875,83.04000091552734,87.51549530029297,116.33173370361328,123.54024505615234,202.77101135253903,14.109437942504885,284.1700134277344,78.32988739013672,25.01336669921875,63.27000045776367,130.0810089111328,44.06612777709961,189.3999938964844,51.02324295043945,9.172975540161133,32.54472351074219,103.98507690429688,153.2646942138672,49.2880744934082,40.06826400756836,155.83580017089844,53.24179458618164,71.60636901855469,528.8924560546875,148.0482177734375,48.13655853271485,68.33000183105469,33.38999938964844,32.650001525878906,44.59000015258789,24.399999618530273,9.869999885559082,48.43000030517578,83.48999786376953,32.5,23.43000030517578,8.5600004196167,121.33999633789062,38.242149353027344,86.78199768066406,116.4800033569336,54.70157623291016,85.19999694824219,70.36122131347656,26.329999923706055,6.0,100.66000366210938,64.95999908447266,42.58000183105469,107.56999969482422,69.6050033569336,137.75999450683594,188.8500061035156,70.56999969482422,52.41999816894531,65.45999908447266,124.83000183105467,129.73043823242188,380.6400146484375,163.39999389648438,100.39045715332033,229.38824462890625,376.78948974609375,297.2245178222656,335.0899963378906,78.48731231689453,86.97418212890625,38.57936477661133,30.5719051361084,40.625919342041016,322.0283508300781,79.40824127197266,15.916178703308104,33.150794982910156,137.87559509277344,32.439640045166016,55.350128173828125,3.169889211654663,4.248981952667236,5.424788951873779,15.05799961090088,37.54042053222656,25.005271911621097,85.81962585449219,193.0458221435547,301.5520324707031,441.8643798828125,46.52946853637695,135.7686767578125,102.12387084960938,163.88270568847656,31.291357040405273,121.461181640625,110.2585678100586,50.84270477294922,37.507232666015625,109.0999984741211,85.31603240966797,62.24166488647461,57.14746856689453,96.47518157958984,117.94393157958984,111.22157287597656,207.8983154296875
2022-12-28,124.59137725830078,230.281494140625,81.81999969482422,86.05241394042969,115.07763671875,124.21542358398438,201.49317932128903,14.024508476257324,276.8800048828125,77.70116424560547,24.627656936645508,62.56999969482422,127.88893127441406,43.639652252197266,188.3800048828125,50.48738861083984,8.968220710754395,31.773107528686523,101.61962127685548,150.84097290039062,48.4012451171875,39.805397033691406,153.99114990234375,52.40980529785156,70.39237976074219,523.4379272460938,146.0457305908203,47.20267105102539,67.55000305175781,32.63999938964844,32.529998779296875,45.290000915527344,24.59000015258789,10.119999885559082,46.849998474121094,82.48999786376953,31.290000915527344,22.86000061035156,8.550000190734863,120.4000015258789,38.089481353759766,84.21309661865234,111.5999984741211,52.23628234863281,81.41999816894531,68.94706726074219,26.15999984741211,6.070000171661377,99.95999908447266,65.37999725341797,42.220001220703125,107.86000061035156,68.66500091552734,138.4199981689453,188.80999755859375,69.83999633789062,52.77000045776367,65.36000061035156,123.3000030517578,127.55599975585938,376.0499877929687,162.99000549316406,98.90412139892578,226.3619079589844,370.2885437011719,298.2198181152344,328.3299865722656,77.93367004394531,85.61070251464844,38.654563903808594,30.797462463378903,40.83641815185547,320.9924621582031,79.53378295898438,15.709246635437012,32.77916717529297,135.90997314453125,32.08743667602539,54.87131881713867,3.15208101272583,4.193800926208496,5.296065330505371,14.920456886291504,36.9212532043457,24.515697479248047,83.73800659179688,191.4667053222656,297.9471740722656,436.55426025390625,45.71412658691406,136.00189208984375,100.44636535644533,161.46502685546875,30.880577087402344,117.15744018554688,107.31758880615234,49.98740768432617,36.37065505981445,112.70999908447266,83.14288330078125,60.0647087097168,55.02386093139648,94.23350524902344,116.95491027832033,109.0317840576172,207.7817840576172
2022-12-29,128.12033081054688,236.6441192626953,84.18000030517578,88.53067779541016,119.69587707519533,124.92809295654295,204.5108337402344,14.591044425964355,291.1199951171875,78.73615264892578,25.273719787597656,64.81999969482422,128.8388214111328,44.038307189941406,188.91000366210935,51.58373260498047,9.451440811157228,32.8865852355957,104.34608459472656,154.42506408691406,49.90886306762695,41.5654182434082,157.5459747314453,53.65250778198242,73.22504425048828,542.9619140625,152.2264404296875,49.024208068847656,70.55999755859375,35.099998474121094,34.779998779296875,48.11000061035156,24.90999984741211,10.850000381469728,49.58000183105469,85.2300033569336,31.969999313354492,23.81999969482422,8.8100004196167,122.68000030517578,39.9023551940918,86.07699584960938,115.0999984741211,53.11076354980469,82.41000366210938,70.37084197998047,27.09000015258789,6.400000095367432,104.56999969482422,68.37000274658203,45.36000061035156,111.87000274658205,70.0999984741211,142.3800048828125,198.8500061035156,73.94000244140625,55.75,68.0,129.67999267578125,131.5970458984375,389.8500061035156,167.7899932861328,101.13848114013672,228.99806213378903,384.4215087890625,307.32513427734375,337.5799865722656,78.65341186523438,88.02912902832031,38.85198211669922,31.145187377929688,41.33062744140625,323.4031677246094,79.83319091796875,15.907551765441896,33.15924072265625,136.32069396972656,32.48598861694336,55.73317337036133,3.2233142852783203,4.304163932800293,5.443178176879883,15.287239074707031,37.93097305297851,24.97756576538086,85.7912368774414,193.5721893310547,302.3635559082031,439.96588134765625,45.99237060546875,138.399169921875,101.2063446044922,162.6875457763672,30.98773193359375,118.28856658935548,108.32273864746094,50.28200912475586,37.12519073486328,121.81999969482422,86.11614990234375,60.258209228515625,55.15941619873047,96.04161071777344,117.85995483398438,110.61223602294922,211.11148071289062
2022-12-30,128.43666076660156,235.47569274902344,84.0,88.31171417236328,119.77549743652344,125.75333404541016,204.21595764160156,14.602035522460938,294.8800048828125,79.06501770019531,25.485858917236328,64.7699966430664,128.68356323242188,44.16810607910156,190.4900054931641,51.60837173461914,9.525152206420898,32.85728073120117,104.44107055664062,154.61219787597656,49.36073303222656,41.5347785949707,157.59402465820312,53.77946853637695,71.77017211914062,537.97021484375,152.13980102539062,48.64510345458984,71.22000122070312,34.709999084472656,35.38999938964844,48.959999084472656,24.729999542236328,11.020000457763672,48.81999969482422,85.5,32.209999084472656,24.280000686645508,8.949999809265137,119.77999877929688,39.56840515136719,85.07261657714844,114.37999725341795,52.217674255371094,81.55000305175781,69.87059020996094,28.459999084472656,6.420000076293945,105.29000091552734,68.33000183105469,45.209999084472656,111.9000015258789,69.7699966430664,143.5399932861328,196.83999633789065,73.5,55.41999816894531,67.73999786376953,128.67999267578125,131.64669799804688,388.2699890136719,167.3300018310547,100.24474334716795,227.32308959960935,382.7987365722656,305.7878723144531,336.5299987792969,78.45040130615234,87.8101806640625,38.81437301635742,31.12639045715332,41.39469146728515,323.3560791015625,80.41266632080078,15.873062133789062,33.27748107910156,136.90745544433594,32.411834716796875,55.92470169067383,3.178793430328369,4.26737642288208,5.369622230529785,15.205510139465332,38.31199645996094,24.82052993774414,85.6303939819336,190.68194580078125,298.0698547363281,439.93695068359375,45.87590026855469,139.02413940429688,102.225830078125,163.75498962402344,31.193134307861328,119.10700988769533,109.82113647460938,50.80469512939453,37.583641052246094,123.18000030517578,85.81980895996094,60.945167541503906,55.584136962890625,96.01393127441406,118.3637924194336,110.8121566772461,210.51934814453125
2023-01-03,123.63253021240234,235.24002075195312,85.81999969482422,89.27713775634766,124.15486145019533,126.7098388671875,203.8522796630859,14.303278923034668,294.95001220703125,80.98021697998047,25.775144577026367,64.0199966430664,129.28639221191406,44.44624710083008,195.38999938964844,52.34132385253906,9.566102981567385,33.03308868408203,101.8381118774414,152.73126220703125,49.74590301513672,40.94185256958008,156.07598876953125,53.236026763916016,71.32698059082031,541.0911865234375,149.27090454101562,47.97012710571289,74.58000183105469,35.68000030517578,33.599998474121094,50.41999816894531,25.36000061035156,11.119999885559082,48.36000061035156,84.9000015258789,33.68000030517578,22.88999938964844,8.850000381469727,113.55999755859376,40.217227935791016,88.82937622070312,119.12999725341795,53.62242889404297,84.52999877929688,73.54544830322266,27.850000381469727,6.389999866485596,103.27999877929688,69.55000305175781,43.02000045776367,110.19000244140624,69.2249984741211,135.5,190.75,72.08999633789062,56.75,66.66000366210938,126.5,133.82110595703125,385.5,169.35000610351562,101.01219940185548,226.18104553222656,384.7263793945313,300.1906433105469,336.9200134277344,79.0963134765625,88.69595336914062,39.28439712524414,31.492919921875,41.89805603027344,326.03045654296875,79.13780975341797,16.157590866088867,33.88559341430664,135.96864318847656,33.224464416503906,55.445892333984375,3.232218980789185,4.313360691070557,5.461567401885986,15.27926540374756,38.959739685058594,24.70968437194824,87.03074645996094,190.4905242919922,298.1169738769531,436.8338317871094,46.46152114868164,141.5333709716797,98.7132568359375,158.7371368408203,30.64838600158691,114.44461822509766,105.27938842773438,48.942047119140625,35.969512939453125,108.0999984741211,87.88431549072266,59.068138122558594,52.52072525024414,93.20030975341795,112.0005340576172,105.60430908203124,208.22836303710938
2023-01-04,124.90769958496094,224.9498748779297,85.13999938964844,88.29180908203125,126.77252197265624,127.89143371582033,208.98321533203125,14.73692512512207,309.4100036621094,81.71534729003906,26.691205978393555,64.66000366210938,130.24542236328125,44.43689727783203,203.63999938964844,55.38780975341797,9.83637809753418,33.88284683227539,105.95154571533205,158.30860900878906,53.5284423828125,41.74823760986328,159.40025329589844,53.88623046875,73.5333480834961,562.0233154296875,152.07241821289062,48.534149169921875,77.69000244140625,37.540000915527344,37.70000076293945,52.119998931884766,25.90999984741211,11.489999771118164,48.93000030517578,88.72000122070312,35.61000061035156,23.780000686645508,9.300000190734863,117.11000061035156,41.11412048339844,100.36038970947266,131.75999450683594,61.49275970458984,91.05999755859376,79.43295288085938,29.040000915527344,6.579999923706055,104.36499786376952,70.18000030517578,43.04999923706055,111.58999633789062,69.2699966430664,130.44000244140625,187.2100067138672,68.95999908447266,56.27000045776367,67.6500015258789,126.4000015258789,138.5968780517578,393.8500061035156,171.22000122070312,103.8391342163086,227.24696350097656,385.1099548339844,299.47125244140625,341.4100036621094,79.95445251464844,87.66090393066406,40.09283447265625,32.08499526977539,42.977996826171875,327.4241638183594,80.49958038330078,16.502471923828125,34.73865509033203,136.8683319091797,34.17720031738281,56.116214752197266,3.303452253341675,4.350147724151611,5.525929927825928,15.508504867553713,38.997840881347656,25.14383316040039,88.57303619384766,192.73959350585935,301.7218933105469,439.9947814941406,46.51329040527344,142.4568328857422,99.00056457519533,157.04933166503906,30.166154861450195,114.36185455322266,105.484130859375,49.13211441040039,36.70494842529297,113.63999938964844,90.85758209228516,59.126197814941406,53.2255859375,92.87743377685548,111.60868072509766,105.28060913085938,217.0331573486328
2023-01-05,123.58309936523438,218.28285217285156,83.12000274658203,86.36095428466797,126.34453582763672,127.86309051513672,207.50881958007812,14.25331974029541,309.70001220703125,81.5509033203125,26.57549285888672,62.33000183105469,128.88449096679688,43.810768127441406,204.9900054931641,56.24782180786133,10.03294277191162,34.18563461303711,103.92809295654295,156.21243286132812,54.03213119506836,41.214603424072266,153.42430114746094,53.3841438293457,72.96490478515625,556.5983276367188,147.7882537841797,49.45878601074219,76.2699966430664,35.95000076293945,33.529998779296875,50.189998626708984,25.549999237060547,11.359999656677246,47.130001068115234,87.70999908447266,35.099998474121094,23.59000015258789,9.140000343322754,119.55999755859376,41.12366485595703,100.99778747558594,132.52999877929688,61.306697845458984,95.43000030517578,78.94232940673828,29.979999542236328,6.320000171661377,94.88999938964844,66.76000213623047,38.90999984741211,104.38999938964844,67.55500030517578,121.55999755859376,172.17999267578125,63.5,53.93000030517578,65.62000274658203,119.97000122070312,135.37002563476562,366.3200073242187,160.19000244140625,103.12996673583984,222.34573364257812,369.4231262207031,290.3265686035156,328.44000244140625,79.28086853027344,85.78984069824219,39.87662124633789,32.019203186035156,42.78580093383789,323.7138977050781,80.26780700683594,16.562824249267578,35.22007369995117,141.28848266601562,34.54148864746094,55.82893753051758,3.2945480346679688,4.313360691070557,5.516734600067139,15.448702812194824,38.9311637878418,25.134593963623047,88.73388671875,192.14620971679688,297.7018127441406,433.8558654785156,46.35475158691406,143.8933563232422,101.21561431884766,159.8775634765625,30.273324966430664,114.38024139404295,108.67638397216795,50.05392837524414,37.20160675048828,110.33999633789062,90.79830169677734,60.20016098022461,54.37322616577149,95.03607940673828,118.11186981201172,110.18379974365234,212.2181854248047
2023-01-06,128.13021850585938,220.8553924560547,86.08000183105469,87.7444076538086,129.41009521484375,130.309814453125,214.0355529785156,14.846834182739258,315.54998779296875,82.85673522949219,27.70370101928711,63.959999084472656,131.25010681152344,45.15648651123047,213.0,56.76067352294922,10.303216934204102,35.07445526123047,109.57097625732422,163.9140167236328,56.06660079956055,44.00236129760742,159.02557373046875,56.59766387939453,75.21945190429688,586.6572875976562,153.68017578125,51.6964111328125,76.4800033569336,36.849998474121094,33.2599983215332,50.119998931884766,26.399999618530273,11.9399995803833,48.0,88.5199966430664,35.880001068115234,24.459999084472656,9.220000267028809,120.58999633789062,43.0414924621582,103.72119140625,133.05999755859375,59.81822204589844,95.95999908447266,78.4132308959961,28.8799991607666,6.400000095367432,94.72000122070312,68.02999877929688,39.900001525878906,103.95999908447266,67.42500305175781,124.05999755859376,169.82000732421875,64.13999938964844,54.540000915527344,69.51000213623047,121.27999877929688,139.5103302001953,366.5299987792969,161.13999938964844,105.99577331542967,228.5603179931641,380.1432495117187,282.47259521484375,332.75,80.79413604736328,86.92440795898438,40.23384094238281,32.3387451171875,43.29832077026367,327.781982421875,81.64888763427734,16.838726043701172,35.633934020996094,145.28814697265625,35.391483306884766,57.36111831665039,3.347973108291626,4.442117691040039,5.627069473266602,16.22412872314453,40.40763092041016,26.196880340576172,90.51273345947266,192.3376007080078,299.6457824707031,465.3502502441406,47.49040603637695,149.3875274658203,102.43897247314452,161.08184814453125,30.77340507507324,117.22180938720705,110.03520965576172,51.79304122924805,38.40504837036133,113.05999755859376,92.7739028930664,61.68048858642578,55.331111907958984,97.50838470458984,119.01691436767578,111.22157287597656,215.1595916748047
2023-01-09,128.65414428710938,223.0057373046875,87.36000061035156,88.38139343261719,128.8626708984375,129.7713165283203,214.8710174560547,15.615204811096191,315.1700134277344,83.90530395507812,28.26298141479492,67.23999786376953,131.1131134033203,45.39947509765625,208.57000732421875,57.33663558959961,10.393308639526367,35.084232330322266,108.8774871826172,165.33641052246094,55.66168212890625,44.709922790527344,160.54356384277344,55.48769760131836,77.3776626586914,611.7442016601562,154.97019958496094,51.16936111450195,77.08000183105469,37.189998626708984,38.27000045776367,50.47999954223633,27.399999618530273,12.699999809265137,48.04999923706055,89.23999786376953,38.75,24.8799991607666,9.199999809265137,120.98999786376952,41.52440643310547,107.03370666503906,133.38999938964844,58.729774475097656,95.5199966430664,76.49881744384766,30.770000457763672,6.5,96.56999969482422,69.0199966430664,40.400001525878906,104.75,67.54000091552734,134.42999267578125,178.07000732421875,65.94000244140625,56.5099983215332,70.08000183105469,127.16999816894533,146.05348205566406,378.55999755859375,162.92999267578125,108.25926971435548,227.94171142578125,389.6039733886719,288.32611083984375,341.9800109863281,80.86795806884766,87.60118103027344,39.848419189453125,31.850048065185547,43.50882339477539,332.4150695800781,82.50846099853516,16.653303146362305,35.490665435791016,145.4837188720703,35.07390594482422,56.59502410888672,3.365781545639038,4.451315402984619,5.5902910232543945,16.469314575195312,40.274269104003906,26.455522537231445,90.16263580322266,190.8733367919922,299.9100341796875,461.3796691894531,46.89830780029297,145.84291076660156,100.52978515625,159.8227996826172,31.050249099731445,117.47930145263672,109.22549438476562,52.87641906738281,38.624717712402344,119.7699966430664,93.613525390625,61.99977493286133,56.20766067504883,94.1043701171875,119.9686050415039,110.21236419677734,217.45057678222656
2023-01-10,129.22747802734375,224.7043914794922,89.87000274658203,88.81930541992188,132.36618041992188,130.9333038330078,217.3185272216797,15.895974159240724,327.5400085449219,83.98297119140625,28.388336181640625,68.05000305175781,132.25479125976562,45.614410400390625,206.69000244140625,59.388038635253906,10.51616096496582,36.246543884277344,111.06246185302734,166.9459991455078,56.50115203857422,45.32064437866211,162.58033752441406,55.29917907714844,78.30262756347656,623.6181030273438,159.880126953125,52.204952239990234,77.91999816894531,36.5,43.22999954223633,50.41999816894531,28.040000915527344,13.3100004196167,48.040000915527344,88.54000091552734,40.86000061035156,25.940000534057617,9.420000076293944,126.93000030517578,43.02241134643555,110.9449691772461,134.75,59.21352767944336,94.08999633789062,79.46179962158203,32.0099983215332,6.699999809265137,95.66999816894533,67.98999786376953,41.79999923706055,104.97000122070312,67.09500122070312,137.94000244140625,182.08999633789065,66.7699966430664,58.04999923706055,70.86000061035156,132.16000366210938,146.3910369873047,380.8399963378906,160.2100067138672,110.18275451660156,229.1503448486328,383.04058837890625,293.9922790527344,338.70001220703125,82.04905700683594,87.99928283691406,39.82021713256836,32.06619644165039,44.10369873046875,336.52081298828125,82.69197082519531,17.02939796447754,35.988243103027344,146.2562713623047,35.38214111328125,56.59502410888672,3.4103024005889893,4.478905200958252,5.571901798248291,16.361671447753906,40.47431182861328,26.87120246887207,91.37377166748048,192.7491455078125,302.5711975097656,463.9334716796875,46.86919403076172,145.4884490966797,102.03118133544922,160.60740661621094,31.12168312072754,117.3505630493164,109.89559173583984,53.18052291870117,39.10227584838867,118.8499984741211,94.39388275146484,62.0675048828125,57.04806137084961,93.6984634399414,123.16886138916016,110.91690063476562,217.35350036621094
2023-01-11,131.95574951171875,231.49905395507812,95.08999633789062,91.82508087158205,132.26663208007812,131.9063262939453,218.31134033203125,15.98789882659912,327.260009765625,86.02186584472656,28.78369140625,69.05999755859375,132.67494201660156,45.988224029541016,208.02999877929688,61.297420501708984,10.827386856079102,36.94001770019531,112.46843719482422,167.3858184814453,57.34061813354492,45.8829345703125,163.1280059814453,55.6079216003418,78.79398345947266,634.7339477539062,162.44097900390625,52.898433685302734,78.54000091552734,36.439998626708984,43.790000915527344,51.529998779296875,28.350000381469727,13.84000015258789,51.79999923706055,94.44000244140624,42.349998474121094,27.010000228881836,9.65999984741211,134.69000244140625,44.472713470458984,111.0801773071289,138.6199951171875,58.64604187011719,93.0199966430664,80.90481567382812,32.900001525878906,6.980000019073486,97.0,64.9000015258789,43.529998779296875,108.0500030517578,68.3550033569336,139.7100067138672,188.82000732421875,69.02999877929688,59.599998474121094,70.01000213623047,141.77999877929688,143.8690948486328,393.7799987792969,163.9199981689453,111.59136962890624,233.214111328125,389.5744323730469,299.816162109375,342.92999267578125,82.51966094970703,91.08452606201172,40.17744064331055,32.310546875,44.57960510253906,343.2256164550781,80.56718444824219,16.9769229888916,35.32767105102539,145.5130615234375,35.44752883911133,57.456878662109375,3.4459187984466553,4.543283462524414,5.516734600067139,16.802207946777344,38.835906982421875,26.63103485107422,93.2756118774414,199.63031005859375,310.4697570800781,466.7378845214844,47.28009796142578,148.28683471679688,103.2174835205078,159.84107971191406,31.291357040405273,116.65164947509766,110.04449462890624,53.52263641357422,39.150028228759766,123.22000122070312,95.1544952392578,62.00944519042969,56.795040130615234,93.5600814819336,124.6523895263672,111.96417236328124,229.64334106445312
2023-01-12,131.87669372558594,234.1894073486328,95.2699966430664,91.47673034667967,136.06871032714844,131.77407836914062,219.80538940429688,16.497480392456055,330.1300048828125,86.1966323852539,29.20797348022461,70.80000305175781,132.9398193359375,45.79197311401367,214.32000732421875,62.22055435180664,10.999380111694336,37.43815612792969,115.50836944580078,166.693359375,56.56040954589844,46.45017623901367,162.0519561767578,55.97343063354492,83.82340240478516,642.4923706054688,163.86581420898438,53.41622543334961,79.77999877929688,36.7599983215332,47.54999923706055,52.720001220703125,29.030000686645508,14.550000190734863,52.029998779296875,98.48999786376952,43.22999954223633,26.440000534057617,9.640000343322754,131.6300048828125,44.300968170166016,109.27423095703124,136.52000427246094,58.7669792175293,93.45999908447266,82.0303726196289,33.18000030517578,7.010000228881836,97.9800033569336,65.8499984741211,43.47999954223633,104.66000366210938,68.30000305175781,142.13999938964844,190.61000061035156,69.20999908447266,58.70000076293945,69.91000366210938,146.47999572753906,148.53567504882812,413.260009765625,163.58999633789062,113.3497085571289,232.46229553222656,390.94427490234375,299.8457336425781,344.5400085449219,83.5346450805664,90.69638061523438,40.26203918457031,32.3951301574707,44.92738342285156,348.36724853515625,80.62516021728516,16.9769229888916,35.868133544921875,146.59854125976562,36.138729095458984,57.07383728027344,3.5260565280914307,4.616860389709473,5.820154666900635,17.157032012939453,38.03575897216797,26.37238883972168,93.81494140625,201.2286071777344,311.2907409667969,464.9260864257813,46.8530158996582,149.01441955566406,104.93206787109376,161.55625915527344,31.5324764251709,119.96223449707033,111.83143615722656,55.119197845458984,40.277061462402344,123.55999755859376,98.59202575683594,63.60587692260742,57.86135482788086,94.88848114013672,126.25720977783205,115.21076202392578,236.09890747070312
2023-01-13,133.21116638183594,234.8963623046875,98.12000274658205,92.36253356933594,136.3374481201172,135.09939575195312,219.25494384765625,16.885162353515625,332.82000732421875,86.60441589355469,29.03440284729004,71.0,133.2503662109375,45.67982482910156,214.1300048828125,63.27781295776367,10.417880058288574,35.660499572753906,114.22590637207033,167.51683044433594,56.224613189697266,46.80889892578125,162.3497772216797,55.69064712524414,83.6307144165039,649.5123291015625,165.4158172607422,52.94466018676758,79.4800033569336,38.88999938964844,49.97999954223633,54.02000045776367,29.440000534057617,14.489999771118164,52.34000015258789,100.37000274658205,43.45000076293945,26.690000534057617,9.800000190734863,134.6699981689453,44.13875961303711,113.00201416015624,138.97999572753906,59.16701126098633,97.0,85.00296783447266,33.209999084472656,6.960000038146973,99.52999877929688,69.76000213623047,43.93000030517578,107.3000030517578,69.43000030517578,140.8699951171875,197.52999877929688,70.47000122070312,58.34000015258789,69.48999786376953,148.0,148.44631958007812,414.8900146484375,167.14999389648438,113.67029571533205,233.50912475585935,387.5049133300781,300.0231018066406,344.3800048828125,84.57733154296875,91.68167877197266,41.568702697753906,33.10938262939453,45.6870002746582,352.19049072265625,80.1422348022461,17.099369049072266,35.91102981567383,146.3736114501953,36.3629035949707,57.07383728027344,3.534960985183716,4.626056671142578,5.571901798248291,17.093242645263672,38.27389144897461,25.781206130981445,93.50269317626952,203.0469512939453,312.5552673339844,467.6438293457031,47.008323669433594,153.53851318359375,104.86719512939452,161.9941864013672,31.75573348999023,119.80953216552734,113.05062103271484,55.38528823852539,40.74506378173828,122.4000015258789,98.1870346069336,63.18984603881836,57.46375274658203,95.0453109741211,127.01295471191406,116.08667755126952,235.14756774902344
2023-01-17,134.3776092529297,235.99606323242188,96.0500030517578,91.72555541992188,134.72503662109375,133.01161193847656,219.19595336914065,17.687509536743164,326.2200012207031,86.02186584472656,28.542621612548828,71.58999633789062,132.6110076904297,44.93220520019531,211.41000366210935,63.506629943847656,10.376928329467772,35.758174896240234,114.2638931274414,164.1385955810547,56.145606994628906,46.54405212402344,160.3610076904297,55.7137336730957,85.74073028564453,648.0355224609375,163.98133850097656,52.68576431274414,80.18000030517578,39.97999954223633,54.13999938964844,55.2599983215332,29.200000762939453,14.350000381469728,54.470001220703125,101.2699966430664,42.83000183105469,26.6200008392334,9.670000076293944,132.50999450683594,44.6253776550293,111.24435424804688,130.6199951171875,55.780723571777344,94.8499984741211,85.67637634277344,37.119998931884766,7.070000171661377,104.43000030517578,71.12000274658203,46.36000061035156,113.51000213623048,71.0,145.72000122070312,202.83999633789065,73.05999755859375,59.720001220703125,69.87000274658203,152.91000366210938,147.41371154785156,418.239990234375,166.69000244140625,112.89311981201172,225.3435516357422,384.53857421875,305.77801513671875,344.3800048828125,89.57852172851562,90.85562133789062,41.47469329833984,32.44211959838867,46.0439338684082,329.5146789550781,80.63480377197266,16.90694808959961,35.04456329345703,143.73326110839844,36.37224578857422,57.265357971191406,3.517152786254883,4.432921409606934,5.571901798248291,17.294572830200195,38.131004333496094,25.485610961914062,93.46485137939452,200.52037048339844,309.0825500488281,469.1086120605469,46.723594665527344,151.20648193359375,104.66329193115234,164.66729736328125,31.871822357177734,120.36479949951172,111.9058837890625,55.55635070800781,40.62090301513672,131.49000549316406,98.69081115722656,62.618995666503906,57.373382568359375,94.56560516357422,128.3938446044922,115.93433380126952,235.96302795410156
2023-01-18,133.65597534179688,231.5383148193359,95.45999908447266,91.34732818603516,132.39601135253906,129.015625,215.71636962890625,17.362773895263672,326.3299865722656,84.18687438964844,27.780841827392575,70.52999877929688,128.24513244628906,43.8294563293457,209.41000366210935,62.544044494628906,10.163984298706056,35.59212875366211,115.93585968017578,162.60391235351562,55.80982208251953,46.138885498046875,159.4867401123047,55.23761367797851,86.20320892333984,642.2265014648438,164.31829833984375,54.28538513183594,77.30999755859375,39.16999816894531,50.209999084472656,53.61000061035156,28.959999084472656,14.350000381469728,55.310001373291016,101.11000061035156,42.459999084472656,26.079999923706055,9.40999984741211,131.44000244140625,43.87159729003906,109.34183502197266,125.91999816894533,54.44108963012695,89.55000305175781,85.13764953613281,35.7599983215332,6.900000095367432,101.0,68.58999633789062,44.25,113.02999877929688,70.83999633789062,140.11000061035156,200.83999633789065,69.69999694824219,57.5,67.4800033569336,148.72999572753906,144.41519165039062,416.2000122070313,164.2899932861328,113.73829650878906,222.93576049804688,380.4684753417969,307.2265625,341.30999755859375,89.11714935302734,90.68643951416016,40.77906799316406,31.690279006958008,45.23855209350586,328.7331237792969,78.59696197509766,16.635807037353516,34.28963088989258,142.6771240234375,35.75577163696289,55.92470169067383,3.4192066192626953,4.396133899688721,5.544318199157715,17.278627395629883,38.121482849121094,25.43018913269043,92.3105010986328,199.5441741943359,305.4588623046875,462.0735168457031,45.56853103637695,150.02183532714844,102.51312255859376,161.69309997558594,31.559263229370117,119.18946838378906,110.33302307128906,54.29240798950195,38.77753829956055,128.77999877929688,97.83143615722656,62.328739166259766,56.587196350097656,94.75011444091795,126.44380950927734,115.49637603759766,236.67166137695312
2023-01-19,133.71530151367188,227.7286071777344,93.68000030517578,93.4673080444336,135.51132202148438,127.29629516601562,216.6501617431641,16.751272201538086,315.7799987792969,83.43927764892578,27.404773712158203,67.70999908447266,128.4369354248047,43.41825485229492,207.08999633789065,60.642555236816406,9.975610733032228,34.89864730834961,111.69893646240234,159.95559692382812,55.66168212890625,44.85420227050781,156.7293243408203,54.17285919189453,85.17227935791016,620.526611328125,158.85000610351562,53.8045768737793,76.75,38.060001373291016,49.41999816894531,52.099998474121094,29.030000686645508,14.210000038146973,54.650001525878906,99.0999984741211,41.810001373291016,26.770000457763672,9.619999885559082,128.97000122070312,43.451786041259766,112.58674621582033,128.17999267578125,55.27835464477539,90.22000122070312,85.8591537475586,33.40999984741211,6.730000019073486,99.8499984741211,67.66999816894531,42.70000076293945,110.37000274658205,70.3550033569336,135.24000549316406,189.30999755859375,67.43000030517578,53.9900016784668,66.83499908447266,148.88999938964844,145.3683624267578,428.4299926757813,167.5399932861328,112.36853790283205,222.05067443847656,373.10687255859375,300.358154296875,342.5299987792969,86.87493896484375,92.60725402832033,40.374847412109375,31.229772567749023,45.18363571166992,330.2962951660156,73.70999145507812,16.56583595275879,34.36684036254883,141.9338836669922,35.625,55.445892333984375,3.4281105995178223,4.304163932800293,5.452372074127197,17.5357723236084,37.58805084228515,24.903663635253903,90.55056762695312,193.4477996826172,293.3703918457031,452.45562744140625,44.91819763183594,148.40811157226562,103.17115020751952,163.3079376220703,31.73787498474121,121.50312042236328,111.3474578857422,54.529991149902344,38.38593673706055,127.16999816894533,97.8709487915039,63.53817367553711,57.90654373168945,96.2906723022461,129.1962432861328,117.32437896728516,232.1187744140625
2023-01-20,136.28541564941406,235.8684234619141,97.25,98.81198120117188,138.71621704101562,127.6080322265625,220.4836273193359,17.82439613342285,342.5,84.7111587524414,28.176197052001953,70.06999969482422,128.96670532226562,43.71731185913086,206.7599945068359,61.28953170776367,10.155795097351074,34.52749252319336,116.75284576416016,161.89268493652344,57.73566436767578,46.69327926635742,158.6892547607422,54.9000129699707,87.70626831054688,638.8394775390625,162.2195587158203,54.8679084777832,79.08999633789062,40.47999954223633,55.15999984741211,54.2599983215332,30.36000061035156,15.399999618530272,58.02000045776367,101.27999877929688,43.15999984741211,26.600000381469727,9.989999771118164,131.82000732421875,44.52042007446289,115.75438690185548,135.75,56.21796417236328,92.83999633789062,85.70523071289062,35.380001068115234,7.019999980926514,103.41000366210938,68.69999694824219,45.599998474121094,117.12000274658205,73.05000305175781,144.82000732421875,197.86000061035156,71.05000305175781,56.5099983215332,69.5,157.75,150.17393493652344,441.8299865722656,173.39999389648438,113.77715301513672,225.71473693847656,392.2944030761719,308.8919982910156,356.3800048828125,88.80342102050781,97.55359649658205,41.28668212890625,31.812442779541016,46.75778579711914,321.9058837890625,74.39571380615234,16.819482803344727,34.315364837646484,141.91433715820312,36.773887634277344,55.92470169067383,3.4815359115600586,4.239785671234131,5.222508430480957,17.798898696899414,38.350101470947266,25.781206130981445,91.4873046875,195.7447204589844,297.2583312988281,462.6902770996094,45.47146224975586,151.30911254882812,105.05255126953124,165.04135131835938,31.702150344848633,122.85427856445312,113.35773468017578,54.50148391723633,38.86349868774414,133.4199981689453,102.21724700927734,64.73790740966797,58.51198959350586,98.67074584960938,133.17091369628906,119.6950454711914,241.2245330810547
2023-01-23,139.4881591796875,238.18568420410156,97.5199966430664,100.73287963867188,142.5979461669922,129.67689514160156,220.3558349609375,19.17728614807129,357.4200134277344,86.38111877441406,29.18868637084961,76.52999877929688,129.56948852539062,44.39017105102539,209.97000122070312,62.93853759765625,10.483400344848633,35.59212875366211,124.47618865966795,166.7307586669922,61.05402755737305,48.49973678588867,163.00311279296875,55.94361114501953,92.16719818115234,665.600341796875,166.58070373535156,58.46474075317383,79.5,44.040000915527344,55.959999084472656,56.36000061035156,30.530000686645508,15.40999984741211,60.59000015258789,105.22000122070312,44.41999816894531,26.690000534057617,10.199999809265137,139.1199951171875,45.47456741333008,115.4356918334961,136.33999633789062,56.80405044555664,95.3000030517578,86.85003662109375,36.5099983215332,7.380000114440918,106.3000030517578,69.83000183105469,47.619998931884766,123.76000213623048,74.66999816894531,150.3000030517578,207.0500030517578,75.29000091552734,58.689998626708984,70.97000122070312,154.5800018310547,154.7610626220703,442.44000244140625,176.42999267578125,113.37885284423828,229.32167053222656,404.0512390136719,317.3764953613281,364.9800109863281,89.6246566772461,99.315185546875,42.33013153076172,32.2541618347168,47.572322845458984,328.78021240234375,75.07178497314453,16.705781936645508,33.997947692871094,141.18089294433594,37.605201721191406,56.30774688720703,3.4904401302337646,4.258179664611816,5.369622230529785,17.7231502532959,39.09310150146485,26.418577194213867,92.2821044921875,196.29977416992188,297.71124267578125,474.73675537109375,46.150917053222656,153.56646728515625,104.50572967529295,164.82240295410156,31.773588180541992,124.17768096923828,111.8034896850586,53.085487365722656,38.7488899230957,143.75,104.40027618408205,64.34122467041016,59.4246940612793,98.65229034423828,133.4974822998047,120.79944610595705,253.019287109375
2023-01-24,140.89186096191406,237.6554718017578,96.31999969482422,98.74230194091795,142.4685516357422,130.79161071777344,220.07078552246097,19.249229431152344,363.8299865722656,87.0898666381836,28.85118865966797,74.69999694824219,129.2315673828125,44.67988204956055,211.97999572753903,63.67231369018555,10.434260368347168,35.35771560668945,124.16270446777344,165.67330932617188,60.5009651184082,48.17560577392578,162.23448181152344,56.2706298828125,91.10736083984376,659.6731567382812,166.71548461914062,57.54010772705078,79.58000183105469,42.689998626708984,53.560001373291016,56.40999984741211,29.93000030517578,15.300000190734863,59.529998779296875,104.12999725341795,44.619998931884766,25.829999923706055,10.260000228881836,136.67999267578125,44.54904556274414,115.3487777709961,132.7899932861328,57.32501602172851,96.30999755859376,86.53255462646484,35.59000015258789,7.019999980926514,104.5999984741211,68.69999694824219,46.66999816894531,122.6500015258789,75.56999969482422,145.7899932861328,199.8800048828125,73.69000244140625,57.95000076293945,69.43000030517578,151.6999969482422,153.75823974609375,443.4100036621094,172.52999877929688,112.87369537353516,227.5990753173828,395.723876953125,315.2578125,361.3200073242187,88.12984466552734,97.23511505126952,41.784908294677734,32.489112854003906,47.05980682373047,328.01739501953125,76.53980255126953,16.758258819580078,34.67567443847656,142.58909606933594,37.12883377075195,55.445892333984375,3.4637274742126465,4.184603691101074,5.268481731414795,17.802885055541992,38.97786712646485,26.233829498291016,93.75817108154295,198.56044006347656,299.7967834472656,474.2549133300781,46.27386474609375,152.55905151367188,105.47886657714844,164.97750854492188,31.51462173461914,122.86354064941406,110.57498168945312,52.71485900878906,38.05165100097656,143.88999938964844,104.7064971923828,62.33842086791992,57.80714416503906,98.71686553955078,135.31689453125,123.96985626220705,256.7955017089844
2023-01-25,140.2295684814453,236.2513732910156,97.18000030517578,96.27400207519533,140.83624267578125,131.424560546875,221.0635681152344,19.307178497314453,367.9599914550781,87.03162384033203,28.63905334472656,74.91000366210938,128.56480407714844,44.83875274658203,212.67999267578125,63.74333190917969,10.475210189819336,35.47492599487305,124.60919189453124,163.8017120361328,60.77750015258789,48.26454162597656,161.840576171875,56.33315658569336,89.03588104248047,671.0154418945312,167.61083984375,57.558597564697266,79.0999984741211,47.33000183105469,52.7599983215332,56.560001373291016,30.290000915527344,15.859999656677246,59.529998779296875,104.44000244140624,42.25,26.1200008392334,9.670000076293944,135.86000061035156,46.686336517333984,116.13102722167967,134.22999572753906,57.101749420166016,96.48999786376952,86.86927795410156,35.70000076293945,7.21999979019165,100.81999969482422,67.95999908447266,46.15999984741211,119.91000366210938,75.88999938964844,144.44000244140625,195.13999938964844,70.75,57.33000183105469,68.88999938964844,151.92999267578125,155.0589141845703,448.7699890136719,174.44000244140625,112.84455108642578,216.9971618652344,396.06878662109375,310.0154113769531,358.1700134277344,88.24978637695312,94.76692199707033,42.621543884277344,32.771053314208984,47.49911117553711,329.24163818359375,76.50117492675781,17.860315322875977,34.598472595214844,144.79920959472656,37.45575714111328,56.59502410888672,3.4281105995178223,4.258179664611816,5.277675628662109,17.850727081298828,38.910648345947266,26.501712799072266,93.71086883544922,198.27182006835935,299.3910217285156,473.0695190429687,46.05385208129883,153.1747283935547,104.92279052734376,163.38092041015625,31.469968795776367,122.62290954589844,112.02687072753906,53.45611953735352,38.233123779296875,144.42999267578125,106.80062103271484,62.42548751831055,57.98786926269531,100.41425323486328,133.74940490722656,123.58902740478516,263.0569763183594
2023-01-26,142.30543518066406,243.5074920654297,99.22000122070312,98.69255828857422,146.60903930664062,132.23696899414062,220.8767852783203,19.78578758239746,364.8699951171875,87.21609497070312,29.015117645263672,75.16000366210938,122.8014907836914,45.1751823425293,212.72999572753903,64.01947784423828,10.581682205200195,35.63119888305664,127.2596664428711,162.92208862304688,62.02188873291016,49.18852233886719,164.0407257080078,57.573936462402344,90.03789520263672,673.348876953125,173.31019592285156,63.809139251708984,80.80999755859375,48.33000183105469,53.02000045776367,59.41999816894531,30.020000457763672,15.359999656677246,56.95000076293945,109.41999816894533,43.72999954223633,26.3700008392334,10.1899995803833,134.5399932861328,46.90578079223633,116.44007110595705,138.42999267578125,58.71116256713867,104.66000366210938,88.78364562988281,35.970001220703125,7.239999771118164,104.47000122070312,69.98999786376953,49.52000045776367,125.19000244140624,79.55500030517578,152.4499969482422,208.22999572753903,76.0,58.599998474121094,71.58000183105469,158.3800048828125,163.91546630859375,463.0700073242187,178.8800048828125,110.84333801269533,214.5417327880859,406.5642700195313,316.775390625,365.8200073242187,89.0433349609375,97.05596923828124,43.06336975097656,33.21276092529297,47.7645149230957,334.27020263671875,75.38084411621094,17.49295997619629,34.5469970703125,145.40550231933594,37.74530792236328,56.499267578125,3.392493963241577,4.423724174499512,5.397204875946045,17.767005920410156,39.36198043823242,26.79730224609375,94.63813018798828,194.13536071777344,296.1352844238281,480.2203063964844,46.01179122924805,155.80516052246094,109.13973999023438,171.32737731933594,32.37191390991211,125.79722595214844,116.01019287109376,54.61552047729492,39.15958786010742,160.27000427246094,108.36133575439452,64.91205596923828,59.38854217529297,102.8496551513672,139.91671752929688,128.863525390625,271.2793273925781
2023-01-27,144.25277709960938,243.66461181640625,102.23999786376952,100.23523712158205,151.02821350097656,132.55816650390625,227.4920196533203,20.348325729370117,360.7699890136719,86.40052795410156,27.154062271118164,75.4000015258789,122.74666595458984,45.33404541015625,211.1699981689453,65.66849517822266,10.868337631225586,37.066993713378906,126.72764587402344,163.9888916015625,63.07863235473633,47.71904373168945,164.12718200683594,56.84389877319336,89.89336395263672,657.0935668945312,174.77352905273438,63.790645599365234,81.83000183105469,50.08000183105469,61.369998931884766,60.38999938964844,30.36000061035156,16.18000030517578,58.630001068115234,115.94000244140624,44.560001373291016,26.739999771118164,10.90999984741211,137.8000030517578,46.75312805175781,114.32508087158205,139.0399932861328,59.2972526550293,104.68000030517578,88.16796875,37.75,7.550000190734863,104.3499984741211,71.37999725341797,53.11000061035156,127.5199966430664,79.88999938964844,159.36000061035156,224.0099945068359,77.2300033569336,59.25,74.1500015258789,164.25,163.3495330810547,458.8599853515625,177.66000366210938,109.97874450683594,210.13539123535156,416.4881591796875,317.5439758300781,370.7099914550781,89.3755111694336,98.89718627929688,43.354774475097656,33.31614303588867,47.46249771118164,333.0743103027344,72.1357421875,17.44923210144043,34.864410400390625,143.48878479003906,36.98871612548828,56.690792083740234,3.4192066192626953,4.350147724151611,5.351232051849365,18.06202507019043,38.7089958190918,27.00052261352539,95.19638061523438,194.78948974609375,298.8531188964844,485.029296875,46.36445236206055,157.1857452392578,107.14710235595705,163.71847534179688,32.434425354003906,124.62189483642578,115.04229736328124,54.140357971191406,38.70112991333008,177.89999389648438,108.20329284667967,64.37992095947266,58.981895446777344,100.30357360839844,133.6187744140625,126.48336029052734,273.48291015625
2023-01-30,141.3564453125,238.31332397460935,100.5500030517578,97.48824310302734,146.3701629638672,131.4340057373047,225.19192504882812,19.146310806274418,353.1099853515625,84.80824279785156,26.951566696166992,72.44999694824219,123.57786560058594,45.06303024291992,209.6699981689453,63.77488327026367,10.557111740112305,35.445621490478516,125.04620361328124,163.1689453125,60.94539260864258,47.29905319213867,162.30174255371094,55.926300048828125,89.72957611083984,640.2770385742188,172.79029846191406,61.72871398925781,79.63999938964844,47.189998626708984,56.15999984741211,57.97999954223633,29.6299991607666,15.550000190734863,56.560001373291016,109.4800033569336,43.369998931884766,25.920000076293945,11.09000015258789,134.6999969482422,46.64816665649414,107.39102172851562,138.47999572753906,55.659786224365234,97.1500015258789,86.17662048339844,35.529998779296875,7.369999885559082,101.37000274658205,69.20999908447266,49.970001220703125,122.5999984741211,78.81500244140625,152.9199981689453,210.41000366210935,73.83999633789062,58.290000915527344,73.5,156.94000244140625,163.57789611816406,442.5700073242187,176.47999572753906,112.77654266357422,211.61053466796875,410.40771484375,311.1584777832031,363.4200134277344,89.25926208496094,96.4787368774414,43.51458358764648,33.175174713134766,47.36182403564453,336.614990234375,72.91803741455078,17.632909774780273,35.21614456176758,143.73326110839844,36.652469635009766,56.21197891235352,3.4192066192626953,4.379715919494629,5.28687047958374,17.80687141418457,38.420902252197266,26.621795654296875,93.88117218017578,194.2315673828125,296.5410461425781,485.0196228027344,45.99237060546875,157.34429931640625,105.2471923828125,158.9287109375,32.300472259521484,122.25275421142578,112.17578125,53.541648864746094,38.529205322265625,166.66000366210938,106.27708435058594,62.048152923583984,56.334171295166016,98.1725845336914,130.80104064941406,122.95114135742188,264.0277099609375
2023-01-31,142.63160705566406,243.32093811035156,103.12999725341795,99.39920806884766,148.2711944580078,132.21810913085938,226.2830047607422,19.521005630493164,353.8599853515625,85.88595581054688,27.250490188598633,75.1500015258789,123.05724334716795,45.48357391357422,213.0,63.498741149902344,11.064901351928713,38.405120849609375,126.5471649169922,167.01422119140625,59.552860260009766,49.420753479003906,164.7421112060547,56.26871490478515,89.34417724609375,650.6447143554688,177.44027709960938,62.671844482421875,81.48999786376953,49.27000045776367,58.47999954223633,59.84000015258789,30.93000030517578,16.25,57.91999816894531,111.11000061035156,44.209999084472656,26.290000915527344,11.5600004196167,137.5800018310547,47.23019790649414,106.42527770996094,134.67999267578125,55.38069152832031,97.9800033569336,85.24347686767578,37.209999084472656,7.78000020980835,105.9000015258789,73.61000061035156,52.90999984741211,124.16000366210938,79.31999969482422,156.44000244140625,214.2100067138672,74.80999755859375,60.63999938964844,75.0,161.6199951171875,166.7749786376953,455.1300048828125,181.42999267578125,115.14690399169922,214.9034118652344,416.5374450683594,319.21923828125,370.3399963378906,90.53358459472656,98.36969757080078,44.059810638427734,33.34433364868164,47.79197692871094,344.4780578613281,74.77237701416016,17.81658363342285,35.6622428894043,146.0117950439453,36.75520706176758,55.445892333984375,3.4192066192626953,4.398196220397949,5.305259704589844,17.832786560058594,39.00666809082031,26.917387008666992,96.89006805419922,200.33045959472656,305.9117736816406,492.5945129394531,46.54888153076172,160.57176208496094,107.51782989501952,158.76451110839844,32.35405349731445,122.3915557861328,113.42290496826172,54.14986038208008,39.36970520019531,173.22000122070312,107.16609954833984,62.68673324584961,57.14746856689453,92.49919891357422,130.65176391601562,122.36087036132812,273.2208251953125
2023-02-01,143.75851440429688,248.17144775390625,105.1500015258789,100.95184326171876,152.4017333984375,131.86856079101562,226.9611968994141,20.925851821899418,361.989990234375,87.42967987060547,28.031557083129883,84.63999938964844,123.38602447509766,45.390113830566406,214.75,64.95049285888672,11.294225692749023,38.38557815551758,131.53456115722656,171.6228790283203,61.82435989379883,52.40121841430664,169.66119384765625,57.97502136230469,91.2807846069336,668.061767578125,186.71136474609375,65.17760467529297,82.91000366210938,50.2599983215332,65.69999694824219,62.290000915527344,31.489999771118164,16.899999618530273,58.90999984741211,113.98999786376952,44.97999954223633,26.700000762939453,10.369999885559082,139.5800018310547,48.088924407958984,108.95553588867188,152.25,56.25517272949219,102.9800033569336,88.28340911865234,38.2400016784668,8.199999809265137,110.5,76.1500015258789,55.5099983215332,131.52000427246094,79.86000061035156,165.22000122070312,228.1699981689453,82.69999694824219,63.0,78.11000061035156,170.30999755859375,170.59762573242188,473.80999755859375,185.3300018310547,117.57554626464844,215.77896118164065,429.2305603027344,335.8039855957031,383.9200134277344,91.33353424072266,99.95213317871094,44.49222946166992,33.757843017578125,47.727909088134766,344.3839416503906,75.5739974975586,17.650400161743164,35.76519012451172,147.6351318359375,37.334327697753906,56.116214752197266,3.4637274742126465,4.49059534072876,5.406400203704834,17.850727081298828,39.59244918823242,27.591711044311523,99.0568389892578,205.43850708007812,309.6109924316406,499.1188354492187,46.80771255493164,165.17979431152344,106.34080505371094,156.33767700195312,32.54158401489258,117.8012924194336,109.54191589355467,52.93343353271485,39.00676345825195,181.41000366210935,108.0551300048828,61.43860626220703,55.927528381347656,90.3958969116211,127.10627746582033,117.07683563232422,277.54071044921875
2023-02-02,149.08657836914062,259.8067932128906,112.91000366210938,108.287109375,187.8845062255859,131.25450134277344,225.64405822753903,21.691225051879883,366.8900146484375,86.77919006347656,29.111547470092773,88.30999755859375,124.5734405517578,46.09102249145508,209.33999633789065,66.22866821289062,11.72830581665039,40.53439712524414,129.05511474609375,174.09210205078125,62.387298583984375,53.46651840209961,172.26486206054688,58.26549530029297,93.1210708618164,685.8037109375,188.8485870361328,66.9159164428711,86.95999908447266,53.630001068115234,81.45999908447266,65.44999694824219,33.04999923706055,17.549999237060547,63.810001373291016,118.5199966430664,47.150001525878906,29.100000381469727,11.399999618530272,148.1999969482422,49.2911491394043,105.98103332519533,151.2899932861328,55.176029205322266,99.61000061035156,87.2829360961914,40.47999954223633,8.989999771118164,115.93000030517578,81.2699966430664,63.290000915527344,141.35000610351562,81.2750015258789,178.0500030517578,245.86000061035156,86.97000122070312,67.83000183105469,82.83999633789062,182.41000366210935,173.3975372314453,491.2699890136719,190.97999572753903,119.46017456054688,217.92979431152344,445.59954833984375,347.27435302734375,392.2300109863281,92.28231048583984,107.22734832763672,44.68144226074219,33.9552116394043,47.79197692871094,347.9246520996094,73.99974822998047,17.737865447998047,35.885292053222656,143.70391845703125,38.39915084838867,50.75357818603515,3.4815359115600586,4.546034812927246,5.516734600067139,18.697914123535156,40.73517990112305,28.441537857055664,102.26443481445312,213.13430786132812,320.65203857421875,505.316650390625,46.46799087524414,168.8550262451172,103.01359558105467,154.19369506835938,31.434246063232425,115.45064544677734,103.58551788330078,49.69280242919922,36.8291130065918,188.27000427246097,111.82850646972656,60.442047119140625,55.07808303833008,91.3091812133789,124.1392059326172,114.15396881103516,281.66644287109375
2023-02-03,152.72427368164062,253.67005920410156,103.38999938964844,104.72398376464844,185.6550140380859,133.28558349609375,226.204345703125,21.08272361755371,365.8999938964844,87.0121841430664,29.236902236938477,86.08999633789062,125.07575988769533,45.446197509765625,206.0099945068359,64.66645050048828,10.835577011108398,40.173004150390625,128.2666473388672,171.80191040039062,61.636722564697266,52.30141067504883,171.8037109375,57.48159408569336,91.20372009277344,669.1348876953125,183.8327789306641,65.54745483398438,85.5199966430664,52.93000030517578,74.62999725341797,62.5,33.09000015258789,17.3799991607666,59.040000915527344,118.6999969482422,46.150001525878906,27.479999542236328,11.0,147.5,48.337005615234375,102.68783569335938,143.05999755859375,53.613128662109375,95.6500015258789,86.48446655273438,38.540000915527344,8.40999984741211,113.55999755859376,77.47000122070312,59.43000030517578,134.99000549316406,79.86000061035156,163.2899932861328,221.97999572753903,79.45999908447266,65.33000183105469,79.54000091552734,169.3000030517578,169.82313537597656,472.2200012207031,185.8500061035156,117.18695831298828,214.4275665283203,417.6116638183594,332.52252197265625,379.3299865722656,92.48694610595705,104.28143310546876,45.0125617980957,34.237152099609375,47.08955383300781,348.37664794921875,76.31766510009766,17.34427261352539,35.61076736450195,141.98280334472656,37.334327697753906,49.98748397827149,3.347973108291626,4.4259161949157715,5.433983325958252,18.56435775756836,40.56233215332031,28.18289375305176,99.17039489746094,207.75689697265625,312.8289489746094,496.9853210449219,45.85001754760742,164.88131713867188,103.72723388671876,154.5951385498047,31.38959312438965,115.33032989501952,100.61663055419922,50.025421142578125,36.83866500854492,189.97999572753903,109.35901641845705,59.25197219848633,54.98771667480469,91.15235137939452,122.90762329101562,112.5354232788086,278.8318176269531
2023-02-06,149.98611450195312,252.1186065673828,102.18000030517578,102.98223114013672,185.18719482421875,134.06968688964844,225.5261383056641,21.07173538208008,361.4800109863281,85.95391845703125,28.002227783203125,83.68000030517578,124.38160705566406,44.455596923828125,206.80999755859375,64.97415924072266,10.761866569519045,40.378116607666016,126.28117370605467,170.5861358642578,59.23682403564453,51.48119354248047,170.5835418701172,57.83555221557617,88.47705078125,653.1891479492188,180.38623046875,64.4933853149414,82.33000183105469,51.56999969482422,74.58999633789062,61.540000915527344,33.900001525878906,17.350000381469727,59.68000030517578,118.3499984741211,44.81999969482422,27.88999938964844,12.06999969482422,144.5399932861328,47.68818664550781,101.83797454833984,142.82000732421875,52.775856018066406,93.80999755859376,85.00296783447266,38.9900016784668,8.3100004196167,109.41999816894533,76.33999633789062,56.650001525878906,133.0500030517578,78.11499786376953,158.07000732421875,218.44000244140625,76.95999908447266,62.95000076293945,77.06999969482422,172.3699951171875,167.8472900390625,455.2200012207031,183.72999572753903,116.30294036865234,212.67642211914065,408.9688415527344,324.885498046875,375.2300109863281,91.99394989013672,102.41038513183594,45.10716247558594,34.180763244628906,47.006378173828125,349.1771240234375,77.12894439697266,17.125612258911133,35.41345977783203,138.8339385986328,36.904659271240234,47.78497314453125,3.303452253341675,4.315037250518799,5.268481731414795,17.9643497467041,39.33317184448242,27.49933624267578,97.20231628417967,207.66065979003903,310.7245178222656,497.748046875,45.51676177978515,162.15753173828125,103.5511474609375,154.76846313476562,31.11275863647461,114.59921264648438,100.0395965576172,50.45307540893555,36.59033203125,194.7599945068359,108.52926635742188,59.551910400390625,54.34611892700195,90.47892761230467,119.51140594482422,110.83121490478516,268.71649169921875
2023-02-07,152.87255859375,262.71319580078125,102.11000061035156,107.53068542480467,190.72113037109375,135.7039794921875,227.37405395507812,22.15484619140625,362.9500122070313,85.18690490722656,28.353595733642575,85.91000366210938,124.0710678100586,44.707916259765625,214.7599945068359,64.78480529785156,11.015761375427246,40.43672180175781,129.79611206054688,172.93289184570312,61.36019515991211,52.69571304321289,173.9173583984375,59.10037612915039,91.09773254394533,669.717041015625,186.03744506835935,65.92655944824219,83.2300033569336,51.349998474121094,71.41999816894531,63.540000915527344,34.900001525878906,17.93000030517578,60.02000045776367,119.69000244140624,46.36000061035156,26.450000762939453,12.210000038146973,145.02999877929688,47.86947250366211,101.88626861572266,160.22000122070312,53.11076354980469,94.4499969482422,84.96448516845703,38.66999816894531,8.329999923706055,114.58999633789062,77.22000122070312,58.369998931884766,138.05999755859375,79.8499984741211,160.77000427246094,224.4199981689453,80.31999969482422,66.18000030517578,84.66000366210938,181.16000366210935,170.06143188476562,463.260009765625,191.75,116.41950988769533,215.8170623779297,421.4649353027344,339.49932861328125,383.8200073242187,92.2916030883789,107.12782287597656,45.53287506103515,34.55668640136719,47.25592041015625,352.56719970703125,78.41345977783203,16.836977005004883,34.78720474243164,139.8314208984375,37.05411148071289,48.45529556274414,3.330164670944214,4.342756748199463,5.332843780517578,18.21352195739746,40.322261810302734,27.7117919921875,97.94979095458984,206.56402587890625,306.8838195800781,498.6554565429687,45.613826751708984,163.01571655273438,106.5076141357422,158.828369140625,33.7114372253418,118.25476837158205,104.25562286376952,51.45564651489258,37.27801513671875,196.80999755859375,110.26778411865234,62.502891540527344,56.216697692871094,94.35342407226562,125.5107879638672,116.37229919433594,271.1725158691406
2023-02-08,150.17393493652344,261.89825439453125,100.0500030517578,99.52857971191406,182.5695343017578,134.74986267089844,226.27316284179688,22.186817169189453,366.8299865722656,84.16746520996094,27.563016891479492,84.69000244140625,124.1989517211914,43.88552474975586,213.5,64.66645050048828,10.99118995666504,40.60276794433594,125.55918884277344,166.3450469970703,59.50348663330078,51.1807746887207,170.78526306152344,57.8749885559082,90.83757781982422,653.9984130859375,180.9445953369141,65.72313690185547,79.72000122070312,49.79999923706055,69.44000244140625,62.45000076293945,36.83000183105469,16.75,62.380001068115234,116.36000061035156,44.439998626708984,25.8799991607666,11.5600004196167,144.02000427246094,46.90578079223633,101.50962829589844,152.33999633789062,51.492042541503906,92.43000030517578,85.00296783447266,37.5099983215332,8.220000267028809,114.4800033569336,75.91000366210938,58.06999969482422,137.6300048828125,83.06999969482422,159.05999755859375,222.6300048828125,82.66000366210938,64.94999694824219,79.3499984741211,175.64999389648438,168.4231719970703,463.9800109863281,188.72999572753903,115.22462463378906,213.1617889404297,415.6209411621094,316.529052734375,378.3599853515625,92.04976654052734,98.89718627929688,45.64640045166016,34.30293655395508,47.2744026184082,353.22637939453125,77.8532943725586,16.758258819580078,34.7614631652832,140.63328552246094,36.20410919189453,47.880733489990234,3.383589744567871,4.324276447296143,5.25009298324585,18.024150848388672,40.17821502685547,27.35154151916504,95.404541015625,204.6689453125,302.7221984863281,486.3756408691406,45.36793518066406,160.2452850341797,105.58082580566406,155.09690856933594,34.51515197753906,119.05066680908205,103.1108627319336,52.23859405517578,37.516788482666016,201.2899932861328,110.41596221923828,61.85464859008789,55.42147445678711,94.7777862548828,125.1375503540039,115.7343978881836,260.3096923828125
2023-02-09,149.13600158691406,258.84454345703125,98.23999786376952,95.00999450683594,177.0854034423828,132.65260314941406,225.8791961669922,22.31871223449707,362.5,84.12862396240234,27.06523895263672,83.20999908447266,123.66268920898438,43.67058563232422,211.9900054931641,63.74333190917969,11.048521041870115,40.661373138427734,124.0011978149414,164.9219207763672,59.434349060058594,50.9445915222168,171.51547241210938,57.65376663208008,93.15959167480467,655.320556640625,182.77378845214844,64.53961181640625,78.41999816894531,49.63999938964844,59.630001068115234,61.310001373291016,35.88999938964844,16.219999313354492,61.849998474121094,114.94000244140624,43.36000061035156,24.729999542236328,10.979999542236328,137.55999755859375,46.17109298706055,104.74488067626952,148.07000732421875,51.58507537841797,93.87999725341795,85.8110580444336,36.400001525878906,7.949999809265137,113.41999816894533,77.16000366210938,58.16999816894531,139.05999755859375,83.06500244140625,162.67999267578125,220.8000030517578,83.4000015258789,63.849998474121094,76.7699966430664,171.14999389648438,172.4245147705078,463.2999877929687,189.77000427246097,115.31204986572266,213.09519958496097,413.6499938964844,317.780517578125,375.80999755859375,91.20331573486328,94.55792999267578,45.00309371948242,33.569889068603516,46.19305419921875,346.5309753417969,77.09761047363281,16.59207534790039,34.15237045288086,139.6945037841797,35.40082931518555,45.77397918701172,3.33906888961792,4.315037250518799,5.259286403656006,17.9643497467041,40.37027740478515,27.39772605895996,95.4423828125,200.7056121826172,297.77728271484375,483.3056945800781,45.788536071777344,159.853515625,105.9793472290039,153.67367553710938,35.318870544433594,117.68099975585938,102.31048583984376,51.407901763916016,35.969512939453125,207.32000732421875,109.01329040527344,61.14834213256836,54.49070358276367,94.19660949707033,123.738037109375,114.95369720458984,259.57196044921875
2023-02-10,149.5023193359375,258.33392333984375,97.61000061035156,94.4128189086914,173.3330841064453,133.23834228515625,223.76173400878903,21.247589111328125,347.3599853515625,84.60435485839844,27.133562088012695,81.4800033569336,125.37315368652344,44.16588592529297,212.88999938964844,64.1378173828125,11.083346366882324,40.38788604736328,122.53824615478516,165.6759033203125,59.07880783081055,49.90497970581055,171.4578094482422,57.06127166748047,91.8877944946289,647.6437377929688,179.519775390625,65.90806579589844,80.80000305175781,48.29999923706055,57.09000015258789,60.06999969482422,34.29999923706055,10.3100004196167,57.720001220703125,108.87000274658205,43.0,24.84000015258789,10.649999618530272,132.1300048828125,45.87530899047851,100.09963989257812,138.99000549316406,48.64532852172851,92.4499969482422,83.40603637695312,34.81999969482422,7.510000228881836,108.95999908447266,76.38999938964844,60.099998474121094,133.8699951171875,82.625,157.3300018310547,210.6999969482422,80.5199966430664,60.689998626708984,74.20999908447266,172.22999572753906,165.84165954589844,458.3599853515625,186.8500061035156,114.00057983398438,214.91293334960935,407.520263671875,312.4690856933594,370.989990234375,91.56608581542967,94.1200180053711,44.94633483886719,33.43832015991211,46.313201904296875,349.6291198730469,77.9501724243164,16.67953872680664,34.32394027709961,140.5257110595703,35.83049011230469,45.19941329956055,3.392493963241577,4.305797576904297,5.23170280456543,17.9643497467041,41.02327346801758,27.684080123901367,96.41697692871094,200.84030151367188,298.7115478515625,482.6878051757813,46.50034713745117,158.59423828125,110.4465103149414,156.8942108154297,36.30120086669922,124.14065551757812,107.08492279052734,53.814064025878906,37.26845932006836,196.88999938964844,106.7413558959961,63.49945831298828,57.4185676574707,99.05818176269533,131.30487060546875,120.7137680053711,260.4456481933594
2023-02-13,152.31398010253906,266.40509033203125,99.54000091552734,94.55215454101562,178.5883026123047,134.68370056152344,225.4163360595703,21.77016258239746,358.57000732421875,86.8180160522461,27.865583419799805,83.12999725341797,126.99118041992188,44.72660446166992,215.6499938964844,65.23453521728516,11.39677906036377,41.04230117797851,124.2957000732422,166.54298400878906,59.375099182128906,50.42775344848633,173.36972045898438,57.818241119384766,92.60077667236328,659.8694458007812,181.35858154296875,65.95429992675781,79.44999694824219,48.70000076293945,56.400001525878906,61.31999969482422,33.439998626708984,10.460000038146973,59.290000915527344,116.41999816894533,44.83000183105469,24.700000762939453,10.710000038146973,134.75,46.686336517333984,101.20059204101562,146.86000061035156,48.77556991577149,96.0999984741211,84.52197265625,34.43000030517578,7.610000133514404,112.16999816894533,75.55999755859375,64.08000183105469,133.8699951171875,83.15499877929688,161.9600067138672,217.3000030517578,82.23999786376953,61.849998474121094,76.4800033569336,175.55999755859375,169.8628692626953,461.0400085449219,188.25,115.09833526611328,216.37855529785156,412.0238952636719,318.0465393066406,375.0,92.48694610595705,94.15982818603516,45.53287506103515,33.50410079956055,47.13576889038086,352.2093200683594,77.91141510009766,16.84572410583496,34.58988952636719,143.34210205078125,36.51235580444336,45.10364532470703,3.401398181915283,4.324276447296143,5.222508430480957,17.868667602539062,41.6762580871582,28.025861740112305,98.92438507080078,205.99644470214844,305.30780029296875,488.9242858886719,47.20891952514648,161.6724853515625,110.01690673828124,156.01837158203125,36.265472412109375,123.34477996826172,104.99089813232422,54.721160888671875,37.507232666015625,194.63999938964844,106.3462371826172,62.65771484375,57.43663787841797,99.86998748779295,131.3894500732422,121.68486785888672,262.03765869140625
2023-02-14,151.67042541503906,267.23968505859375,99.6999969482422,94.50240325927734,178.63807678222656,135.27883911132812,225.9185791015625,22.952192306518555,359.9599914550781,86.49762725830078,27.95342445373535,85.94999694824219,125.75223541259766,44.57707977294922,218.4499969482422,65.91307067871094,11.292302131652832,41.4427604675293,125.72069549560548,166.1942596435547,61.30093765258789,51.01277160644531,175.3777313232422,57.93269729614258,94.38321685791016,668.4934692382812,182.71600341796875,66.9991226196289,77.26000213623047,50.11000061035156,59.029998779296875,62.099998474121094,35.22999954223633,10.760000228881836,61.61000061035156,120.87000274658205,45.540000915527344,24.68000030517578,10.850000381469728,133.75,46.562286376953125,100.65011596679688,149.07000732421875,48.673240661621094,95.88999938964844,83.46376037597656,35.66999816894531,9.220000267028809,116.30999755859376,77.27999877929688,68.37999725341797,136.19000244140625,85.06999969482422,171.02000427246094,228.80999755859375,85.4800033569336,63.63999938964844,77.9000015258789,181.8699951171875,168.75083923339844,461.3500061035156,189.5399932861328,115.3703384399414,213.74232482910156,415.8476257324219,319.9583435058594,377.8999938964844,93.53804779052734,94.2294921875,45.88290786743164,33.47590637207031,47.69954681396485,350.0999450683594,78.25049591064453,16.749509811401367,34.598472595214844,144.2320098876953,36.48434066772461,44.529083251953125,3.517152786254883,4.315037250518799,5.332843780517578,17.808866500854492,41.320953369140625,28.08128547668457,98.47019958496094,205.6309356689453,300.4951171875,485.80609130859375,47.07302474975586,160.66812133789062,108.7280731201172,157.2135772705078,36.63160705566406,123.20597076416016,106.1501007080078,54.25328063964844,37.211151123046875,209.25,106.3462371826172,64.18639373779297,57.780033111572266,99.58401489257812,131.28607177734375,122.47511291503906,262.78515625
2023-02-15,153.7791748046875,265.1036071777344,101.16000366210938,96.64225006103516,176.32896423339844,135.84568786621094,225.45571899414065,22.745361328125,361.4200134277344,85.76943969726562,28.158390045166016,85.18000030517578,126.11280822753906,45.277976989746094,217.44000244140625,66.88353729248047,11.25747776031494,41.95065689086914,126.41417694091795,168.22999572753906,61.07378005981445,51.41596984863281,188.4825439453125,58.450172424316406,89.37308502197266,667.8323974609375,186.08558654785156,66.54606628417969,77.91000366210938,53.38999938964844,69.33999633789062,66.05000305175781,36.22999954223633,11.5,68.18000030517578,137.00999450683594,47.4900016784668,25.3799991607666,11.260000228881836,142.25999450683594,47.37331771850586,99.54916381835938,152.0399932861328,48.58951187133789,94.45999908447266,83.08858489990234,45.08000183105469,10.109999656677246,120.5199966430664,78.45999908447266,72.4000015258789,142.77000427246094,88.62999725341797,175.27999877929688,233.52999877929688,88.72000122070312,65.48999786376953,80.7699966430664,187.36000061035156,169.88272094726562,463.9100036621094,190.92999267578125,115.86577606201172,216.84487915039065,415.1282043457031,315.3366394042969,375.94000244140625,93.78917694091795,96.4787368774414,45.38151168823242,33.41952133178711,47.89363479614258,352.5106506347656,77.96955871582031,16.836977005004883,34.641357421875,144.29066467285156,36.82059097290039,44.91212844848633,3.5438649654388428,4.370476245880127,5.342037677764893,17.62547492980957,41.1000862121582,28.20136833190918,97.93087768554688,206.8526153564453,302.6278381347656,493.5871276855469,47.422454833984375,165.22055053710938,108.40119934082033,155.5568084716797,36.50658416748047,118.94886016845705,104.37390899658205,53.46077728271485,36.246490478515625,214.2400054931641,107.90695190429688,60.85808563232422,51.71646881103515,98.384765625,128.16578674316406,121.72813415527344,264.81402587890625
2023-02-16,152.1753692626953,258.04583740234375,98.1500015258789,95.32848358154295,171.631103515625,133.9752197265625,222.41246032714844,21.983985900878903,350.7099914550781,85.16749572753906,27.52397346496582,80.08000183105469,124.8184051513672,47.65168762207031,212.2100067138672,66.3154525756836,11.240063667297363,42.097171783447266,123.64971923828124,165.94921875,59.30596160888672,49.54230499267578,186.22474670410156,57.76245880126953,87.5039291381836,647.5747680664062,184.10232543945312,65.21458435058594,76.7300033569336,44.90999984741211,65.58999633789062,75.44999694824219,36.220001220703125,10.989999771118164,66.88999938964844,139.4199981689453,47.900001525878906,24.84000015258789,10.729999542236328,130.30999755859375,46.428707122802734,99.57813262939452,149.00999450683594,50.32916641235352,96.79000091552734,84.47386169433594,43.58000183105469,9.710000038146973,115.12000274658205,75.2699966430664,68.31999969482422,132.92999267578125,86.01000213623047,164.39999389648438,217.3300018310547,82.47000122070312,66.6500015258789,77.91000366210938,174.66000366210938,166.9139862060547,453.69000244140625,187.75,114.59317779541016,216.49273681640625,402.4350891113281,302.96954345703125,365.1600036621094,92.6171646118164,95.0555419921875,44.67197799682617,33.156368255615234,47.5609130859375,348.6120910644531,77.83390808105469,16.84572410583496,34.17810821533203,143.48878479003906,37.10081481933594,44.14603805541992,3.579481840133667,4.370476245880127,5.323648929595947,17.450056076049805,41.02327346801758,27.961200714111328,95.84925079345705,205.87139892578125,303.1468505859375,486.6555786132813,46.67829895019531,163.83135986328125,108.08366394042967,153.31105041503906,36.92771530151367,115.8115692138672,101.29830932617188,53.260257720947266,36.84821319580078,202.0399932861328,104.53857421875,60.471073150634766,50.35194396972656,96.78883361816406,125.9102020263672,121.15353393554688,277.2688903808594
2023-02-17,151.02694702148438,254.01991271972656,97.1999969482422,94.1440887451172,172.0690460205078,134.3719482421875,220.1768035888672,21.3704891204834,347.9599914550781,84.74028778076172,26.94811630249023,78.5,124.8368911743164,47.44608688354492,211.66000366210935,65.51856231689453,11.222650527954102,42.165531158447266,121.3317642211914,165.2329559326172,58.27884292602539,48.98198318481445,185.14871215820312,57.286338806152344,86.8102035522461,643.2824096679688,181.43560791015625,64.96493530273438,74.66000366210938,43.61000061035156,65.19999694824219,70.66999816894531,34.77000045776367,11.279999732971191,61.810001373291016,131.60000610351562,45.88999938964844,24.43000030517578,10.359999656677246,129.67999267578125,46.0279655456543,96.58432006835938,141.7100067138672,49.32444763183594,93.41999816894533,82.5787124633789,40.880001068115234,9.199999809265137,114.25,74.01000213623047,64.44999694824219,132.35000610351562,84.63999938964844,154.0800018310547,213.1300048828125,79.98999786376953,64.47000122070312,76.11000061035156,168.55999755859375,163.99490356445312,439.010009765625,185.8000030517578,114.00057983398438,217.65382385253903,398.5128173828125,299.46142578125,356.8500061035156,92.56136322021484,93.90106201171876,44.92741775512695,33.22216033935547,47.52394485473633,347.0111999511719,77.81454467773438,17.003162384033203,34.50410079956055,146.05091857910156,36.540374755859375,44.05027770996094,3.6418111324310303,4.407435894012451,5.296065330505371,16.955698013305664,40.79279327392578,27.859588623046875,93.75817108154295,204.65931701660156,300.04217529296875,489.9186096191406,47.38040542602539,162.59234619140625,103.92768096923828,149.8871612548828,36.08906555175781,109.59249877929688,97.33462524414062,50.93048858642578,34.86157989501953,208.30999755859375,103.9360122680664,58.7585334777832,48.19220352172851,92.75402069091795,121.81249237060548,117.31331634521484,250.46620178222656
2023-02-21,146.99755859375,248.71429443359375,94.58000183105467,91.6160659790039,171.2727813720703,131.9063262939453,217.2812957763672,20.638086318969727,337.5,83.69171142578125,25.43527603149414,76.7699966430664,121.77654266357422,46.43679428100586,205.52000427246097,64.90314483642578,10.621904373168944,40.173004150390625,117.51283264160156,160.93528747558594,56.886322021484375,47.26545333862305,178.67318725585938,55.93495559692383,84.44003295898438,621.42626953125,174.6483612060547,62.02459335327149,75.23999786376953,41.41999816894531,62.06999969482422,66.48999786376953,34.20000076293945,10.6899995803833,58.060001373291016,128.77999877929688,43.54999923706055,24.450000762939453,9.8100004196167,124.84500122070312,45.69401931762695,91.84249877929688,140.82000732421875,43.88219451904297,84.51000213623047,81.97264099121094,37.560001373291016,8.470000267028809,112.43000030517578,72.16999816894531,61.939998626708984,127.83999633789062,83.44499969482422,151.25999450683594,210.61000061035156,78.5199966430664,59.61000061035156,72.47000122070312,165.14999389648438,160.47015380859375,431.8599853515625,181.9199981689453,111.50393676757812,213.82798767089844,390.5106506347656,292.1889953613281,346.70001220703125,90.80333709716795,91.3532485961914,43.74486541748047,32.44211959838867,46.06365966796875,340.0616149902344,77.40764617919922,16.801992416381836,33.62905502319336,143.84083557128906,35.34477615356445,42.61385345458984,3.552769422531128,4.315037250518799,5.15814733505249,16.592905044555664,40.22623825073242,26.788066864013672,90.61681365966795,194.17384338378903,278.85662841796875,484.3772277832031,47.668357849121094,156.02182006835938,103.824951171875,148.18441772460938,35.863624572753906,110.34213256835938,98.44707489013672,50.98777389526367,34.76607131958008,197.3699951171875,100.84420776367188,57.878074645996094,48.553653717041016,92.85652160644533,124.24668884277344,117.8591766357422,234.88546752929688
2023-02-22,147.42327880859375,247.57241821289065,95.79000091552734,91.36724090576172,170.31729125976562,130.89553833007812,216.69039916992188,20.73700904846191,334.8800048828125,83.8082275390625,24.859418869018555,76.61000061035156,121.09235382080078,46.0816764831543,205.7599945068359,65.63692474365234,10.630611419677734,39.9385871887207,117.75032806396484,160.03054809570312,56.27400588989258,47.16169357299805,176.54986572265625,55.4184455871582,83.65960693359375,615.9301147460938,171.0670166015625,61.38658905029297,75.4800033569336,42.029998779296875,61.18000030517578,65.93000030517578,34.540000915527344,10.75,57.88999938964844,127.20999908447266,42.4900016784668,25.13999938964844,9.899999618530272,128.4499969482422,45.65584945678711,91.53346252441406,137.1199951171875,43.286808013916016,83.41999816894531,82.78073120117188,37.54999923706055,8.359999656677246,117.62999725341795,72.55999755859375,61.470001220703125,132.16000366210938,93.875,150.66000366210938,213.58999633789065,79.95999908447266,60.459999084472656,73.38999938964844,169.49000549316406,162.19778442382812,439.8399963378906,184.3699951171875,111.9702377319336,212.1625061035156,400.4837646484375,294.5835876464844,348.7200012207031,90.47777557373048,91.2139129638672,43.52727127075195,32.22596740722656,46.248512268066406,339.8450012207031,77.5045166015625,16.950679779052734,33.69768524169922,144.07553100585938,35.503570556640625,42.13504409790039,3.588386297225952,4.296557426452637,5.10297966003418,16.44140625,40.1494140625,26.861963272094727,91.17506408691406,194.9241943359375,279.6114501953125,480.1778259277344,46.66859436035156,155.552490234375,102.48009490966795,147.58616638183594,35.10612869262695,108.80587005615234,97.29722595214844,50.04249572753906,34.10704040527344,200.86000061035156,100.43921661376952,56.52351379394531,48.42714309692383,92.68879699707033,122.82752990722656,117.58146667480467,239.24415588378906
2023-02-23,147.90838623046875,250.7814178466797,95.81999969482422,90.64067840576172,171.23297119140625,131.94412231445312,217.78358459472656,23.644620895385746,323.6499938964844,86.0024642944336,24.996065139770508,79.75,120.9259033203125,45.988224029541016,208.1300048828125,65.43968963623047,10.508718490600586,38.33674621582031,119.88777923583984,161.93431091308594,58.02206802368164,47.966094970703125,178.36569213867188,56.1523323059082,86.79093933105469,629.6260375976562,174.24403381347656,62.02459335327149,75.19000244140625,42.380001068115234,62.36000061035156,64.88999938964844,34.470001220703125,10.56999969482422,56.56999969482422,125.5199966430664,42.22999954223633,25.5,10.100000381469728,131.5800018310547,43.270484924316406,90.93470764160156,137.94000244140625,43.39844512939453,86.11000061035156,79.74079132080078,37.380001068115234,8.170000076293945,117.44000244140624,73.41999816894531,61.7400016784668,133.5,94.37000274658205,153.1199951171875,213.4600067138672,78.69999694824219,61.439998626708984,74.56999969482422,170.6300048828125,162.95237731933594,441.7099914550781,187.2100067138672,112.6988296508789,212.01974487304688,405.9039916992187,295.55914306640625,347.0199890136719,91.10099029541016,90.45752716064452,43.75432968139648,32.19777297973633,46.562747955322266,342.3404846191406,76.50666046142578,16.924442291259766,33.05427932739258,141.532958984375,35.20466995239258,42.03928756713867,3.632906675338745,4.296557426452637,5.1397576332092285,16.481273651123047,40.36066818237305,27.29611587524414,91.92256927490234,194.52012634277344,282.4519958496094,476.0748901367187,45.97296524047851,155.34600830078125,103.42335510253906,149.04037475585938,35.7824592590332,110.6197509765625,98.55924987792967,50.9113883972168,34.603702545166016,202.07000732421875,100.48859405517578,57.29754638671875,49.70130920410156,93.50880432128906,124.46285247802734,120.2054443359375,246.4278106689453
2023-02-24,145.24525451660156,245.3183135986328,93.5,88.92878723144531,169.59071350097656,133.13442993164062,216.22752380371097,23.266935348510746,317.1499938964844,86.08013916015625,24.537328720092773,78.08999633789062,120.72252655029295,45.30601119995117,198.1499938964844,65.92095947265625,10.34329605102539,38.26837921142578,118.12081146240234,159.40850830078125,57.459136962890625,47.29707717895508,176.58001708984375,55.57041931152344,84.89286804199219,610.1774291992188,170.26797485351562,61.10919952392578,73.55000305175781,40.75,58.439998626708984,64.0999984741211,33.400001525878906,10.199999809265137,55.09000015258789,122.77999877929688,41.11000061035156,25.030000686645508,9.8100004196167,124.1050033569336,43.003326416015625,85.95145416259766,132.50999450683594,41.677391052246094,83.72000122070312,75.65225982666016,36.959999084472656,8.09000015258789,117.27999877929688,72.2699966430664,59.20000076293945,130.8800048828125,93.31500244140624,148.44000244140625,205.8999938964844,76.66999816894531,59.13999938964844,73.93000030517578,162.5500030517578,161.04603576660156,425.5899963378906,183.1300048828125,109.94960021972656,210.87771606445312,413.718994140625,289.1440124511719,320.5400085449219,90.87774658203124,88.70590209960938,44.10435104370117,32.150779724121094,46.377899169921875,342.63238525390625,78.08580780029297,16.828229904174805,33.234439849853516,141.2200164794922,34.56017303466797,42.03928756713867,3.668523788452149,4.231878280639648,5.047811985015869,16.487255096435547,39.95735549926758,26.991287231445312,90.68304443359376,193.8756103515625,279.95123291015625,471.7016296386719,46.095909118652344,156.71644592285156,103.43270111083984,149.48219299316406,35.80049514770508,105.74260711669922,98.39097595214844,51.484283447265625,35.32958221435547,196.8800048828125,99.0760498046875,57.06533432006836,49.70130920410156,95.04633331298828,124.76359558105467,119.63085174560548,242.22442626953125
2023-02-27,146.4431610107422,246.2435760498047,93.76000213623048,89.67525482177734,168.7447052001953,134.29638671875,217.01541137695312,23.48175811767578,323.0299987792969,85.40049743652344,24.303081512451172,78.7699966430664,120.6485595703125,45.53964614868164,200.4600067138672,66.14978790283203,10.500014305114746,38.395355224609375,117.24684143066406,160.91644287109375,57.18260192871094,47.702247619628906,176.80203247070312,56.31102752685547,84.1124496459961,623.69580078125,171.1151885986328,59.40787506103515,73.7699966430664,40.47999954223633,58.959999084472656,63.77000045776367,33.54999923706055,10.0,54.189998626708984,123.52999877929688,41.9900016784668,24.989999771118164,9.880000114440918,120.5999984741211,43.699851989746094,86.19288635253906,139.36000061035156,41.62157440185547,86.0,75.9793472290039,36.650001525878906,8.029999732971191,120.6500015258789,71.63999938964844,60.2599983215332,131.83999633789062,94.25499725341795,154.64999389648438,206.8699951171875,77.5999984741211,59.7599983215332,73.72000122070312,164.6199951171875,161.97933959960938,428.5700073242187,184.92999267578125,111.8439483642578,210.8967437744141,406.6332702636719,289.83380126953125,322.32000732421875,89.94757843017578,89.4423828125,44.2557258605957,32.150779724121094,46.64593124389648,344.21441650390625,75.45064544677734,16.644556045532227,33.35453796386719,140.94622802734375,34.88709259033203,42.70960998535156,3.6952364444732666,4.315037250518799,5.093785285949707,16.614830017089844,39.37157440185547,27.148317337036133,90.73981475830078,196.47296142578125,279.33782958984375,470.1763000488281,45.762664794921875,156.5756378173828,103.24591064453124,149.85955810546875,36.2694206237793,106.19607543945312,98.96125030517578,51.942604064941406,35.51105880737305,207.6300048828125,99.2242202758789,57.045989990234375,49.267555236816406,96.58383178710938,126.92521667480467,121.22057342529295,249.50514221191406
2023-02-28,145.93826293945312,245.51516723632812,94.2300033569336,89.87432098388672,174.119384765625,135.42054748535156,216.61160278320312,23.19699478149414,322.1300048828125,84.85679626464844,24.332365036010746,78.58000183105469,119.54830169677734,45.24993896484375,201.5500030517578,66.83619689941406,10.508718490600586,37.83861541748047,117.35133361816406,161.58558654785156,57.10358810424805,48.028358459472656,177.09161376953125,57.16130447387695,83.89083862304688,609.5360107421875,171.82757568359375,59.69450378417969,73.5999984741211,41.13999938964844,64.83000183105469,67.20999908447266,33.2599983215332,10.0,54.65999984741211,123.27999877929688,42.0,25.11000061035156,10.149999618530272,121.41000366210938,43.795265197753906,84.78289794921875,137.69000244140625,41.34248352050781,87.7300033569336,74.69026184082031,36.63999938964844,7.840000152587891,120.69000244140624,71.29000091552734,60.0099983215332,131.14999389648438,94.18499755859376,154.3800048828125,209.52000427246097,76.5199966430664,61.349998474121094,74.58999633789062,164.3300018310547,162.44601440429688,432.1700134277344,185.47000122070312,110.57134246826172,209.2027130126953,401.2721862792969,284.84759521484375,323.95001220703125,89.76154327392578,89.63147735595703,44.24625778198242,32.2353630065918,46.84925842285156,331.143798828125,75.48941040039062,16.53959846496582,33.29448318481445,139.03927612304688,34.718955993652344,42.03928756713867,3.6418111324310303,4.250357151031494,5.0570068359375,16.66067886352539,39.02587890625,27.268404006958008,91.5346221923828,197.9255218505859,279.8380432128906,467.4249267578125,45.98590469360352,158.1619415283203,102.6482162475586,147.9727325439453,35.7103157043457,104.59502410888672,96.61481475830078,50.806365966796875,34.753257751464844,205.7100067138672,98.39447784423828,56.65897750854492,48.72535705566406,95.5681381225586,123.80496215820312,118.3667449951172,246.8743438720703
2023-03-01,143.85922241210938,242.4145050048828,92.16999816894533,90.08332824707033,172.60650634765625,134.66481018066406,215.05552673339844,22.679418563842773,313.4800109863281,83.82764434814453,24.7227725982666,78.29000091552734,118.52202606201172,45.1751823425293,204.5500030517578,66.386474609375,10.7263822555542,37.81908416748047,118.2115478515625,162.26417541503906,56.629539489746094,48.513572692871094,176.74411010742188,57.0920524597168,85.19154357910156,606.79296875,172.20306396484375,59.28767395019531,73.81999969482422,40.099998474121094,64.66999816894531,65.73999786376953,32.9900016784668,9.899999618530272,53.91999816894531,120.83000183105467,41.47999954223633,24.969999313354492,10.140000343322754,118.27999877929688,43.65214920043945,86.86890411376953,143.66000366210938,42.54256820678711,91.04000091552734,78.42283630371094,37.47999954223633,7.690000057220459,120.20999908447266,71.44000244140625,58.5099983215332,128.44000244140625,93.47000122070312,154.5,209.97000122070312,75.22000122070312,58.9900016784668,69.62000274658203,162.19000244140625,166.15939331054688,428.94000244140625,184.1199951171875,110.96964263916016,208.95529174804688,395.4479064941406,280.3638610839844,323.3800048828125,89.47319030761719,89.9300537109375,44.16111755371094,32.08499526977539,47.59788131713867,328.3743896484375,74.99531555175781,16.320932388305664,32.85696029663086,138.1689453125,34.21457290649414,40.8901481628418,3.6863319873809814,4.250357151031494,5.020227909088135,16.670644760131836,38.83382034301758,26.65874290466309,90.49380493164062,186.92056274414065,274.4118347167969,462.1056213378906,45.34528350830078,152.43618774414062,103.5634536743164,149.15081787109375,36.00790786743164,109.21305847167967,99.32582092285156,52.41047286987305,35.981082916259766,202.77000427246097,97.3375244140625,57.77164077758789,49.46635818481445,99.92909240722656,130.91012573242188,123.7200698852539,245.253173828125
2023-03-02,144.45323181152344,247.1787109375,92.12999725341795,91.87483978271484,173.7113037109375,133.2666778564453,215.7449188232422,23.29490852355957,311.8800048828125,84.4393081665039,25.57192039489746,80.44000244140625,119.2061996459961,45.35273742675781,210.05999755859375,67.63309478759766,10.926631927490234,38.700191497802734,118.30712127685548,164.06430053710938,55.73081970214844,48.42068099975586,178.1726531982422,57.58066940307617,85.7792739868164,615.890625,173.8974609375,59.97189712524414,74.0999984741211,41.18000030517578,63.70000076293945,71.63999938964844,33.689998626708984,9.779999732971191,55.279998779296875,122.37999725341795,42.150001525878906,25.34000015258789,10.100000381469728,118.45999908447266,43.48994064331055,86.6757583618164,150.22999572753906,43.78916549682617,95.76000213623048,82.33821105957031,39.22999954223633,7.96999979019165,123.63999938964844,80.91000366210938,59.400001525878906,134.1300048828125,94.9250030517578,135.27999877929688,205.32000732421875,74.0999984741211,61.279998779296875,70.62999725341797,166.11000061035156,185.2624969482422,436.0400085449219,188.1699981689453,111.26107025146484,211.8008575439453,394.56103515625,283.1526184082031,333.5,89.37088012695312,91.56224822998048,43.32860565185547,31.678258895874023,47.50546646118164,331.0964050292969,73.71649169921875,16.320932388305664,32.951332092285156,138.0320281982422,34.51346969604492,41.17742919921875,3.6596195697784424,4.324276447296143,5.066201210021973,16.612836837768555,38.57454299926758,26.612558364868164,90.89120483398438,187.6805419921875,276.5162658691406,468.8827209472656,45.458526611328125,155.75900268554688,104.03976440429688,149.62022399902344,36.30548858642578,111.79509735107422,101.270263671875,52.80195236206055,36.82521438598633,190.8999938964844,97.71288299560548,58.3134651184082,50.33386993408203,98.5965805053711,130.85374450683594,124.14144134521484,243.0592803955078
2023-03-03,149.5220947265625,251.29327392578125,94.9000015258789,93.57677459716795,184.38101196289065,135.7134246826172,220.38363647460935,23.870441436767575,315.17999267578125,86.65296173095703,25.76712417602539,81.5199966430664,119.86265563964844,46.05363845825195,215.11000061035156,68.15382385253906,11.388072967529297,40.14912033081055,118.13507080078124,165.57220458984375,56.076473236083984,48.585716247558594,179.7749481201172,60.86151123046875,86.51152801513672,628.9254760742188,176.14059448242188,59.70375442504883,76.29000091552734,43.400001525878906,64.51000213623047,73.87999725341797,34.56999969482422,10.119999885559082,57.34000015258789,125.7300033569336,43.220001220703125,26.399999618530273,10.649999618530272,121.41999816894533,43.92885208129883,86.62747192382812,153.4600067138672,44.151981353759766,95.69000244140624,82.63642883300781,41.369998931884766,8.329999923706055,126.04000091552734,85.55000305175781,61.58000183105469,119.23999786376952,95.79499816894533,142.11000061035156,219.05999755859375,76.9800033569336,65.08999633789062,70.80999755859375,177.52999877929688,185.1036376953125,443.9800109863281,191.5500030517578,113.56342315673828,213.8946075439453,402.5927734375,287.2914123535156,344.0400085449219,91.46376037597656,93.2043914794922,44.32194900512695,32.312007904052734,48.38347625732422,338.67437744140625,74.99531555175781,16.452131271362305,32.82264709472656,138.76547241210938,34.77500534057617,40.69862365722656,3.7041404247283936,4.453636169433594,5.2408976554870605,17.091249465942383,38.20964431762695,26.427814483642575,92.3578109741211,192.13446044921875,281.64044189453125,458.8135681152344,45.513526916503906,155.81533813476562,105.3565902709961,151.82920837402344,36.2694206237793,112.69278717041016,101.56007385253906,53.46077728271485,37.30483627319336,197.7899932861328,99.90579986572266,59.26164627075195,51.21041488647461,98.7922592163086,132.67701721191406,127.84757232666016,251.78640747070312
2023-03-06,152.29415893554688,252.8485565185547,93.75,95.12942504882812,184.0326385498047,134.91986083984375,223.31854248046875,23.53471565246582,312.0299987792969,87.12871551513672,25.36695098876953,81.16000366210938,120.37118530273438,46.184471130371094,211.9199981689453,68.75403594970703,11.301008224487305,39.60088348388672,116.9977035522461,163.09353637695312,56.1258659362793,47.950286865234375,179.07032775878906,60.876895904541016,86.30919647216797,612.7330932617188,173.233154296875,58.54795837402344,76.77999877929688,43.47999954223633,62.77000045776367,73.87999725341797,33.880001068115234,9.75,55.95000076293945,126.33000183105467,42.43000030517578,26.68000030517578,11.65999984741211,118.77999877929688,42.698001861572266,86.55021667480469,149.50999450683594,44.57992172241211,93.77999877929688,83.17516326904297,40.56999969482422,8.279999732971191,127.58999633789062,84.1500015258789,60.099998474121094,119.80999755859376,93.95500183105467,142.07000732421875,219.88999938964844,76.58000183105469,64.1500015258789,71.33000183105469,176.14999389648438,182.4923858642578,446.0199890136719,188.82000732421875,116.31265258789062,214.6273956298828,406.7219543457031,288.4640808105469,347.0199890136719,91.51026916503906,94.67735290527344,44.11381912231445,32.24579620361328,48.22636032104492,338.63641357421875,74.21057891845703,16.417146682739258,32.72827911376953,140.5452880859375,34.63489532470703,41.17742919921875,3.739756822586059,4.4259161949157715,5.167341232299805,17.24872589111328,37.51824188232422,26.3908634185791,91.95094299316406,193.9044647216797,281.4139404296875,466.3629455566406,45.50705337524414,155.0644073486328,106.29052734375,152.94288635253906,36.44976806640625,111.89688873291016,102.42009735107422,52.84968948364258,37.27605819702149,193.80999755859375,99.4316635131836,59.67768478393555,51.04776382446289,96.89134216308594,131.28607177734375,126.33448028564452,249.37893676757812
2023-03-07,150.08642578125,250.171142578125,93.5500030517578,93.72606658935548,183.64447021484375,130.95220947265625,219.792724609375,23.272886276245117,308.4700012207031,85.78886413574219,24.917980194091797,82.11000061035156,118.57749938964844,45.70786666870117,207.9199981689453,68.22489929199219,11.170411109924316,38.90577697753906,113.92007446289062,162.16050720214844,54.87159729003906,47.40083694458008,178.51051330566406,60.129539489746094,85.6058578491211,601.0303955078125,170.78782653808594,57.45689392089844,74.91000366210938,42.459999084472656,61.88999938964844,73.69999694824219,34.13999938964844,9.880000114440918,58.15999984741211,126.94000244140624,41.75,26.63999938964844,11.720000267028809,115.88999938964844,41.96331405639648,85.6906967163086,142.63999938964844,43.32402038574219,93.66999816894533,80.61621856689453,41.56999969482422,8.279999732971191,124.93000030517578,85.41999816894531,59.599998474121094,117.87999725341795,93.5999984741211,142.4499969482422,223.6499938964844,74.81999969482422,64.91999816894531,69.6500015258789,176.47999572753906,182.0157928466797,444.80999755859375,186.63999938964844,113.5537109375,210.5921936035156,403.35162353515625,283.2117614746094,344.79998779296875,89.35226440429688,93.41339874267578,42.05144882202149,31.214767456054688,47.209712982177734,328.23211669921875,72.61204528808594,16.36466407775879,32.52238082885742,139.71405029296875,33.803585052490234,38.879154205322266,3.6596195697784424,4.379715919494629,5.066201210021973,17.394243240356445,36.4907341003418,25.78765869140625,91.61978149414062,189.90269470214844,274.32696533203125,468.3613586425781,45.05408477783203,152.83042907714844,104.23587799072266,150.9732208251953,35.89067077636719,109.44441986083984,100.63457489013672,51.59886169433594,36.30722427368164,187.7100067138672,97.85118103027344,58.874629974365234,49.72841262817383,94.85063934326172,128.72030639648438,124.69688415527344,241.62255859375
2023-03-08,151.34373474121094,249.72817993164065,93.91999816894533,94.20380401611328,184.10232543945312,130.1775665283203,218.8275604248047,24.165306091308594,311.7900085449219,85.91508483886719,25.357189178466797,85.37000274658203,118.392578125,45.8947639465332,207.1999969482422,68.69084930419922,11.301008224487305,38.92536163330078,115.8411865234375,166.08116149902344,56.18511199951172,48.75865173339844,180.08383178710938,60.81342315673828,87.51356506347656,611.1838989257812,175.70738220214844,58.834598541259766,75.83999633789062,43.70000076293945,63.0099983215332,72.12000274658203,34.0099983215332,9.800000190734863,58.20000076293945,125.0,41.869998931884766,25.739999771118164,11.050000190734863,113.18000030517578,42.23046875,83.97166442871094,142.10000610351562,43.705440521240234,93.02999877929688,80.16260528564453,41.349998474121094,8.130000114440918,128.9199981689453,85.95999908447266,59.29999923706055,114.9499969482422,94.19000244140624,142.64999389648438,228.6999969482422,71.9800033569336,65.66000366210938,68.91000366210938,177.89999389648438,181.64840698242188,446.9700012207031,183.4900054931641,114.05886840820312,211.24888610839844,410.6245422363281,284.6208801269531,345.8399963378906,89.20344543457031,93.8015365600586,41.474369049072266,30.798568725585938,46.84001541137695,331.276611328125,73.82305145263672,16.277204513549805,32.19639205932617,140.01718139648438,33.53270721435547,36.963924407958984,3.6774280071258545,4.398196220397949,5.075395584106445,17.553712844848633,37.23015594482422,26.356367111206055,93.74871063232422,193.49082946777344,277.06439208984375,469.2205810546875,44.68199920654297,153.4780731201172,102.7135772705078,150.01600646972656,35.76442337036133,109.04647827148438,100.241943359375,51.12145233154297,35.64534378051758,182.0,98.08824920654295,60.13243103027344,49.249481201171875,92.53970336914062,124.78240966796876,122.4559555053711,245.84536743164062
2023-03-09,149.08648681640625,248.3697967529297,92.25,92.22319793701172,180.8376922607422,123.13021850585938,216.68052673339844,23.42079162597656,297.7799987792969,84.34222412109375,25.80616569519043,84.02999877929688,116.64511108398438,45.614410400390625,201.2400054931641,72.30780792236328,10.83956527709961,37.02608108520508,112.03716278076172,163.46109008789062,54.911102294921875,48.450321197509766,177.178466796875,59.876583099365234,85.6347427368164,596.7183837890625,173.1272735595703,58.48323822021485,75.93000030517578,43.0,58.09000015258789,68.9000015258789,32.31999969482422,8.920000076293945,55.279998779296875,119.83999633789062,39.36000061035156,24.84000015258789,10.65999984741211,107.73999786376952,41.21333312988281,80.51429748535156,131.4600067138672,38.77485656738281,85.6500015258789,78.57017517089844,39.939998626708984,7.690000057220459,121.68000030517578,83.6500015258789,57.369998931884766,110.4499969482422,92.20999908447266,136.3000030517578,209.57000732421875,69.91000366210938,64.41000366210938,67.62000274658203,169.99000549316406,177.44850158691406,428.5,181.47000122070312,112.6793975830078,209.5835418701172,398.7099304199219,281.5858459472656,338.3699951171875,85.76181030273438,91.88072204589844,38.91060256958008,28.887845993041992,44.91761016845703,324.4479064941406,64.39656829833984,16.023555755615234,31.35566520690918,137.97335815429688,33.13106155395508,36.38935852050781,3.668523788452149,4.379715919494629,5.093785285949707,17.25470733642578,36.298675537109375,26.00208854675293,93.28507232666016,191.4803466796875,273.74713134765625,462.9261779785156,44.381103515625,150.7841796875,101.91973876953124,147.73341369628906,35.475852966308594,106.4274444580078,98.91448974609376,49.83243179321289,34.12015914916992,172.9199981689453,94.96681213378906,58.76424026489258,47.87591171264648,94.24495697021484,124.32186889648438,122.94436645507812,229.8278045654297
2023-03-10,147.01736450195312,244.6981658935547,90.7300033569336,90.58096313476562,178.6679229736328,126.25711822509766,212.869140625,22.950098037719727,292.760009765625,81.62370300292969,26.56746482849121,82.66999816894531,115.98866271972656,45.38077926635742,203.07000732421875,71.86556243896484,10.534839630126951,35.753379821777344,110.09693145751952,161.7646484375,54.2494010925293,47.31782913208008,175.4410400390625,59.136932373046875,84.06427001953125,593.2352294921875,168.5254364013672,57.09628677368164,73.43000030517578,41.459999084472656,53.439998626708984,64.36000061035156,31.11000061035156,8.710000038146973,53.22999954223633,118.3000030517578,39.20000076293945,24.170000076293945,10.34000015258789,105.9800033569336,40.34012985229492,80.11833953857422,132.4199981689453,37.64919662475586,85.7300033569336,79.94062805175781,40.04999923706055,7.349999904632568,119.72000122070312,81.02999877929688,52.720001220703125,105.4499969482422,92.8550033569336,131.4600067138672,194.0800018310547,65.13999938964844,49.689998626708984,67.12000274658203,155.77999877929688,171.94790649414062,415.0799865722656,178.27000427246094,112.1645278930664,204.3961181640625,386.9136047363281,269.2975158691406,329.29998779296875,83.7619400024414,90.1987533569336,39.128196716308594,28.6324520111084,44.67731857299805,310.7716064453125,56.86894226074219,16.11976432800293,31.46718978881836,136.42825317382812,32.98161315917969,35.14445877075195,3.668523788452149,4.333517551422119,4.974255561828613,16.895896911621094,35.261573791503906,25.591873168945312,92.14019012451172,189.1811981201172,272.1407775878906,454.8362426757813,44.3163948059082,148.47509765625,100.658935546875,146.9602813720703,35.17826843261719,103.8176498413086,97.42811584472656,48.696189880371094,33.1225471496582,173.44000244140625,92.4281768798828,58.08499526977539,46.7734489440918,94.31948852539062,124.20906829833984,123.10716247558594,218.5475616455078
2023-03-13,148.96771240234375,249.9447326660156,92.43000030517578,91.2279052734375,180.05140686035156,123.9898910522461,211.22439575195312,22.95109748840332,293.510009765625,82.45867919921875,26.303937911987305,82.01000213623047,116.10887145996094,45.24059295654297,203.3699951171875,70.26240539550781,10.47389316558838,35.00932693481445,109.37052917480467,163.88519287109375,53.2321662902832,47.13797378540039,176.2035675048828,59.2946662902832,84.53638458251953,596.7578735351562,168.40989685058594,55.79254913330078,72.61000061035156,41.779998779296875,59.16999816894531,63.209999084472656,30.81999969482422,8.460000038146973,53.79999923706055,115.95999908447266,40.20000076293945,23.690000534057617,10.229999542236328,103.70999908447266,39.42854690551758,80.06039428710938,133.64999389648438,37.31428909301758,91.16999816894533,80.84784698486328,41.40999984741211,7.869999885559082,121.41000366210938,79.98999786376953,55.25,109.86000061035156,92.9499969482422,137.72999572753906,201.7400054931641,66.23999786376953,53.064998626708984,68.66999816894531,158.32000732421875,174.26133728027344,414.9299926757813,181.25,111.74679565429688,204.38656616210935,385.87884521484375,270.53912353515625,324.2699890136719,81.84578704833984,90.67648315429688,36.337371826171875,26.96766471862793,41.35009002685547,299.23870849609375,50.290748596191406,16.00606346130371,31.347084045410156,136.64341735839844,33.16842269897461,34.761409759521484,3.606194734573364,4.305797576904297,5.029422283172607,17.055368423461914,35.117530822753906,25.489322662353516,93.63516235351562,190.037353515625,272.3403015136719,455.6664123535156,44.44581604003906,148.23106384277344,99.5008544921875,146.0767059326172,34.276493072509766,100.96725463867188,94.11881256103516,46.633766174316406,32.0194206237793,174.47999572753906,91.47000885009766,57.396053314208984,45.1649284362793,89.00807189941406,120.4027328491211,118.53913116455078,216.47010803222656
2023-03-14,151.0665283203125,256.70721435546875,94.87999725341795,93.80569458007812,193.10987854003903,127.17346954345705,215.35096740722656,24.047382354736328,294.94000244140625,82.09944152832031,27.338529586791992,87.44999694824219,115.24900817871094,45.83869934082031,207.27999877929688,71.99983215332031,10.386828422546388,34.85268783569336,111.39679718017578,165.6193389892578,53.59757995605469,48.99314498901367,180.0934600830078,60.83264923095703,86.02978515625,612.0719604492188,173.1586456298828,56.42129135131836,73.23999786376953,43.79999923706055,62.650001525878906,62.9900016784668,32.36000061035156,8.510000228881836,56.9900016784668,116.36000061035156,40.41999816894531,24.989999771118164,10.369999885559082,102.79000091552734,39.49571228027344,80.97785949707031,136.6999969482422,37.62128448486328,92.7300033569336,82.33412170410156,43.189998626708984,7.889999866485596,128.00999450683594,81.80999755859375,54.79999923706055,107.97000122070312,92.23999786376952,139.82000732421875,204.67999267578125,65.95999908447266,55.4900016784668,68.98999786376953,159.97999572753906,181.58883666992188,424.5400085449219,183.41000366210935,114.74861145019533,204.42483520507812,402.3759460449219,276.42218017578125,333.3299865722656,83.68753051757812,93.52287292480467,38.002403259277344,27.20413589477539,43.808536529541016,305.5362243652344,54.91195297241211,16.128511428833008,31.638763427734375,139.8509521484375,32.95358657836914,33.61227035522461,3.6240029335021977,4.324276447296143,5.0570068359375,17.03144645690918,36.05860900878906,25.927507400512695,95.34776306152344,189.34475708007812,271.4373474121094,465.24310302734375,44.68199920654297,148.65345764160156,99.87443542480467,147.9635009765625,34.492919921875,101.0597915649414,94.7544937133789,47.130271911621094,32.05779266357422,183.2599945068359,92.22074127197266,58.40520858764648,45.284542083740234,91.2724151611328,123.70157623291016,122.3697738647461,218.77081298828125
2023-03-15,151.4625701904297,261.284423828125,96.1999969482422,96.0948486328125,196.82237243652344,121.16527557373048,213.09564208984375,24.21227645874023,303.7900085449219,80.56542205810547,27.728939056396484,89.68000030517578,113.98231506347656,45.848045349121094,198.2100067138672,70.88628387451172,10.19528579711914,33.60934829711914,110.3836669921875,164.35643005371094,53.45931243896485,48.30582427978515,176.57034301757812,60.21514892578125,83.53433227539062,598.6425170898438,169.072265625,55.339473724365234,73.91000366210938,43.540000915527344,64.47000122070312,63.400001525878906,31.969999313354492,8.989999771118164,58.470001220703125,113.58000183105467,40.630001068115234,25.030000686645508,10.34000015258789,104.73999786376952,39.15987014770508,78.71800994873047,133.10000610351562,36.597957611083984,91.20999908447266,80.90574645996094,42.720001220703125,7.900000095367432,129.32000732421875,83.20999908447266,55.25,107.66999816894533,91.9000015258789,139.5800018310547,212.1300048828125,67.54000091552734,56.54999923706055,71.02999877929688,158.0,181.6086883544922,422.260009765625,184.36000061035156,112.300537109375,204.0994110107422,400.4246826171875,273.83050537109375,333.6099853515625,79.4273452758789,95.6526870727539,36.75362777709961,26.948747634887695,41.42402267456055,296.08990478515625,57.69242858886719,16.014808654785156,31.793190002441406,141.22979736328125,33.523372650146484,34.85717010498047,3.517152786254883,4.148718357086182,4.873115539550781,16.69257164001465,36.02019500732422,26.06735038757324,94.7989730834961,191.0377960205078,273.71856689453125,468.853759765625,45.180274963378906,149.36683654785156,94.90592956542967,141.55752563476562,32.32865905761719,94.7832489013672,89.03333282470703,43.27276992797851,29.170480728149418,180.4499969482422,91.96390533447266,55.1157341003418,41.512359619140625,87.26557159423828,116.8501434326172,117.49527740478516,208.13125610351562
2023-03-16,154.29400634765625,271.8759460449219,100.04000091552734,100.59354400634766,203.9687042236328,123.51751708984376,214.15928649902344,25.52442169189453,310.05999755859375,82.35186767578125,29.456506729125977,96.5999984741211,115.29521942138672,46.83863830566406,203.19000244140625,72.63160705566406,10.291057586669922,33.88346862792969,115.18170166015624,166.93881225585938,55.86907958984375,51.09675979614258,180.14173889160156,61.22124481201172,86.48731994628906,622.1958618164062,173.80743408203125,56.58773422241211,74.3499984741211,44.66999816894531,67.77999877929688,64.18000030517578,32.72999954223633,9.600000381469728,60.72999954223633,119.98999786376952,41.529998779296875,26.530000686645508,11.09000015258789,104.43000030517578,39.77397918701172,79.4036865234375,138.16000366210938,37.01659393310547,94.5199966430664,82.52714538574219,45.33000183105469,7.980000019073486,133.52000427246094,84.36000061035156,55.529998779296875,108.12999725341795,94.88500213623048,138.9199981689453,221.25,69.20999908447266,58.810001373291016,70.58999633789062,157.35000610351562,185.9674530029297,442.3900146484375,191.72000122070312,116.86639404296876,206.54000854492188,412.0830078125,275.97869873046875,353.2900085449219,80.9342269897461,99.84265899658205,37.179344177246094,27.40277862548828,42.16341018676758,298.84033203125,56.07452392578125,16.084779739379883,31.381406784057617,138.3840789794922,33.85028839111328,34.56988525390625,3.4993443489074707,4.222638130187988,4.928283214569092,17.2208194732666,36.53874969482422,26.39366340637207,98.59319305419922,192.0767364501953,272.53997802734375,470.3983459472656,44.92361831665039,153.04629516601562,94.35491180419922,142.00851440429688,32.12125015258789,97.58527374267578,90.11773681640624,44.09392166137695,29.736433029174805,184.1300048828125,93.13939666748048,57.289310455322266,42.57040786743164,88.57012176513672,119.519287109375,119.86070251464844,208.7245635986328
2023-03-17,153.45248413085938,275.0553894042969,98.9499969482422,101.97698974609376,194.69241333007812,118.85079193115234,214.10020446777344,25.70830345153809,303.5,82.7790756225586,29.095378875732425,97.83999633789062,114.36140441894533,46.904052734375,201.0500030517578,71.30487060546875,9.838321685791016,32.679283142089844,115.3919906616211,165.6005096435547,55.95796585083008,50.41935348510742,179.38885498046875,60.68933868408203,86.65196228027344,625.284423828125,171.6770782470703,56.44903564453125,72.98999786376953,44.68000030517578,74.9800033569336,62.86000061035156,31.780000686645508,10.0600004196167,59.63999938964844,118.1500015258789,40.599998474121094,26.3700008392334,10.699999809265137,105.33999633789062,40.359317779541016,78.87252807617188,146.83999633789062,36.12350845336914,91.94000244140624,82.87459564208984,43.689998626708984,7.880000114440918,133.1199951171875,83.83000183105469,54.529998779296875,105.48999786376952,94.55999755859376,135.6199951171875,219.77000427246097,68.62000274658203,58.52000045776367,69.19000244140625,158.25,183.53488159179688,441.0,188.77000427246097,115.81720733642578,204.0707092285156,407.687744140625,272.9041442871094,358.1400146484375,78.30183410644531,101.13646697998048,35.72244644165039,26.31499290466309,40.897212982177734,287.8860168457031,54.65037536621094,15.85737133026123,31.56155586242676,139.30331420898438,33.65412902832031,34.85717010498047,3.4993443489074707,4.17643928527832,4.86392068862915,17.246732711791992,35.74171447753906,26.141937255859375,97.93087768554688,189.85459899902344,274.1177978515625,470.1956176757813,45.287479400634766,149.5826873779297,93.2435302734375,140.21372985839844,31.7154541015625,95.96944427490234,88.23870849609375,42.66168212890625,28.729232788085938,180.1300048828125,92.06269073486328,56.74591827392578,42.46000289916992,88.26263427734375,118.76742553710938,118.42420196533205,202.7723846435547
2023-03-20,155.82850646972656,267.9680480957031,97.70999908447266,101.4494857788086,196.8820953369141,120.10721588134766,214.84866333007812,25.883188247680664,305.1300048828125,84.42959594726562,28.460960388183594,96.80999755859376,116.44171142578124,47.604957580566406,204.77000427246097,71.01264953613281,9.733843803405762,32.914249420166016,116.43376922607422,168.85198974609375,56.92582321166992,50.9083137512207,180.55679321289065,61.91473007202149,87.20401763916016,637.7567138671875,174.83387756347656,57.38291931152344,73.20999908447266,43.880001068115234,75.13999938964844,62.58000183105469,31.93000030517578,9.93000030517578,59.31999969482422,118.4000015258789,40.63999938964844,26.75,10.65999984741211,108.36000061035156,41.29969024658203,78.22547912597656,150.17999267578125,35.965354919433594,78.91000366210938,82.87459564208984,43.36000061035156,8.079999923706055,132.74000549316406,84.23999786376953,53.720001220703125,105.45999908447266,94.71499633789062,135.47000122070312,210.9199981689453,66.20999908447266,55.790000915527344,69.30000305175781,148.89999389648438,183.9320373535156,435.1499938964844,190.63999938964844,117.91555786132812,206.60699462890625,405.8645935058594,266.4299011230469,362.8800048828125,79.6598892211914,100.7383804321289,35.457557678222656,26.248779296875,40.74933624267578,293.5670471191406,54.359737396240234,16.172243118286133,32.110599517822266,142.39352416992188,34.02775573730469,35.52750015258789,3.552769422531128,4.222638130187988,4.90989351272583,17.62547492980957,37.01888656616211,26.281782150268555,96.80490112304688,189.30625915527344,274.94476318359375,472.3580932617187,45.7747917175293,153.2246551513672,95.68107604980467,142.2754364013672,32.2835693359375,98.49127960205078,89.89337158203125,44.132118225097656,29.439067840576172,183.25,93.07024383544922,57.23109436035156,43.24205017089844,89.03604125976562,121.15460968017578,120.90454864501952,207.35321044921875
2023-03-21,157.68972778320312,269.4938049316406,100.61000061035156,105.34104919433594,201.2116851806641,123.32859802246094,218.59120178222656,26.181997299194336,305.7900085449219,85.03155517578125,27.777740478515625,95.93000030517578,117.0241928100586,47.352638244628906,204.6999969482422,72.79744720458984,10.203993797302246,34.36318588256836,118.32624053955078,168.14515686035156,57.90354919433594,50.32017517089844,181.85020446777344,61.68609619140625,89.5865249633789,633.6123657226562,174.7467041015625,58.07495880126953,76.72000122070312,45.7400016784668,83.98999786376953,65.58000183105469,32.86000061035156,10.460000038146973,60.369998931884766,123.69000244140624,42.630001068115234,27.520000457763672,11.380000114440918,112.70999908447266,41.98098373413086,80.8329849243164,151.75,36.78401947021485,78.93000030517578,83.07726287841797,44.7400016784668,8.449999809265137,136.02000427246094,84.4800033569336,57.2599983215332,113.0199966430664,97.24500274658205,141.47000122070312,218.55999755859375,69.66999816894531,58.5099983215332,71.8499984741211,154.3000030517578,187.33761596679688,445.4599914550781,190.6999969482422,119.95561981201172,208.7413330078125,415.90667724609375,273.3081970214844,374.2200012207031,82.56201934814453,104.42076873779295,36.403594970703125,27.0433349609375,41.65507507324219,300.91741943359375,57.61492919921875,16.21597671508789,32.37654495239258,141.47427368164062,34.55083465576172,36.38935852050781,3.650715112686157,4.296557426452637,4.95586633682251,17.81484603881836,37.595062255859375,26.67335319519043,97.9024887084961,189.30625915527344,275.1063232421875,473.8641052246094,45.61885070800781,152.72718811035156,99.9678192138672,146.62893676757812,33.38373565673828,101.45207977294922,93.2120132446289,46.09906005859375,30.63811492919922,197.5800018310547,95.36193084716795,58.453731536865234,45.137332916259766,89.03604125976562,124.23728942871094,122.85816955566406,216.81639099121094
2023-03-22,156.2542266845703,268.02716064453125,98.6999969482422,103.72869110107422,198.87271118164065,120.14501190185548,216.7100830078125,26.45082092285156,293.8999938964844,85.34224700927734,27.45564842224121,97.58000183105467,114.69425201416016,46.22185516357422,196.16000366210935,70.75204467773438,9.995037078857422,33.33522415161133,116.57714080810548,166.1754150390625,57.44925308227539,50.21504592895508,180.12240600585938,61.121307373046875,89.70275115966797,631.8757934570312,171.0282745361328,56.59736251831055,74.33999633789062,44.959999084472656,77.13999938964844,62.689998626708984,31.520000457763672,9.960000038146973,59.119998931884766,121.16999816894533,41.95000076293945,27.469999313354492,11.050000190734863,110.95999908447266,41.12697219848633,80.78470611572266,148.66000366210938,35.816505432128906,75.58000183105469,82.1989974975586,42.849998474121094,8.210000038146973,133.25999450683594,82.29000091552734,55.439998626708984,108.86000061035156,95.44499969482422,135.6300048828125,211.1300048828125,66.19000244140625,56.59000015258789,68.75,149.02999877929688,185.1830596923828,433.510009765625,184.2899932861328,118.75101470947266,204.1089782714844,408.2001953125,262.9612121582031,361.7099914550781,81.43650817871094,102.87814331054688,35.19266891479492,26.144729614257812,40.39812469482422,297.49359130859375,54.50505065917969,16.084779739379883,32.007659912109375,140.291015625,33.812923431396484,35.24021911621094,3.6418111324310303,4.24111795425415,4.891505241394043,17.430124282836914,36.56755828857422,25.964797973632812,97.0698471069336,184.2847900390625,268.6238708496094,470.6493225097656,45.32646942138672,147.80868530273438,97.67969512939452,143.6468505859375,33.20338439941406,98.7528076171875,91.95934295654295,45.25881576538086,29.218442916870117,191.1499938964844,93.74195098876952,56.93998336791992,43.9412727355957,88.23466491699219,123.84255981445312,121.6036376953125,210.18341064453125
2023-03-23,157.34324645996094,273.3130798339844,98.70999908447266,105.75908660888672,203.32174682617188,119.82380676269533,219.2215118408203,27.173351287841797,320.3699951171875,85.22574615478516,28.334077835083008,100.27999877929688,114.06553649902344,46.47417449951172,197.8999938964844,72.33151245117188,9.942798614501951,33.03173065185547,118.6607666015625,169.9075469970703,60.579978942871094,51.929874420166016,182.86366271972656,61.92635345458984,91.61068725585938,655.35009765625,176.2766876220703,57.607364654541016,72.55999755859375,45.790000915527344,66.30000305175781,62.380001068115234,31.18000030517578,9.829999923706056,60.310001373291016,120.3000030517578,43.36000061035156,27.61000061035156,11.390000343322754,110.08999633789062,40.733551025390625,83.556396484375,150.91000366210938,37.277076721191406,77.44999694824219,86.95703887939453,42.06999969482422,8.329999923706055,134.5399932861328,84.26000213623047,58.18000030517578,112.55999755859376,96.94499969482422,140.57000732421875,220.07000732421875,67.44000244140625,57.209999084472656,69.19000244140625,153.2899932861328,186.10647583007812,440.4700012207031,188.0399932861328,120.20819854736328,204.4535369873047,426.2149658203125,268.35150146484375,369.0,79.84591674804688,105.0975341796875,34.63450622558594,25.51097297668457,40.15782928466797,298.61273193359375,51.24017333984375,16.146005630493164,32.05912780761719,139.15663146972656,33.59809494018555,34.56988525390625,3.6418111324310303,4.250357151031494,4.928283214569092,17.59557342529297,36.31787872314453,25.843599319458008,97.80786895751952,182.47625732421875,269.8595275878906,470.881103515625,45.693572998046875,146.54150390625,96.5776596069336,142.22024536132812,32.89677810668945,97.865478515625,90.13642120361328,43.42554473876953,28.220834732055664,192.22000122070312,94.6605987548828,56.74591827392578,42.98443603515625,87.16307067871094,122.5361785888672,120.80877685546876,209.72628784179688
2023-03-24,158.65008544921875,276.1774597167969,98.12999725341795,105.56000518798828,205.0436248779297,118.00057983398438,217.6949462890625,26.761619567871097,328.3900146484375,85.44905090332031,28.656166076660156,97.9499969482422,115.84073638916016,47.20310592651367,197.52999877929688,72.15777587890625,10.021157264709473,33.002357482910156,119.24378967285156,169.18186950683594,60.4022102355957,49.79452133178711,181.1648712158203,61.62990951538086,89.86738586425781,638.9407958984375,170.9605255126953,57.64476776123047,73.87999725341797,44.97999954223633,67.83000183105469,61.47999954223633,30.75,9.869999885559082,60.66999816894531,116.91999816894533,43.43000030517578,27.469999313354492,11.5600004196167,106.8499984741211,40.935054779052734,83.92338562011719,156.27000427246094,37.481746673583984,73.95999908447266,86.28144836425781,43.43000030517578,8.199999809265137,131.5399932861328,82.25,56.63999938964844,111.93000030517578,95.7750015258789,136.52999877929688,216.7899932861328,65.23999786376953,56.619998931884766,69.04000091552734,152.72000122070312,188.70782470703125,432.8999938964844,190.42999267578125,119.7710418701172,204.9416656494141,423.33740234375,267.6025695800781,374.9599914550781,78.087890625,104.93830108642578,34.27500915527344,25.671777725219727,39.84358978271485,296.4503173828125,51.598636627197266,16.277204513549805,32.307918548583984,139.39134216308594,33.551387786865234,36.102073669433594,3.606194734573364,4.278077602386475,5.020227909088135,17.44806480407715,35.89535903930664,25.843599319458008,98.157958984375,182.25503540039065,269.0135803222656,478.1311645507813,46.06718063354492,146.63536071777344,96.68973541259766,143.6376495361328,32.355712890625,98.52862548828124,89.21095275878906,42.55665588378906,28.393495559692383,190.41000366210935,92.93195343017578,56.45480728149414,42.84642028808594,87.3401107788086,121.4835433959961,119.42015075683594,211.81732177734375
2023-03-27,156.69972229003906,272.0531311035156,98.04000091552734,102.57416534423828,201.8885040283203,121.38255310058594,218.45330810546875,26.513782501220703,327.6600036621094,87.5170669555664,28.480480194091797,96.61000061035156,119.55755615234376,47.231143951416016,200.57000732421875,73.68984985351562,10.029863357543944,33.726829528808594,118.13507080078124,166.8634033203125,59.04918670654297,49.170677185058594,178.34640502929688,60.72604751586914,87.80448150634766,635.5069580078125,168.6848907470703,57.99078369140625,73.30000305175781,45.06999969482422,62.540000915527344,62.34000015258789,30.6200008392334,9.600000381469728,59.900001525878906,117.91000366210938,42.77000045776367,28.06999969482422,11.739999771118164,104.87999725341795,40.87748336791992,83.17010498046875,152.72999572753906,37.00728988647461,71.68000030517578,85.26807403564453,42.27000045776367,8.039999961853027,131.38999938964844,83.33000183105469,56.099998474121094,111.87000274658205,96.26499938964844,134.97000122070312,210.6499938964844,65.5999984741211,57.16999816894531,68.56999969482422,154.99000549316406,189.8992919921875,431.30999755859375,188.1499938964844,119.73218536376952,205.1617889404297,420.7455139160156,268.50921630859375,373.1499938964844,78.7297134399414,101.97247314453124,35.448097229003906,26.948747634887695,41.387054443359375,302.10296630859375,53.14872741699219,16.50461196899414,32.64249038696289,140.72128295898438,33.99974060058594,35.91054916381836,3.650715112686157,4.315037250518799,5.075395584106445,17.270652770996094,36.48113250732422,26.00208854675293,96.681884765625,183.28431701660156,267.35015869140625,476.1520690917969,46.837127685546875,149.6014862060547,98.80973815917967,145.10107421875,33.25749206542969,101.22791290283205,91.12735748291016,44.65726852416992,29.33354949951172,191.80999755859375,94.45316314697266,57.8812255859375,44.235694885253906,89.66967010498047,123.9459457397461,123.45191955566406,212.87747192382812
2023-03-28,156.0760040283203,270.921142578125,97.23999786376952,100.8821792602539,199.73861694335935,121.7509765625,216.9956970214844,26.392858505249023,323.5199890136719,87.23551177978516,28.58784294128418,94.55999755859376,119.58527374267578,47.09096908569336,204.9600067138672,73.55558776855469,10.099516868591309,33.50165939331055,115.97501373291016,167.27810668945312,58.54550552368164,48.11043930053711,177.2170867919922,60.51873779296875,87.94975280761719,631.2245483398438,167.7262725830078,56.5131950378418,72.69999694824219,44.310001373291016,63.040000915527344,62.09000015258789,30.06999969482422,8.869999885559082,59.040000915527344,116.61000061035156,42.459999084472656,26.84000015258789,11.0600004196167,105.05999755859376,41.136566162109375,95.02946472167967,159.9600067138672,38.6539192199707,72.83999633789062,87.52645874023438,41.849998474121094,8.0,128.63999938964844,82.16000366210938,56.47999954223633,110.25,95.37999725341795,134.80999755859375,213.92999267578125,67.7300033569336,57.040000915527344,68.54000091552734,155.25999450683594,190.931884765625,429.0799865722656,189.67999267578125,119.94590759277344,204.96080017089844,413.2459106445313,269.05120849609375,373.3999938964844,78.95294952392578,100.54928588867188,35.17374801635742,26.598764419555664,41.79371643066406,302.0175476074219,52.17022705078125,16.3734130859375,32.5995979309082,139.63580322265625,34.04643630981445,36.772403717041016,3.6418111324310303,4.324276447296143,5.047811985015869,17.107194900512695,36.788421630859375,25.759689331054688,96.2655792236328,182.91876220703125,266.92242431640625,469.92523193359375,46.65519714355469,149.9675750732422,100.04254150390624,146.7946014404297,33.75346755981445,103.12397003173828,92.11500549316406,45.48796844482422,30.014612197875977,189.19000244140625,93.66292572021484,60.36531448364258,44.6865119934082,92.04582977294922,127.83686065673828,125.99929809570312,212.1772003173828
2023-03-29,159.16488647460938,276.1184997558594,100.25,101.4196319580078,204.38673400878903,121.99658966064452,219.92076110839844,26.96648406982422,332.0299987792969,87.98309326171875,30.764385223388672,96.08999633789062,119.92739868164062,47.81989669799805,207.97000122070312,74.28215026855469,10.49130630493164,34.950584411621094,119.55919647216795,170.6238250732422,62.752723693847656,51.15229797363281,182.59341430664065,60.59624099731445,89.83834075927734,650.3771362304688,173.3329620361328,59.655418395996094,74.18000030517578,46.70000076293945,65.30000305175781,62.91999816894531,30.8700008392334,8.979999542236328,59.86000061035156,118.8000030517578,43.25,26.5,10.779999732971191,107.66999816894533,41.865840911865234,96.49739837646484,157.9499969482422,38.30970764160156,72.86000061035156,85.29703521728516,43.0099983215332,8.220000267028809,129.60000610351562,84.19000244140625,57.09000015258789,110.6999969482422,96.09500122070312,137.4600067138672,217.3999938964844,68.0999984741211,57.97999954223633,70.5999984741211,158.88999938964844,195.2410125732422,438.44000244140625,198.25,120.77164459228516,210.46405029296875,427.0033874511719,281.7040100097656,379.1600036621094,80.2179946899414,100.9075698852539,35.921119689941406,27.119007110595703,42.46840286254883,304.17999267578125,53.4878044128418,16.618316650390625,33.01138687133789,140.63328552246094,34.51346969604492,37.34697341918945,3.739756822586059,4.379715919494629,5.121368885040283,17.515838623046875,37.56624603271485,26.39366340637207,96.95630645751952,184.6407165527344,269.3367004394531,473.8834228515625,46.85662078857422,148.40940856933594,101.7609634399414,148.05555725097656,33.9879264831543,105.24415588378906,93.82694244384766,46.50008773803711,30.07217025756836,193.8800048828125,95.68791198730467,60.248870849609375,45.808963775634766,93.44357299804688,128.71090698242188,128.40301513671875,218.30442810058594
2023-03-30,160.73899841308594,279.60302734375,102.0,100.84236145019533,206.86505126953125,121.628173828125,218.9949951171875,27.36522674560547,338.42999267578125,87.87629699707031,31.32071876525879,97.87999725341795,119.47433471679688,48.0628776550293,211.0399932861328,74.27425384521484,10.700263023376465,35.2344970703125,121.7670669555664,173.63975524902344,62.30829620361328,52.70050811767578,187.4582061767578,61.39546203613281,89.5574722290039,667.7041625976562,175.86997985839844,60.76829147338867,74.38999938964844,46.5099983215332,64.16000366210938,63.369998931884766,31.190000534057617,9.100000381469728,61.779998779296875,122.27999877929688,42.880001068115234,26.34000015258789,10.90999984741211,108.77999877929688,42.13451385498047,99.83888244628906,153.82000732421875,41.305274963378906,76.44000244140625,85.49969482421875,43.11000061035156,8.149999618530273,131.72000122070312,84.33999633789062,58.90999984741211,112.22000122070312,96.78500366210938,142.11000061035156,218.94000244140625,67.91000366210938,56.540000915527344,72.04000091552734,160.58999633789062,195.2012939453125,439.6300048828125,200.0500030517578,122.47169494628906,210.0716552734375,433.7047729492187,291.9721374511719,381.8999938964844,80.09706115722656,100.40995025634766,35.36295700073242,26.76902198791504,42.57931137084961,304.578369140625,50.833282470703125,16.68828773498535,33.16579818725586,141.3765106201172,34.70028305053711,37.92153549194336,3.819894790649414,4.472116470336914,5.314454555511475,17.802885055541992,38.276859283447266,26.943723678588867,97.03199005126952,185.3236846923828,271.23773193359375,474.4723205566406,47.32444381713867,150.43690490722656,102.25595092773438,149.46377563476562,34.24943923950195,106.04740142822266,93.35662841796876,46.53828430175781,29.79398536682129,195.27999877929688,96.90289306640624,60.47205352783203,45.864166259765625,93.17334747314452,128.77670288085938,128.26893615722656,216.33982849121094
2023-03-31,163.2536163330078,283.7864685058594,103.29000091552734,103.50973510742188,210.94581604003903,123.10186004638672,222.0480804443359,27.75897216796875,345.4800109863281,90.21617889404295,31.886812210083008,98.01000213623048,121.20330047607422,48.85722732543945,212.42999267578125,75.49833679199219,10.970162391662598,35.910011291503906,121.93910217285156,175.3079071044922,59.59236907958984,52.57752227783203,190.36355590820312,62.15012741088867,90.09014892578124,671.6807250976562,180.5761260986328,61.83439636230469,75.94000244140625,47.939998626708984,67.56999969482422,66.62999725341797,31.700000762939453,9.270000457763672,63.560001373291016,124.4000015258789,44.470001220703125,27.270000457763672,11.210000038146973,111.33000183105467,42.5759162902832,98.67998504638672,150.9199981689453,40.830814361572266,75.9000015258789,85.35492706298828,44.97999954223633,8.449999809265137,137.25999450683594,86.23999786376953,61.65999984741211,116.83000183105467,99.87000274658205,154.2899932861328,233.1199951171875,72.66000366210938,58.29999923706055,73.83999633789062,171.1699981689453,198.3586578369141,464.7200012207031,206.5399932861328,122.93800354003906,213.076904296875,439.3614196777344,299.5797424316406,385.3699951171875,81.66905212402344,103.23643493652344,35.36295700073242,27.052793502807617,43.337181091308594,310.24041748046875,50.7460823059082,16.836977005004883,33.36311721801758,141.64051818847656,35.4101676940918,38.01730728149414,3.810990810394287,4.536794662475586,5.378815650939941,18.069997787475582,38.61295700073242,27.363262176513672,99.4542465209961,192.3653259277344,280.5147399902344,479.67578125,47.90271759033203,155.46803283691406,102.41472625732422,150.1724853515625,34.2133674621582,107.0654754638672,93.31900787353516,46.88201141357422,30.350345611572266,207.4600067138672,98.90812683105467,60.57878875732422,46.56340408325195,94.46858215332033,131.20150756835938,129.12124633789062,214.9781951904297
2023-04-03,164.51097106933594,282.7332458496094,102.41000366210938,104.41544342041016,212.07052612304688,122.96017456054688,225.53448486328125,27.94685173034668,348.2799987792969,91.18707275390624,32.10154342651367,96.55999755859376,122.10015106201172,48.88526916503906,215.38999938964844,76.54078674316406,11.039813995361328,35.50861740112305,119.22467803955078,173.5643310546875,58.87141418457031,51.72358322143555,189.45623779296875,62.24022674560547,89.91582489013672,665.0497436523438,176.2185821533203,61.48838424682617,75.29000091552734,47.68000030517578,63.61000061035156,64.25,31.459999084472656,9.06999969482422,63.939998626708984,121.45999908447266,44.75,27.75,11.239999771118164,108.25,42.48955154418945,95.01981353759766,149.19000244140625,39.44467544555664,74.83999633789062,86.62889862060547,46.41999816894531,8.380000114440918,136.5500030517578,83.44999694824219,61.18000030517578,112.9000015258789,98.16500091552734,150.0,226.8699951171875,70.66999816894531,58.08000183105469,73.66999816894531,163.9199981689453,195.09207153320312,464.489990234375,204.3699951171875,122.71456146240234,207.50665283203125,434.27630615234375,294.2681884765625,380.0799865722656,81.0737533569336,103.86343383789062,35.68460464477539,27.0433349609375,43.17081451416016,309.6808776855469,49.96135330200195,16.959426879882812,33.646217346191406,143.5181121826172,35.503570556640625,37.92153549194336,3.855511426925659,4.50907564163208,5.332843780517578,18.205549240112305,39.3427734375,27.86670684814453,99.58672332763672,196.23245239257812,282.9956359863281,479.8302001953125,48.30556106567383,155.8716583251953,108.45724487304688,156.4219970703125,35.836570739746094,113.39805603027344,101.98212432861328,49.96610641479492,32.710079193115234,194.77000427246097,98.54264068603516,63.24724197387695,49.047515869140625,95.894287109375,130.1958770751953,129.89695739746094,212.4397735595703
2023-04-04,163.97634887695312,282.68408203125,103.9499969482422,104.62445831298828,213.71278381347656,121.31642150878906,224.21478271484375,27.4351806640625,346.75,91.2647476196289,32.30649948120117,95.87000274658205,121.67483520507812,48.791107177734375,213.8999938964844,75.0639877319336,11.074641227722168,34.98975372314453,116.89256286621094,170.02066040039062,56.56040954589844,50.01568984985352,188.33657836914065,61.45940780639648,89.26692199707031,659.8101806640625,170.54412841796875,61.104949951171875,75.26000213623047,47.59000015258789,62.540000915527344,64.19000244140625,31.38999938964844,9.550000190734863,63.34000015258789,118.45999908447266,44.0099983215332,27.979999542236328,11.0,109.63999938964844,42.53753662109375,97.27000427246094,148.57000732421875,38.9237060546875,73.19999694824219,87.14041137695312,46.290000915527344,8.350000381469727,136.86000061035156,82.2300033569336,61.22999954223633,110.51000213623048,98.27999877929688,155.42999267578125,227.9199981689453,69.31999969482422,56.959999084472656,73.63999938964844,166.49000549316406,195.79701232910156,476.0499877929687,202.6000061035156,124.16202545166016,204.85552978515625,433.42877197265625,288.5133361816406,385.1499938964844,78.89714050292969,104.2217254638672,34.823707580566406,26.466339111328125,42.59779739379883,306.0104675292969,48.44032287597656,17.178091049194336,34.015106201171875,143.0780487060547,35.55063247680664,36.772403717041016,3.837702989578247,4.536794662475586,5.360427379608154,18.141759872436523,39.24673843383789,27.54972267150879,98.2431182861328,195.2801055908203,280.3626403808594,480.506103515625,47.83124923706055,155.86224365234375,107.42058563232422,155.58444213867188,35.46684265136719,111.72618103027344,99.9880142211914,48.18058776855469,31.875534057617188,192.5800018310547,98.35496520996094,62.90762710571289,48.523094177246094,91.57991790771484,119.76364135742188,120.49275207519533,203.82276916503906
2023-04-05,162.12498474121094,279.8884582519531,101.0999984741211,104.45524597167967,210.4879608154297,121.497314453125,224.71707153320312,26.863554000854492,342.3500061035156,92.12885284423828,32.04298400878906,92.55999755859376,122.17410278320312,48.791107177734375,210.0,74.43221282958984,10.82215404510498,34.353397369384766,117.5998306274414,167.00477600097656,56.313507080078125,48.94355010986328,183.7517242431641,60.936275482177734,87.35897064208984,655.0936279296875,167.542236328125,60.65606689453125,73.61000061035156,45.189998626708984,60.779998779296875,59.31999969482422,31.1200008392334,9.380000114440918,60.86000061035156,115.33999633789062,43.68000030517578,27.329999923706055,10.390000343322754,105.2699966430664,42.07693862915039,95.17433166503906,144.5399932861328,38.24381637573242,72.31999969482422,85.5383071899414,45.38999938964844,7.980000019073486,127.8000030517578,78.58999633789062,57.63999938964844,101.3000030517578,97.08999633789062,146.47999572753906,213.08999633789065,66.11000061035156,55.93000030517578,71.0999984741211,156.99000549316406,193.92047119140625,467.3299865722656,197.8699951171875,123.12256622314452,204.02284240722656,432.7783203125,281.4379577636719,382.0199890136719,77.96697998046875,103.97290802001952,34.89939498901367,26.144729614257812,42.30204391479492,304.9482116699219,47.34556579589844,17.38800621032715,34.409732818603516,145.82598876953125,35.69181442260742,37.92153549194336,3.9178407192230225,4.527554988861084,5.3880109786987305,17.87066078186035,39.17952346801758,27.419204711914062,98.43235778808594,191.84585571289065,274.3840026855469,479.9268493652344,48.62394332885742,155.10194396972656,109.26041412353516,156.35757446289062,35.971832275390625,112.42669677734376,101.3519058227539,48.40974426269531,31.71247100830078,185.52000427246097,98.69081115722656,62.65533828735352,49.24992752075195,97.31065368652344,126.96279907226562,127.09104919433594,191.31546020507812
2023-04-06,163.01602172851562,287.0348815917969,102.05999755859376,108.38664245605467,215.08631896972656,121.36402893066406,222.5700531005859,27.019451141357425,339.3299865722656,93.12887573242188,32.023460388183594,92.47000122070312,120.65779113769533,48.27325439453125,211.3699951171875,73.91886901855469,10.735088348388672,33.863887786865234,117.56159973144533,167.87181091308594,57.9513053894043,48.97430419921875,180.6629638671875,60.31916809082031,87.39772033691406,648.4035034179688,164.71470642089844,60.22588348388672,74.95999908447266,45.349998474121094,61.439998626708984,60.7599983215332,31.18000030517578,9.43000030517578,60.68000030517578,109.69000244140624,44.790000915527344,28.25,10.5600004196167,104.05999755859376,41.80826568603515,99.22080993652344,144.99000549316406,38.48933029174805,72.02999877929688,86.62889862060547,46.20000076293945,8.09000015258789,127.81999969482422,79.95999908447266,59.08000183105469,103.73999786376952,95.96499633789062,145.67999267578125,215.88999938964844,65.83000183105469,56.470001220703125,71.8499984741211,158.5399932861328,191.18011474609375,473.1300048828125,196.80999755859375,125.03634643554688,206.83670043945312,441.0613403320313,285.2318420410156,380.6000061035156,78.3111343383789,107.90412139892578,35.854896545410156,26.33390998840332,42.38521957397461,305.7733459472656,47.81060028076172,17.430583953857422,34.42979049682617,146.30517578125,35.4753303527832,38.20882415771485,3.9534575939178462,4.49983549118042,5.406400203704834,17.575641632080078,38.63215637207031,27.30732536315918,96.56836700439452,191.01858520507812,274.3268737792969,469.1626892089844,48.99104690551758,155.42111206054688,107.4486083984375,154.30508422851562,35.629154205322266,111.49268341064452,99.95037078857422,47.3785285949707,31.376733779907227,185.05999755859375,98.75007629394533,61.17070007324219,48.67950439453125,95.82904815673828,124.61324310302734,123.2316436767578,189.3411102294922
2023-04-10,160.41226196289062,284.85943603515625,102.16999816894533,106.4458236694336,213.74261474609375,121.76390838623048,223.0033721923828,27.561100006103516,338.989990234375,91.4129409790039,31.740407943725582,95.4800033569336,121.14784240722656,48.32975387573242,210.77999877929688,74.5190658569336,11.074641227722168,34.979957580566406,118.79457092285156,169.0970458984375,62.61234664916992,50.3300895690918,184.31153869628903,60.77933120727539,86.21613311767578,652.8635864257812,166.9515838623047,62.04948425292969,74.5199966430664,45.349998474121094,66.12999725341797,59.63999938964844,31.739999771118164,9.90999984741211,61.58000183105469,112.5999984741211,44.970001220703125,27.940000534057617,10.359999656677246,103.04000091552734,41.6451416015625,98.0619125366211,139.0,37.74334335327149,71.30999755859375,85.9146957397461,46.43000030517578,8.390000343322754,128.10000610351562,78.01000213623047,58.86000061035156,104.9499969482422,96.30999755859376,147.77000427246094,214.25,66.13999938964844,56.83000183105469,71.16999816894531,158.9199981689453,190.1276397705078,472.6400146484375,196.94000244140625,123.81230926513672,205.0277862548828,439.04736328125,290.09002685546875,376.25,78.13439178466797,105.93354034423828,36.545501708984375,26.428503036499023,42.995216369628906,308.20135498046875,50.10667419433594,17.359621047973633,34.31641387939453,146.67677307128906,35.98360061645508,39.0706787109375,3.9445533752441406,4.453636169433594,5.415594577789307,17.643415451049805,39.78450393676758,27.726865768432617,97.0698471069336,192.1825714111328,276.76025390625,476.7409973144531,48.89683151245117,158.6312713623047,106.9722900390625,154.8941192626953,35.80049514770508,112.42669677734376,99.65878295898438,47.77955627441406,31.741247177124023,184.5099945068359,99.57981872558594,62.1895637512207,49.12112045288086,97.80452728271484,126.97220611572266,125.68327331542967,194.3401641845703
2023-04-11,159.194580078125,278.40216064453125,99.91999816894533,105.61973571777344,212.84686279296875,122.36373138427734,224.99281311035156,27.151365280151367,338.2099914550781,91.61767578125,31.57448387145996,94.02999877929688,120.58382415771484,47.661251068115234,212.32000732421875,74.1636962890625,11.205236434936523,34.66667556762695,118.10641479492188,169.52113342285156,62.90922927856445,50.335052490234375,182.82508850097656,60.21551132202149,86.42919158935547,651.0184326171875,166.43838500976562,62.54512023925781,73.58000183105469,44.779998779296875,70.19000244140625,59.040000915527344,31.1200008392334,10.350000381469728,62.91999816894531,114.25,44.779998779296875,28.190000534057617,10.5600004196167,103.63999938964844,41.741092681884766,96.34288787841795,136.69000244140625,37.78110885620117,70.70999908447266,85.8954086303711,46.060001373291016,8.609999656677246,129.86000061035156,78.2300033569336,60.70000076293945,105.95999908447266,96.40499877929688,139.19000244140625,211.52000427246097,64.8499984741211,57.099998474121094,70.0,162.8800048828125,187.5461578369141,469.8200073242187,195.97999572753903,122.92828369140624,205.97531127929688,431.91943359375,291.5976867675781,371.1099853515625,79.14828491210938,104.84871673583984,37.24557113647461,27.156843185424805,43.62369155883789,310.487060546875,50.096981048583984,17.466068267822266,34.403629302978516,146.6376495361328,36.12479782104492,38.879154205322266,3.9356496334075928,4.518314838409424,5.360427379608154,17.7231502532959,39.947750091552734,27.9133243560791,99.82325744628906,193.68324279785156,279.2315368652344,481.3941955566406,48.75389099121094,159.17567443847656,107.72877502441406,155.75009155273438,35.94478225708008,113.65023040771484,100.4112777709961,48.82986831665039,32.355159759521484,186.7899932861328,99.19458770751952,62.461273193359375,49.9583625793457,99.20226287841795,128.4853515625,126.59305572509766,196.17832946777344
2023-04-12,158.50155639648438,279.0517883300781,97.83000183105467,104.72398376464844,212.9961395263672,122.34469604492188,224.3625030517578,26.47780418395996,331.0299987792969,91.54943084716795,31.25239944458008,92.33000183105467,118.8456039428711,47.18105697631836,212.33999633789065,74.3137435913086,11.031107902526855,33.89326095581055,114.95230102539062,167.3346405029297,61.31596374511719,49.29961395263672,180.77879333496097,59.74371719360352,84.13386535644531,645.9761962890625,164.83091735839844,62.07754135131836,73.5,45.29999923706055,67.83999633789062,58.130001068115234,30.59000015258789,9.779999732971191,60.099998474121094,112.41999816894533,45.7400016784668,27.739999771118164,10.619999885559082,100.16000366210938,41.05020523071289,90.62565612792967,136.39999389648438,34.891578674316406,67.0199966430664,84.9688949584961,45.20000076293945,8.329999923706055,135.0,75.95999908447266,63.040000915527344,105.87000274658205,97.63999938964844,139.66000366210938,226.2100067138672,66.83999633789062,54.47999954223633,67.48999786376953,158.5500030517578,188.9659881591797,471.4299926757813,191.7400054931641,123.48200988769533,206.3581695556641,429.5401916503906,289.9224853515625,369.8900146484375,79.50175476074219,104.14210510253906,37.07528305053711,26.939287185668945,43.36491012573242,313.2090759277344,50.30043029785156,17.537031173706055,34.185604095458984,146.20736694335938,35.42826461791992,38.113067626953125,3.971266031265259,4.49983549118042,5.332843780517578,17.828800201416016,40.20702362060547,27.65227699279785,99.71917724609376,192.1729431152344,276.06634521484375,472.416015625,48.51673126220703,153.4780731201172,107.61671447753906,156.30235290527344,36.25138473510742,114.23865509033205,101.14495086669922,49.63191986083984,32.220863342285156,180.5399932861328,96.74485778808594,62.91732025146485,50.179176330566406,98.80157470703124,125.67522430419922,124.70645904541016,196.16859436035156
2023-04-13,163.90704345703125,285.3023681640625,102.4000015258789,107.67998504638672,219.3163604736328,122.81121826171876,229.16867065429688,26.445825576782227,346.19000244140625,93.15813446044922,31.35976219177246,92.08999633789062,118.2538833618164,47.83073043823242,213.58999633789065,74.47167205810547,10.848272323608398,33.805145263671875,115.77427673339844,168.80487060546875,62.34514999389648,49.42656326293945,182.52589416503903,60.47416687011719,84.30818176269531,656.5835571289062,166.47708129882812,61.11429977416992,75.5199966430664,45.72999954223633,68.94999694824219,59.849998474121094,31.440000534057617,10.0,61.45000076293945,113.9499969482422,45.869998931884766,28.459999084472656,10.739999771118164,100.72000122070312,41.846649169921875,92.87584686279295,132.72999572753906,35.36372756958008,68.52999877929688,86.91842651367188,45.70000076293945,8.579999923706055,136.10000610351562,75.75,64.87999725341797,107.38999938964844,98.93499755859376,141.3800048828125,224.5,68.08000183105469,55.68000030517578,70.18000030517578,168.08999633789062,192.6396484375,483.5,194.8500061035156,124.39518737792967,207.92779541015625,436.1744384765625,298.5154113769531,378.7999877929687,79.70639038085938,106.91883087158205,37.51992416381836,27.014957427978516,43.71611785888672,315.00152587890625,49.88385009765625,17.70556640625,34.29025650024414,147.04835510253906,35.814186096191406,38.783390045166016,4.006882667541504,4.564515113830566,5.489150524139404,18.038105010986328,40.956050872802734,27.87602996826172,98.25257110595705,193.8083038330078,277.6917419433594,480.6604919433594,48.565460205078125,153.25283813476562,108.12103271484376,158.39163208007812,36.48583984375,114.05530548095705,102.56531524658205,49.54598236083984,32.43189239501953,185.8999938964844,99.60945892333984,62.849395751953125,50.8047981262207,99.02521514892578,125.12073516845705,124.95543670654295,197.44264221191406
2023-04-14,163.56056213378906,281.66033935546875,102.51000213623048,108.9439926147461,220.4510040283203,132.0846405029297,230.47853088378903,26.740633010864254,338.6300048828125,93.3141098022461,31.12551498413086,91.75,118.47577667236328,47.58592224121094,201.7100067138672,75.3719711303711,10.900511741638184,33.7659912109375,114.84718322753906,168.68235778808594,61.979000091552734,49.67351913452149,181.95635986328125,60.01884841918945,84.45345306396484,657.3630981445312,166.89344787597656,59.814395904541016,76.52999877929688,46.38999938964844,69.91000366210938,59.619998931884766,31.479999542236328,10.170000076293944,61.720001220703125,114.6500015258789,45.650001525878906,28.579999923706055,10.6899995803833,102.52999877929688,41.76988220214844,91.31134796142578,128.75,34.797149658203125,67.68000030517578,87.28517150878906,45.70000076293945,8.8100004196167,135.77000427246094,74.30000305175781,64.68000030517578,105.4499969482422,99.72000122070312,142.1300048828125,223.08999633789065,67.31999969482422,54.459999084472656,69.5,165.52999877929688,193.26513671875,463.0299987792969,194.0399932861328,123.78316497802734,206.4442901611328,435.9869079589844,298.7322082519531,379.3800048828125,80.65515899658203,108.35197448730467,37.50100326538086,27.923025131225582,45.80487823486328,319.54449462890625,49.18630599975586,17.6789608001709,34.20304870605469,146.2855987548828,35.72946548461914,37.92153549194336,3.9623618125915527,4.527554988861084,5.47995662689209,18.111860275268555,41.56102752685547,27.80144691467285,99.35017395019533,194.49127197265625,277.7297668457031,474.298583984375,48.23733139038086,151.12210083007812,108.3825225830078,158.71380615234375,36.59405899047851,114.35621643066406,102.05735778808594,50.10934066772461,32.25923538208008,185.0,98.6809310913086,62.56800079345703,51.24642181396485,99.01590728759766,123.92711639404295,125.24272918701172,198.40553283691406
2023-04-17,163.580322265625,284.27862548828125,102.73999786376952,105.91831970214844,217.83334350585935,133.13197326660156,229.9467010498047,26.98447608947754,332.7200012207031,93.1971206665039,31.369518280029297,89.87000274658203,118.179931640625,47.341121673583984,205.02999877929688,76.42232513427734,11.039813995361328,34.402339935302734,114.1016616821289,169.69081115722656,61.88993453979492,48.86222457885742,182.97950744628903,60.776424407958984,85.21857452392578,630.5633544921875,168.98507690429688,60.08560562133789,77.33000183105469,48.52000045776367,67.72000122070312,60.22999954223633,32.08000183105469,10.449999809265137,60.619998931884766,116.16999816894533,45.56999969482422,28.6200008392334,10.880000114440918,103.12000274658205,42.009765625,93.11729431152344,131.5399932861328,35.930301666259766,68.94999694824219,91.20354461669922,40.209999084472656,8.800000190734863,137.3699951171875,77.73999786376953,64.69999694824219,105.58999633789062,100.58000183105467,145.25999450683594,224.8500061035156,69.83999633789062,53.779998779296875,67.62000274658203,166.4199981689453,195.67788696289065,470.5499877929687,195.6199951171875,123.56944274902344,208.7987365722656,434.4764099121094,302.7724609375,377.9200134277344,83.05500030517578,105.4657745361328,39.07143020629883,28.72704315185547,45.92502975463867,322.1622009277344,51.12391662597656,17.554771423339844,34.41234588623047,147.16574096679688,35.851829528808594,38.20882415771485,3.9801700115203857,4.481356143951416,5.443178176879883,18.169668197631836,42.185211181640625,28.83631134033203,100.33419799804688,197.2040557861328,280.7809143066406,476.84716796875,48.5752067565918,152.7177734375,107.12173461914062,157.3147735595703,36.45879364013672,113.57571411132812,99.3389892578125,49.70831298828125,32.07697677612305,187.0399932861328,99.0760498046875,61.07366943359375,50.87840270996094,96.8354263305664,120.58131408691406,123.82540893554688,200.25340270996094
2023-04-18,164.80796813964844,283.8554382324219,102.3000030517578,104.62445831298828,216.8679046630859,134.6267547607422,230.06491088867188,27.64904403686523,333.70001220703125,94.05509185791016,31.066953659057617,89.77999877929688,118.14292907714844,47.36936569213867,208.3699951171875,77.76485443115234,11.083346366882324,34.58835220336914,113.12677001953124,169.9452667236328,61.28628158569336,49.131004333496094,182.9891662597656,61.25693130493164,85.36384582519531,634.7965087890625,170.21487426757812,60.10430145263672,76.41999816894531,49.20000076293945,67.26000213623047,60.130001068115234,31.729999542236328,10.3100004196167,62.38999938964844,119.19000244140624,45.36000061035156,28.18000030517578,11.039999961853027,102.16999816894533,42.259254455566406,92.2191390991211,131.17999267578125,35.62812805175781,70.26000213623047,89.32157897949219,40.810001373291016,8.729999542236328,136.3800048828125,77.80999755859375,64.45999908447266,103.55999755859376,100.0,145.88999938964844,230.0,70.0,53.25,67.2699966430664,162.32000732421875,197.0877685546875,475.989990234375,193.5399932861328,123.99688720703124,207.99476623535156,436.9445190429687,300.81146240234375,377.5499877929687,83.57591247558594,104.00276947021484,39.61066818237305,28.906761169433594,46.28548049926758,316.68975830078125,52.3155517578125,17.581382751464844,33.958866119384766,146.99949645996094,36.02124786376953,37.15544891357422,3.997978448867798,4.305797576904297,4.95586633682251,18.201560974121097,43.69285583496094,29.106679916381836,103.37147521972656,200.18618774414065,284.1552734375,479.7047729492187,48.68241882324219,152.43618774414062,109.2137222290039,156.94662475585938,36.657188415527344,111.9019012451172,98.7181625366211,49.81333923339844,32.49904251098633,184.30999755859375,99.69835662841795,61.13188171386719,50.8047981262207,97.1988296508789,119.46289825439452,123.59557342529295,199.64068603515625
2023-04-19,165.9563751220703,283.9341125488281,104.3000030517578,104.52491760253906,214.6881866455078,134.4553985595703,229.05047607421875,27.912872314453125,323.1199951171875,93.41162109375,30.40325355529785,89.94000244140625,116.79305267333984,45.232051849365234,208.7100067138672,78.20711517333984,10.63931655883789,33.85409927368164,113.2988052368164,166.8916778564453,60.01957702636719,48.69956970214844,181.9949951171875,61.46812057495117,84.48251342773438,615.3281860351562,167.31954956054688,58.78569030761719,75.31999969482422,49.04999923706055,64.44000244140625,58.959999084472656,32.040000915527344,10.270000457763672,61.72999954223633,120.0999984741211,45.790000915527344,28.219999313354492,10.979999542236328,102.37999725341795,41.942596435546875,90.28765106201172,128.14999389648438,35.03322219848633,70.08999633789062,88.0090103149414,41.09000015258789,8.489999771118164,132.8300018310547,76.91000366210938,62.869998931884766,102.95999908447266,97.66000366210938,144.5500030517578,230.2599945068359,69.55500030517578,53.04999923706055,67.75,162.77000427246094,197.5047912597656,475.5899963378906,192.02999877929688,123.66658782958984,207.72677612304688,439.8074951171875,300.5158386230469,380.1099853515625,84.1340103149414,103.68428802490234,39.96070861816406,28.433813095092773,46.58123016357422,319.5160827636719,53.81719970703125,17.474937438964844,33.662357330322266,145.49349975585938,36.0024299621582,37.634254455566406,3.997978448867798,4.268836975097656,4.974255561828613,18.133787155151367,42.08918380737305,28.16504669189453,103.41879272460938,200.8883819580078,282.2161560058594,478.8648376464844,48.73439025878906,152.5394287109375,108.86817932128906,157.0938720703125,36.1251335144043,111.71383666992188,99.009765625,50.2525634765625,32.71966552734375,180.58999633789065,97.54496002197266,60.61760330200195,50.464385986328125,96.03404998779295,116.91593933105467,121.0385971069336,198.19155883789062
2023-04-20,164.98614501953125,281.63079833984375,103.80999755859376,105.40077209472656,212.07052612304688,134.06503295898438,231.04977416992188,27.086408615112305,325.3500061035156,92.4561538696289,30.120206832885746,90.11000061035156,116.8300323486328,43.85738754272461,207.22999572753903,78.78361511230469,10.334590911865234,32.835933685302734,113.39437866210938,166.45814514160156,60.82115936279297,52.22047424316406,180.4795684814453,61.324745178222656,86.4776382446289,625.166015625,164.24990844726562,53.380332946777344,73.58000183105469,48.0,60.5,57.380001068115234,31.5,9.84000015258789,59.560001373291016,118.4000015258789,45.06999969482422,27.530000686645508,10.140000343322754,102.23999786376952,41.625946044921875,87.63185119628906,127.44000244140624,34.173919677734375,69.69000244140625,88.13447570800781,41.310001373291016,8.149999618530273,129.88999938964844,76.37000274658203,62.40999984741211,100.48999786376952,96.13500213623048,142.72000122070312,226.52000427246097,67.4800033569336,52.290000915527344,65.69999694824219,157.25,196.10482788085935,467.69000244140625,191.0500030517578,123.23914337158205,206.36770629882812,441.6931762695313,295.4508056640625,380.260009765625,84.11539459228516,104.78900909423828,39.42146301269531,28.282468795776367,45.657005310058594,321.2422180175781,52.3155517578125,15.656478881835938,32.43272018432617,142.71624755859375,35.51298141479492,36.38935852050781,3.9445533752441406,3.8807613849639897,4.882309913635254,18.21551513671875,41.2153205871582,27.624305725097656,105.85050964355467,201.7830047607422,283.7940368652344,488.0843811035156,49.04627227783203,150.44622802734375,107.99962615966795,156.32997131347656,35.94478225708008,111.2060317993164,97.61763763427734,49.62237548828125,32.48944854736328,162.99000549316406,96.8732681274414,60.19064712524414,49.70074844360352,94.34745025634766,115.5531768798828,120.3682632446289,187.7558135986328
2023-04-21,163.37245178222656,281.2862243652344,106.95999908447266,105.41073608398438,211.8913421630859,133.80795288085938,230.50808715820312,27.101396560668945,327.9800109863281,92.76814270019533,29.57362937927246,88.43000030517578,116.24755859375,44.28108215332031,205.1499938964844,78.58618927001953,10.282350540161133,32.84571838378906,112.55329132080078,166.83511352539062,60.49458694458008,51.29512023925781,179.86180114746094,61.3131217956543,82.68109893798828,626.053955078125,164.44357299804688,52.76310729980469,74.18000030517578,48.939998626708984,59.040000915527344,57.2599983215332,30.829999923706055,10.4399995803833,61.290000915527344,115.5,45.0,27.38999938964844,10.010000228881836,102.0500030517578,41.36686325073242,86.07699584960938,124.95999908447266,33.64511489868164,69.2300033569336,87.05354309082031,40.70000076293945,8.180000305175781,132.25,75.95999908447266,62.79999923706055,101.70999908447266,96.625,145.19000244140625,232.86000061035156,67.27999877929688,51.04999923706055,63.97999954223633,158.5500030517578,197.614013671875,473.30999755859375,190.9900054931641,130.12677001953125,205.97531127929688,440.7058715820313,296.17010498046875,377.6700134277344,84.75721740722656,104.90843963623048,39.01466751098633,28.25409507751465,45.31503677368164,324.0400695800781,52.121788024902344,16.162099838256836,32.54609298706055,142.99005126953125,35.522396087646484,36.772403717041016,3.9356496334075928,3.899240732192993,4.882309913635254,18.349071502685547,41.39778137207031,27.48446273803711,105.216552734375,203.0143280029297,285.1912536621094,488.8277282714844,49.293182373046875,152.2296905517578,108.34516143798828,155.65805053710938,35.74638748168945,110.31270599365234,96.18790435791016,47.55039978027344,32.038612365722656,165.0800018310547,98.35496520996094,60.035396575927734,49.3419303894043,93.32243347167967,112.43289947509766,118.29969787597656,168.98507690429688
2023-04-24,163.67933654785156,277.35870361328125,106.20999908447266,106.27661895751952,211.79180908203125,133.98886108398438,229.23757934570312,27.024450302124023,329.0199890136719,93.0508804321289,28.948972702026367,87.56999969482422,115.9424285888672,44.62004089355469,205.77000427246097,79.09161376953125,10.587078094482422,33.5701904296875,112.16141510009766,165.77955627441406,58.89142227172851,51.01642227172851,180.4602813720703,61.47199630737305,81.9740982055664,619.0580444335938,164.5113525390625,53.31486129760742,74.29000091552734,48.02000045776367,54.75,55.029998779296875,30.68000030517578,10.220000267028809,59.880001068115234,116.12000274658205,44.459999084472656,27.6299991607666,10.220000267028809,102.83999633789062,42.08653259277344,83.9137191772461,122.62000274658205,32.7480354309082,66.75,87.1307601928711,39.060001373291016,8.100000381469727,130.39999389648438,73.1500015258789,62.5,100.66000366210938,95.9749984741211,142.50999450683594,223.9600067138672,65.70999908447266,50.47999954223633,65.80000305175781,154.80999755859375,193.5332489013672,473.0,189.08999633789065,128.75701904296875,206.22418212890625,436.6779479980469,294.189453125,377.3399963378906,83.90147399902344,105.4657745361328,39.21333694458008,28.15003967285156,45.31503677368164,326.221435546875,51.46300506591797,15.55003547668457,32.3542366027832,142.63800048828125,35.023536682128906,36.19783401489258,3.9178407192230225,3.973990440368652,4.882309913635254,18.25139617919922,41.33966064453125,27.475141525268555,106.09651184082033,203.0143280029297,286.7121276855469,493.7223205566406,49.62779998779297,153.8817138671875,110.3904800415039,157.83021545410156,36.16120147705078,112.0711669921875,97.49536895751952,47.9514274597168,33.064998626708984,162.5500030517578,98.46360778808594,60.89900207519531,50.11476516723633,93.82563018798828,112.78064727783205,121.15353393554688,178.91510009765625
2023-04-25,162.13491821289062,271.1081237792969,102.56999969482422,104.11685943603516,206.5764007568359,131.07540893554688,226.1155548095703,26.223968505859375,322.54998779296875,91.7054214477539,28.187671661376953,83.80000305175781,116.39546966552734,44.33757019042969,202.19000244140625,77.74116516113281,10.375514030456545,32.219154357910156,109.00732421875,159.6441192626953,57.535667419433594,49.56243896484375,174.8426055908203,60.25910186767578,79.6981201171875,597.7247924804688,159.2919921875,52.454498291015625,71.77999877929688,46.459999084472656,55.54999923706055,52.72999954223633,29.59000015258789,9.960000038146973,56.81999969482422,112.50499725341795,43.52000045776367,27.739999771118164,10.15999984741211,98.37000274658205,42.23046875,80.07970428466797,116.94000244140624,31.8226318359375,64.58000183105469,81.60063171386719,37.56999969482422,7.739999771118164,122.1500015258789,69.87999725341797,58.09000015258789,92.31999969482422,91.28500366210938,135.47999572753906,212.91000366210935,62.689998626708984,49.150001525878906,63.04999923706055,143.05999755859375,189.31349182128903,442.2799987792969,182.8800048828125,129.6216278076172,202.6063690185547,414.474853515625,284.5026550292969,369.5899963378906,81.91090393066406,103.3558578491211,38.36190414428711,27.279813766479492,44.270652770996094,321.9725341796875,49.43819808959961,15.532293319702148,32.52865219116211,144.730712890625,34.73175811767578,35.33598327636719,3.82879900932312,3.879371404647827,4.808753490447998,18.09192657470703,40.40012741088867,27.279354095458984,105.38923645019533,199.0408935546875,281.6648254394531,485.75775146484375,49.24120330810547,147.94007873535156,108.82147979736328,155.53842163085938,35.68326950073242,109.71086883544922,96.0279769897461,46.74834060668945,31.89472198486328,160.6699981689453,96.81400299072266,59.51140975952149,48.955509185791016,92.54903411865234,110.76000213623048,117.93579864501952,171.81527709960938
2023-04-26,162.12498474121094,290.7458190917969,104.9800033569336,103.95760345458984,208.4177093505859,128.7523193359375,224.6973419189453,26.938505172729492,321.1499938964844,91.36418914794922,28.353595733642575,85.94000244140625,116.35848999023438,43.819725036621094,203.02999877929688,75.98007202148438,10.172762870788574,31.543642044067383,109.11246490478516,154.99778747558594,60.38573455810547,49.33234024047851,174.37928771972656,59.69431686401367,79.65936279296875,601.0205688476562,160.11509704589844,52.68829727172851,72.05999755859375,46.369998931884766,53.88999938964844,52.560001373291016,29.68000030517578,10.050000190734863,57.5,113.68000030517578,41.7400016784668,26.61000061035156,9.880000114440918,97.7699966430664,41.60675430297851,79.9831314086914,117.06999969482422,32.32310485839844,65.1500015258789,82.88423919677734,35.7599983215332,7.739999771118164,124.12000274658205,69.23999786376953,59.52000045776367,93.06999969482422,91.8949966430664,147.05999755859375,238.22000122070312,69.2699966430664,48.220001220703125,61.43000030517578,151.74000549316406,190.1574249267578,454.0299987792969,187.16000366210935,129.54391479492188,201.7832489013672,408.4230346679687,281.5364990234375,363.05999755859375,82.26437377929688,103.21652221679688,37.33071517944336,26.901453018188477,43.3094596862793,319.2030944824219,49.021610260009766,15.257306098937988,32.19725799560547,145.00453186035156,34.37408447265625,34.95293045043945,3.9534575939178462,3.9266810417175297,4.845531940460205,18.699907302856445,40.36137390136719,26.99966049194336,103.62342071533205,194.1296234130859,273.8136901855469,477.542236328125,49.02678680419922,145.91261291503906,107.82217407226562,152.76800537109375,35.54800033569336,108.76112365722656,94.50418853759766,45.62164688110352,30.427082061767575,153.75,95.43107604980467,58.4731330871582,48.026268005371094,92.50242614746094,109.62278747558594,117.34204864501952,176.23077392578125
2023-04-27,166.72857666015625,300.0577087402344,109.81999969482422,107.859130859375,237.44093322753903,130.48513793945312,225.54432678222656,27.208330154418945,325.8500061035156,92.66089630126952,29.14417839050293,87.44000244140625,117.39402770996094,43.83856201171875,206.0399932861328,77.44107818603516,10.234468460083008,32.033145904541016,108.88306427001952,155.76116943359375,61.256591796875,51.46372985839844,171.44497680664062,59.90937805175781,81.0346450805664,620.893310546875,156.08680725097656,53.11848068237305,74.2699966430664,47.59000015258789,54.16999816894531,52.77000045776367,29.700000762939453,10.199999809265137,58.41999816894531,115.25,42.560001373291016,27.270000457763672,10.5,100.48999786376952,43.717796325683594,81.57662200927734,118.45999908447266,32.81414031982422,66.12000274658203,85.4417953491211,35.540000915527344,7.820000171661377,126.0500030517578,70.02999877929688,59.58000183105469,93.41999816894533,92.55999755859376,148.77000427246094,240.9499969482422,70.20999908447266,49.099998474121094,61.290000915527344,153.77000427246094,194.5459899902344,454.3399963378906,187.1300048828125,132.7497100830078,206.88455200195312,423.6858825683594,284.68988037109375,371.4200134277344,83.957275390625,107.07806396484376,37.51992416381836,27.32710647583008,43.46657180786133,323.9831848144531,50.11635971069336,15.62099838256836,33.82805633544922,146.62786865234375,37.90373229980469,35.43174362182617,4.033595561981201,3.9550669193267822,4.95586633682251,18.955059051513672,41.45589447021485,27.708215713500977,106.04430389404295,197.7357177734375,279.3836364746094,483.9235534667969,49.17947006225586,148.44696044921875,109.11100006103516,153.66078186035156,35.475852966308594,108.93038177490234,95.21904754638672,45.793514251708984,30.6956729888916,160.19000244140625,98.71056365966795,58.78364944458008,48.07227325439453,91.07673645019533,107.7431182861328,116.28862762451172,180.89913940429688
2023-04-28,167.98590087890625,302.4496765136719,105.4499969482422,107.7098388671875,239.19268798828125,131.6181182861328,229.2080535888672,27.73098945617676,329.92999267578125,92.3488998413086,30.315414428710938,89.37000274658203,116.87625885009766,44.488224029541016,206.77999877929688,78.15972900390625,10.472479820251465,32.3464241027832,111.6357421875,157.5801239013672,63.691017150878906,51.97846984863281,173.6264190673828,60.693119049072266,81.64480590820312,628.4122924804688,158.55606079101562,54.96078872680664,76.0,48.45000076293945,53.790000915527344,52.61000061035156,31.049999237060547,10.25,61.189998626708984,119.66999816894533,43.540000915527344,23.0,8.710000038146973,101.02999877929688,44.55261993408203,81.7890853881836,120.61000061035156,33.7301025390625,68.1500015258789,86.02086639404297,35.599998474121094,7.75,120.0500030517578,68.52999877929688,47.04999923706055,90.0999984741211,91.2300033569336,148.0800018310547,239.9600067138672,67.37999725341797,49.439998626708984,61.43000030517578,147.66000366210938,196.95867919921875,459.4200134277344,186.13999938964844,131.40911865234375,210.55975341796875,438.2872314453125,286.138427734375,377.55999755859375,84.41231536865234,106.82925415039062,37.60506439208984,27.696008682250977,43.98047637939453,325.728271484375,50.61045455932617,15.67422103881836,33.86293411254883,140.72128295898438,38.93909454345703,36.38935852050781,4.015787124633789,3.964528560638428,5.047811985015869,17.87464714050293,42.12423324584961,27.698890686035156,107.0980987548828,200.9261016845703,285.6665344238281,485.80609130859375,49.04627227783203,148.0714874267578,110.5212173461914,155.1610565185547,36.32352828979492,112.34386444091795,96.78048706054688,47.1207275390625,31.415102005004883,164.30999755859375,101.24920654296876,59.70547866821289,49.15791702270508,92.25083923339844,107.77130889892578,116.83448791503906,180.3739471435547
2023-05-01,167.89678955078125,300.7762756347656,102.0500030517578,107.20223236083984,242.03924560546875,134.4363555908203,228.9913787841797,28.8912353515625,324.1199951171875,92.49514770507812,29.57362937927246,89.69000244140625,116.58039093017578,44.57297134399414,203.8699951171875,79.90503692626953,10.631155014038086,32.777191162109375,110.71818542480467,157.09002685546875,61.701904296875,51.95367431640625,176.1939239501953,61.80234146118164,81.33488464355469,628.5894775390625,160.7541961669922,54.764408111572266,75.11000061035156,47.279998779296875,50.13999938964844,51.970001220703125,32.7400016784668,10.59000015258789,62.20000076293945,121.41999816894533,43.91999816894531,22.059999465942383,8.729999542236328,96.2699966430664,43.813751220703125,81.2772445678711,121.27999877929688,33.512916564941406,68.58999633789062,85.92436218261719,36.0,7.78000020980835,118.79000091552734,68.63999938964844,44.720001220703125,88.73999786376953,91.6500015258789,146.97000122070312,225.77000427246097,65.4000015258789,49.4900016784668,61.68000030517578,149.5500030517578,196.38284301757812,450.4100036621094,186.33999633789065,130.64166259765625,211.6317138671875,436.8655395507813,293.21380615234375,374.1499938964844,82.49832916259766,106.6899185180664,38.21052551269531,27.468992233276367,44.14866256713867,323.0062561035156,50.19386291503906,15.523420333862305,33.7582893371582,140.0465545654297,39.1932258605957,36.19783401489258,4.006882667541504,3.936142683029175,5.020227909088135,18.37697982788086,42.4438591003418,27.931970596313477,106.6993637084961,201.30316162109375,282.967041015625,476.5093078613281,49.2476921081543,147.48013305664062,107.09371185302734,153.92771911621094,36.08004379272461,111.56336975097656,96.44185638427734,46.92975997924805,31.22325325012207,161.8300018310547,100.9627456665039,59.35615158081055,48.98311233520508,91.6917495727539,108.46678924560548,117.27500915527344,172.40855407714844
2023-05-02,166.85728454589844,300.6286315917969,103.62999725341795,105.48039245605467,238.11773681640625,132.26553344726562,223.5450439453125,28.19169235229492,317.54998779296875,92.4269027709961,29.05633544921875,89.91000366210938,115.72053527832033,43.650245666503906,203.25,80.16565704345703,10.401958465576172,32.385589599609375,110.97624969482422,154.50767517089844,61.256591796875,51.760276794433594,177.27499389648438,59.32133865356445,80.34700775146484,627.451416015625,166.080078125,53.16523742675781,72.27999877929688,46.779998779296875,51.31999969482422,50.119998931884766,36.52000045776367,10.640000343322754,61.619998931884766,120.58000183105467,42.83000183105469,21.3700008392334,8.3100004196167,99.19000244140624,43.29558563232422,78.73731994628906,117.52999877929688,32.32310485839844,64.19000244140625,85.94366455078125,34.45000076293945,7.590000152587891,116.73999786376952,70.27999877929688,42.880001068115234,87.0,88.44499969482422,144.83999633789062,217.9900054931641,64.04000091552734,48.45000076293945,61.189998626708984,147.16000366210938,192.4609375,443.6799926757813,183.1300048828125,130.52508544921875,207.24822998046875,430.8927001953125,284.5420227050781,368.6600036621094,80.95964050292969,104.81886291503906,36.744171142578125,26.636598587036133,42.98070526123047,316.1776123046875,48.537208557128906,15.141987800598145,32.851322174072266,137.25949096679688,38.779090881347656,35.24021911621094,3.9267444610595703,3.879371404647827,4.946672439575195,18.211528778076172,43.35434341430664,28.08114242553711,107.31645965576172,199.12791442871097,279.71630859375,477.6870422363281,49.11449432373047,146.16603088378906,102.82564544677734,147.3008270263672,33.16731262207031,104.95269012451172,92.78285217285156,44.09392166137695,28.642900466918945,160.30999755859375,99.37239074707033,58.25966262817383,46.6554069519043,88.2719497680664,104.1153335571289,112.01746368408205,168.6446990966797
2023-05-03,165.77816772460938,299.63446044921875,103.6500015258789,105.61973571777344,235.91812133789065,129.46636962890625,222.56019592285156,27.783958435058594,319.29998779296875,92.40739440917967,29.91524124145508,81.62000274658203,114.1395034790039,43.27363204956055,200.92999267578125,80.37098693847656,10.393143653869627,31.798175811767575,107.84127044677734,153.95164489746094,60.27687454223633,51.03328323364258,176.04913330078125,59.40465545654297,80.0951919555664,628.1341552734375,162.255126953125,52.29551315307617,71.43000030517578,46.27000045776367,48.4900016784668,49.83000183105469,37.84000015258789,10.890000343322754,62.36000061035156,118.86000061035156,42.400001525878906,20.90999984741211,8.069999694824219,98.96499633789062,42.95974349975586,78.68904113769531,116.69000244140624,32.7480354309082,63.52000045776367,84.9206314086914,34.22999954223633,7.559999942779541,117.66999816894533,70.1500015258789,41.900001525878906,87.37000274658203,88.83000183105469,144.63999938964844,220.52000427246097,65.83999633789062,47.400001525878906,60.81999969482422,145.13999938964844,191.2397003173828,437.0799865722656,183.32000732421875,131.904541015625,206.7122802734375,424.1695556640625,289.4198913574219,345.25,79.5147705078125,104.90843963623048,36.564422607421875,26.352828979492188,42.672367095947266,311.7010192871094,46.53177261352539,15.159728050231934,33.12166976928711,136.81942749023438,38.487300872802734,35.33598327636719,3.9623618125915527,3.8415236473083496,4.919088363647461,18.50057029724121,43.74177932739258,27.83874130249023,108.3512725830078,198.48980712890625,278.57568359375,473.1014099121094,48.93256759643555,145.08660888671875,100.79903411865234,144.34634399414062,32.87874221801758,104.39788055419922,90.38426208496094,43.22502899169922,27.961837768554688,160.61000061035156,99.62921142578124,57.22138595581055,45.091331481933594,89.40876770019531,100.61913299560548,105.40960693359376,168.16812133789062
2023-05-04,164.1347198486328,300.6286315917969,104.0,104.71401977539062,232.4245758056641,127.69548797607422,222.1859588623047,27.544113159179688,320.7799987792969,92.5926513671875,30.615957260131836,86.61000061035156,113.32586669921876,43.02882385253906,197.0500030517578,78.43614196777344,10.19039535522461,31.02476692199707,101.86761474609376,152.9620361328125,59.88102722167969,50.804176330566406,175.0260009765625,59.11014938354492,80.86031341552734,628.4409790039062,158.6044921875,51.547367095947266,71.80999755859375,57.29999923706055,49.220001220703125,50.810001373291016,37.4900016784668,10.6899995803833,62.83000183105469,117.62999725341795,46.619998931884766,20.780000686645508,7.909999847412109,92.5500030517578,42.58551025390625,79.66443634033203,121.3499984741211,33.78675842285156,64.13999938964844,85.71204376220703,34.47999954223633,7.380000114440918,117.87999725341795,72.6500015258789,40.47999954223633,87.73999786376953,89.50499725341797,155.27000427246094,237.25,75.4000015258789,47.540000915527344,62.220001220703125,150.0500030517578,191.0113067626953,430.510009765625,181.9199981689453,130.2627716064453,204.63539123535156,417.06146240234375,275.90972900390625,335.8299865722656,77.50696563720703,104.19186401367188,35.01032257080078,25.52989387512207,41.95290756225586,304.6921691894531,45.892364501953125,15.000059127807615,32.57225799560547,138.1396026611328,37.85667419433594,34.37836456298828,3.900032758712769,3.8036763668060303,4.891505241394043,18.4726619720459,42.79255676269531,27.40987777709961,106.66139221191406,196.0631866455078,271.6084899902344,474.3590393066406,49.06953048706055,143.1717529296875,99.0338897705078,143.78489685058594,32.56312561035156,104.67057800292967,91.578857421875,43.034061431884766,27.83713722229004,161.1999969482422,96.26082611083984,56.95939636230469,44.38290023803711,86.01690673828125,98.03457641601562,100.61173248291016,170.83299255371094
2023-05-05,171.83706665039062,305.7865905761719,105.66000366210938,105.71427917480467,231.68804931640625,130.18997192382812,228.27244567871097,28.6613826751709,322.760009765625,94.54257202148438,30.37095069885254,89.83999633789062,114.32442474365234,43.54668045043945,198.33999633789065,79.16268920898438,10.56944751739502,32.561805725097656,103.9703369140625,157.48272705078125,60.59354782104492,52.54182052612305,177.01437377929688,61.04380416870117,82.293701171875,643.5520629882812,161.53855895996094,52.31421661376953,74.97000122070312,62.029998779296875,58.2400016784668,52.369998931884766,37.75,8.630000114440918,62.900001525878906,119.9000015258789,48.68000030517578,21.010000228881836,8.229999542236328,90.0,43.784969329833984,80.36943817138672,123.4499969482422,33.881187438964844,63.060001373291016,85.78923034667969,35.04999923706055,7.409999847412109,122.4499969482422,73.77999877929688,44.06999969482422,89.45999908447266,91.96499633789062,154.1699981689453,241.2899932861328,76.56999969482422,48.72999954223633,63.400001525878906,135.72999572753906,196.1842498779297,434.7999877929687,181.47999572753903,130.91366577148438,206.2337188720703,420.5167846679687,268.6570129394531,348.3999938964844,79.63673400878906,105.0676727294922,36.17351150512695,26.2109432220459,43.27969741821289,310.1550598144531,47.70404052734375,15.195210456848145,32.99085998535156,140.38880920410156,38.0543327331543,35.719024658203125,3.908936500549317,3.888833284378052,4.983450412750244,18.70987319946289,43.96455001831055,28.09046173095703,107.69619750976562,198.97320556640625,275.2869567871094,482.7948913574219,49.49347686767578,146.71044921875,101.49945831298828,147.45730590820312,33.48293685913086,107.36000061035156,94.4101333618164,43.683349609375,28.662080764770508,170.05999755859375,99.29336547851562,58.890384674072266,46.33339309692383,87.06987762451172,100.60033416748048,102.3738250732422,174.7719268798828
2023-05-08,171.7677764892578,303.8179016113281,105.83000183105467,107.729736328125,232.17578125,130.50418090820312,228.7156219482422,29.132080078125,331.2099914550781,94.36707305908205,30.15534782409668,95.04000091552734,114.09326171875,43.63141632080078,197.2599945068359,79.69972229003906,10.59589385986328,32.95341873168945,103.52111053466795,155.96315002441406,60.23728942871094,52.24725341796875,178.10511779785156,60.94110870361328,82.84574127197266,648.1735229492188,162.72962951660156,52.64153671264648,75.5199966430664,64.37999725341797,58.099998474121094,54.84000015258789,38.83000183105469,8.539999961853027,66.7699966430664,125.6500015258789,48.25,21.59000015258789,8.420000076293945,92.77999877929688,44.34151077270508,80.45634460449219,122.48999786376952,33.90007400512695,61.959999084472656,87.96075439453125,36.279998779296875,7.739999771118164,132.41000366210938,79.25,46.310001373291016,107.91999816894533,95.76000213623048,160.4199981689453,246.92999267578125,78.54000091552734,49.29999923706055,62.93000030517578,130.00999450683594,196.49203491210935,438.989990234375,179.60000610351562,131.904541015625,205.07565307617188,421.44482421875,270.3815002441406,344.05999755859375,79.21453857421875,107.2572021484375,36.59303283691406,26.19202423095703,43.31707382202149,309.6714172363281,46.144256591796875,15.18634033203125,32.99085998535156,140.99510192871094,38.204925537109375,34.474124908447266,3.900032758712769,3.898294687271118,5.020227909088135,18.426815032958984,44.57477188110352,28.14640235900879,108.8829116821289,197.27166748046875,273.6805725097656,482.7948913574219,49.80327606201172,146.898193359375,101.90105438232422,146.87742614746094,33.392757415771484,107.53866577148438,94.9086456298828,44.50450134277344,28.729232788085938,171.7899932861328,101.71347045898438,57.2116813659668,46.92221450805664,87.55442810058594,100.91989135742188,104.10719299316406,180.78244018554688
2023-05-09,170.05506896972656,302.1937255859375,106.62000274658205,107.43115997314452,232.27528381347656,129.87579345703125,229.7300262451172,28.552453994750977,332.1400146484375,93.73336029052734,29.49873161315918,95.05999755859376,113.55907440185548,43.75381851196289,201.8800048828125,79.76289367675781,10.454849243164062,32.58138656616211,101.09342193603516,154.80450439453125,60.296669006347656,51.1542854309082,173.37545776367188,59.9190673828125,82.38087463378906,636.3577270507812,159.86329650878906,53.595420837402344,65.90499877929688,63.88999938964844,60.209999084472656,56.0,38.189998626708984,8.619999885559082,67.30000305175781,127.06999969482422,47.4900016784668,21.469999313354492,8.270000457763672,92.70999908447266,43.95768737792969,79.4036865234375,119.4800033569336,33.63566970825195,61.40999984741211,84.28365325927734,36.189998626708984,9.550000190734863,129.94000244140625,76.02999877929688,47.150001525878906,110.04499816894533,97.91999816894533,163.8699951171875,250.27999877929688,79.58999633789062,49.43000030517578,63.560001373291016,133.14999389648438,199.7487030029297,441.3900146484375,178.42999267578125,130.8359375,204.4918212890625,422.2247009277344,264.82366943359375,342.6499938964844,79.15825653076172,106.8392105102539,36.74557876586914,26.16364860534668,43.466575622558594,308.0211181640625,46.444583892822266,15.09763526916504,32.76411437988281,138.89260864257812,37.29192733764648,32.75041961669922,3.882224082946778,3.850986003875733,4.900699138641357,18.71784782409668,44.536033630371094,28.239633560180664,108.56961822509766,200.23968505859375,276.1994323730469,484.4685363769531,49.8880729675293,147.76173400878906,101.9290771484375,146.45404052734375,33.35668182373047,106.98385620117188,95.50122833251952,45.03919982910156,28.87311553955078,169.14999389648438,100.93311309814452,57.2116813659668,45.2385368347168,87.57306671142578,101.8785171508789,106.2427749633789,189.8176727294922
2023-05-10,171.82716369628906,307.4205627441406,110.19000244140624,111.75070190429688,231.98666381835935,129.94241333007812,227.77012634277344,28.86625099182129,335.4200134277344,95.0788116455078,29.371328353881836,97.0199966430664,114.35567474365234,43.97978973388672,200.83999633789065,78.60987091064453,10.481295585632324,32.385589599609375,101.7529067993164,154.8520050048828,59.36643981933594,52.29783248901367,175.12249755859375,60.67082595825195,82.22590637207031,650.3011474609375,159.96986389160156,53.558013916015625,63.380001068115234,63.16999816894531,62.63999938964844,48.91999816894531,38.790000915527344,8.859999656677246,68.76000213623047,113.19000244140624,47.34000015258789,21.530000686645508,8.699999809265137,94.83999633789062,43.96728515625,80.10868072509766,118.9000015258789,33.14463806152344,60.880001068115234,85.64447784423828,38.869998931884766,9.9399995803833,133.8000030517578,78.25,49.209999084472656,116.79000091552734,99.6999969482422,172.0399932861328,262.0199890136719,86.0,50.0099983215332,64.43000030517578,137.4199981689453,203.39259338378903,454.1400146484375,179.39999389648438,130.98165893554688,205.78387451171875,426.01568603515625,269.198974609375,344.0199890136719,78.54838562011719,111.21827697753906,36.4976806640625,25.842039108276367,43.326416015625,305.9156188964844,46.06675338745117,15.11537742614746,32.816436767578125,138.89260864257812,37.517822265625,32.75041961669922,3.9178407192230225,3.860447645187378,4.891505241394043,18.62415885925293,44.3907356262207,27.83874130249023,108.36075592041016,197.53271484375,274.7261047363281,483.3753967285156,49.74783706665039,148.05271911621094,100.62157440185548,144.58566284179688,33.140254974365234,105.46989440917967,94.50418853759766,43.78837585449219,28.355125427246097,168.5399932861328,99.90579986572266,55.164249420166016,44.26329803466797,87.80602264404297,104.3314971923828,106.98974609375,189.1757354736328
2023-05-11,172.01528930664062,305.2550354003906,112.18000030517578,116.3489227294922,234.68392944335935,129.53305053710938,227.9576416015625,28.55945205688477,344.760009765625,95.00080871582033,28.28350067138672,97.0999984741211,113.30603790283205,43.659664154052734,201.83999633789065,78.58618927001953,10.463665962219238,32.42474365234375,99.4590301513672,153.06651306152344,60.9696044921875,52.31568908691406,174.3117218017578,60.80645751953125,80.80220794677734,643.4234619140625,158.1784210205078,53.11848068237305,64.18000030517578,62.900001525878906,60.349998474121094,47.47999954223633,38.41999816894531,8.40999984741211,67.22000122070312,111.1999969482422,45.72999954223633,21.479999542236328,8.75,96.36000061035156,43.92890167236328,84.87947082519531,124.16999816894533,35.53369903564453,65.16999816894531,85.30668640136719,39.880001068115234,9.880000114440918,132.14999389648438,78.88999938964844,50.02000045776367,115.41999816894533,98.58999633789062,170.07000732421875,264.0899963378906,86.6500015258789,49.439998626708984,64.44999694824219,135.67999267578125,202.02243041992188,452.5700073242187,178.32000732421875,129.87420654296875,200.80702209472656,419.4703063964844,261.4436340332031,341.5799865722656,77.52571105957031,116.0153350830078,36.54535675048828,25.908252716064453,43.00873947143555,304.17999267578125,46.48553466796875,15.044410705566406,32.7902717590332,139.54782104492188,37.99785614013672,34.665653228759766,3.7041404247283936,3.784752607345581,4.7351975440979,18.580305099487305,43.29622268676758,27.400554656982425,108.22784423828124,196.5465850830078,273.45245361328125,485.53271484375,49.933719635009766,149.12277221679688,98.8004150390625,143.78489685058594,32.79110336303711,103.9371109008789,93.9586181640625,42.14607238769531,27.3287410736084,172.0800018310547,91.18355560302734,56.21222686767578,43.481258392333984,87.0326156616211,104.00254821777344,105.43833923339844,193.07582092285156
2023-05-12,171.08338928222656,304.13287353515625,110.26000213623048,117.36410522460938,232.71319580078125,127.67642974853516,228.32275390625,28.321609497070312,339.8900146484375,95.40055084228516,28.371702194213867,95.26000213623048,115.1241683959961,43.97978973388672,200.6999969482422,78.02547454833984,10.287360191345217,31.71986198425293,99.03849792480467,153.74082946777344,60.28677749633789,52.27799606323242,174.29241943359375,61.14358901977539,80.80220794677734,640.7713623046875,159.34043884277344,53.83856964111328,61.689998626708984,61.33000183105469,57.34000015258789,45.83000183105469,38.45000076293945,8.1899995803833,65.87000274658203,105.2750015258789,44.81999969482422,21.399999618530273,8.550000190734863,94.68000030517578,43.09408187866211,82.41680908203125,120.06999969482422,33.333499908447266,63.31999969482422,82.20866394042969,39.36000061035156,9.5,130.22999572753906,76.47000122070312,49.43000030517578,114.33000183105467,99.6500015258789,167.39999389648438,263.6000061035156,87.25,48.849998474121094,63.689998626708984,135.02000427246094,200.3742218017578,455.2000122070313,182.7599945068359,129.9492645263672,203.61131286621097,422.1654968261719,264.5970458984375,335.45001220703125,77.30054473876953,116.95086669921876,35.74446487426758,25.62448501586914,42.46680450439453,303.02288818359375,47.66399002075195,15.106505393981934,32.78156280517578,140.93643188476562,37.84725570678711,33.99531555175781,3.7041404247283936,3.813138484954834,4.753586292266846,18.87333297729492,43.35434341430664,26.943723678588867,107.49683380126952,196.5079040527344,276.0948486328125,487.6416320800781,49.91741561889648,148.29676818847656,98.79106903076172,144.153076171875,32.64524459838867,103.83367156982422,93.52593231201172,42.07923889160156,27.443851470947266,167.97999572753906,90.8674545288086,56.36748504638672,43.720462799072266,86.86488342285156,103.8709716796875,105.2276382446289,190.42066955566406
2023-05-15,170.58767700195312,304.6152038574219,111.1999969482422,116.40863037109376,237.73953247070312,128.7523193359375,229.73385620117188,28.93420791625977,335.8900146484375,94.82533264160156,29.204723358154297,97.4000015258789,115.61151123046876,44.34699249267578,202.77000427246097,80.55261993408203,10.260916709899902,31.69049072265625,101.58087921142578,156.9508819580078,63.968109130859375,54.77437210083008,177.96031188964844,61.981571197509766,82.96196746826172,648.8662109375,162.6134033203125,57.10236740112305,62.25,61.58000183105469,60.77000045776367,47.380001068115234,38.13999938964844,8.539999961853027,66.19999694824219,105.77999877929688,45.619998931884766,22.049999237060547,8.699999809265137,97.8499984741211,43.3051872253418,85.31404876708984,127.61000061035156,35.571468353271484,66.06999969482422,86.74470520019531,38.970001220703125,9.520000457763672,135.5500030517578,78.37999725341797,51.209999084472656,120.80999755859376,96.5,172.0500030517578,276.1700134277344,88.5,51.099998474121094,66.02999877929688,145.36000061035156,201.8834228515625,463.1400146484375,185.4600067138672,129.67274475097656,205.1904754638672,420.7734375,267.76025390625,345.6700134277344,77.82595825195312,115.95562744140624,36.964866638183594,26.15419006347656,43.02742767333984,305.46038818359375,49.611839294433594,15.035540580749512,32.066444396972656,141.42539978027344,37.83784484863281,34.37836456298828,3.766469717025757,3.8415236473083496,4.873115539550781,18.871337890625,43.51900100708008,27.568368911743164,107.56328582763672,194.854736328125,274.2603759765625,485.677734375,49.52934646606445,150.7184600830078,98.97947692871094,144.68687438964844,32.991661071777344,104.69879150390624,94.82122039794922,42.58530044555664,27.913875579833984,166.35000610351562,91.72684478759766,56.78472900390625,43.89527893066406,87.79669952392578,106.11720275878906,105.9458999633789,198.16238403320312
2023-05-16,170.58767700195312,306.8594970703125,113.4000015258789,119.52388763427734,237.69972229003903,127.88589477539062,227.42477416992188,29.19404029846191,333.75,95.79053497314452,28.636308670043945,101.4800033569336,115.70523071289062,44.177513122558594,200.8699951171875,79.86555480957031,9.917121887207031,30.877914428710938,99.2009735107422,155.16539001464844,63.06756210327149,55.434913635253906,176.43521118164062,62.14044189453125,83.17504119873047,645.2640991210938,160.6380157470703,56.85921859741211,60.79999923706055,60.119998931884766,57.880001068115234,47.36000061035156,37.439998626708984,8.239999771118164,64.18000030517578,105.41000366210938,44.95000076293945,21.59000015258789,8.609999656677246,92.6500015258789,41.290096282958984,85.71967315673828,132.67999267578125,35.80754470825195,66.01000213623047,86.5130844116211,39.25,9.470000267028809,134.00999450683594,78.11000061035156,51.209999084472656,118.3499984741211,95.71499633789062,171.7100067138672,275.4800109863281,88.06999969482422,50.2599983215332,65.98999786376953,139.22000122070312,203.1046600341797,468.239990234375,185.30999755859375,131.5096893310547,203.22845458984375,416.0346984863281,261.4239196777344,345.1099853515625,76.80329132080078,118.94135284423828,36.602561950683594,25.879878997802734,42.30796813964844,304.26531982421875,48.78400421142578,14.662982940673828,31.43855094909668,140.5257110595703,37.40487289428711,33.899559020996094,3.78427791595459,3.737443208694458,4.76278018951416,18.699907302856445,43.954872131347656,27.65227699279785,108.15189361572266,192.60211181640625,268.357666015625,479.9797058105469,48.84451675415039,148.28038024902344,96.57730102539062,141.2906036376953,32.39910888671875,101.21009826660156,92.72228240966795,41.29627227783203,26.74360084533691,166.52000427246094,89.86978912353516,56.41600036621094,42.44160461425781,85.62554168701172,103.04391479492188,102.92797088623048,200.0297088623047
2023-05-17,171.20230102539062,309.75982666015625,115.5,120.9073257446289,241.3524932861328,131.8180694580078,229.57595825195312,30.158411026000977,339.9599914550781,97.27249145507812,28.293302536010746,103.75,117.81390380859376,44.84601974487305,206.8699951171875,81.71351623535156,10.137500762939451,31.759023666381836,100.17586517333984,157.02684020996094,64.24519348144531,56.940467834472656,181.4254913330078,63.69337844848633,88.01754760742188,663.5220336914062,165.82830810546875,57.17717361450195,61.459999084472656,60.7599983215332,61.040000915527344,48.02000045776367,37.84000015258789,8.359999656677246,65.22000122070312,108.33000183105467,45.68000030517578,21.950000762939453,9.369999885559082,94.98999786376952,42.10573196411133,87.57390594482422,130.52000427246094,35.25985336303711,66.44999694824219,85.0943603515625,41.83000183105469,10.25,137.22999572753906,80.3499984741211,54.20000076293945,118.7699966430664,95.76000213623048,174.02000427246094,282.5,91.27999877929688,52.290000915527344,67.8499984741211,144.0399932861328,207.890380859375,492.9200134277344,188.22000122070312,130.97637939453125,204.77896118164065,426.3513793945313,268.8343200683594,356.6300048828125,78.72665405273438,120.26502227783205,38.57617950439453,27.024417877197266,43.98981857299805,313.1521301269531,50.46889877319336,14.778298377990724,31.551925659179688,138.45254516601562,37.92256164550781,34.761409759521484,3.78427791595459,3.8036763668060303,4.836337566375732,19.00090789794922,44.41010665893555,28.22098731994629,108.78797149658205,200.31703186035156,277.9198303222656,478.86724853515625,48.76298904418945,152.10763549804688,98.74396514892578,143.3154754638672,32.818450927734375,104.1910171508789,95.21831512451172,42.48981475830078,27.760398864746097,173.86000061035156,91.637939453125,57.17286682128906,43.89527893066406,88.32785034179688,105.35592651367188,106.66905212402344,202.2860870361328
2023-05-18,173.54200744628906,314.21881103515625,118.1500015258789,122.9376983642578,245.6920623779297,132.81777954101562,230.513427734375,31.65743637084961,371.2900085449219,99.77814483642578,29.087120056152344,107.93000030517578,118.2262725830078,45.3827018737793,207.2400054931641,82.13998413085938,10.260916709899902,32.20936584472656,102.23079681396484,161.27210998535156,66.86763763427734,59.38328552246094,185.5760040283203,65.67256927490234,89.73180389404297,688.6874389648438,170.07931518554688,58.682830810546875,61.27000045776367,60.849998474121094,60.2599983215332,48.90999984741211,39.25,8.34000015258789,66.97000122070312,111.87000274658205,45.869998931884766,22.459999084472656,9.6899995803833,92.38999938964844,42.33602523803711,82.83207702636719,124.73999786376952,33.80564498901367,61.599998474121094,84.00376892089844,42.06999969482422,11.739999771118164,141.85000610351562,81.19000244140625,58.52000045776367,123.95999908447266,94.86000061035156,184.30999755859375,289.7200012207031,94.54000091552734,52.560001373291016,69.52999877929688,148.0800018310547,211.80235290527344,510.1700134277344,195.75,132.24050903320312,206.18588256835935,441.9498291015625,278.1367492675781,360.4299926757813,79.27082061767578,122.24554443359376,38.33781814575195,26.929828643798828,43.34511184692383,312.5830383300781,50.40072250366211,14.680719375610352,31.508319854736328,135.1276397705078,38.882625579833984,34.761409759521484,3.748661518096924,3.7942147254943848,4.827142715454102,19.71254539489746,45.64022445678711,28.6591739654541,109.93670654296876,202.2119140625,280.5527648925781,481.8661804199219,49.3956413269043,145.7004852294922,99.6388931274414,143.13888549804688,32.78199005126953,105.3382339477539,95.2466812133789,42.82400131225586,28.652494430541992,176.88999938964844,92.61585998535156,56.522735595703125,44.41969680786133,89.71626281738281,104.83902740478516,107.00652313232422,204.37713623046875
2023-05-19,173.6510467529297,314.04119873046875,116.25,122.66897583007812,244.4877166748047,132.51307678222656,230.2272491455078,31.243709564208984,365.3599853515625,100.26564025878906,29.332124710083008,105.81999969482422,119.26654815673828,46.25834274291992,205.4900054931641,82.33740997314453,10.269730567932127,31.97439765930176,101.179443359375,161.55702209472656,67.46141052246094,58.40338134765625,183.9061584472656,66.09397888183594,89.66400146484375,686.777587890625,169.42086791992188,58.224578857421875,60.91999816894531,60.20000076293945,56.779998779296875,51.209999084472656,39.18000030517578,8.109999656677246,66.9800033569336,107.37999725341795,45.38999938964844,22.700000762939453,9.720000267028809,89.0999984741211,41.72190475463867,81.10340881347656,124.27999877929688,33.106868743896484,60.529998779296875,84.38016510009766,40.0099983215332,11.710000038146973,144.72000122070312,82.1500015258789,57.9900016784668,125.2699966430664,94.33000183105467,176.82000732421875,275.17999267578125,92.08999633789062,53.119998931884766,69.37000274658203,146.99000549316406,208.8634033203125,510.2999877929687,195.7100067138672,132.6157989501953,206.9036865234375,440.3406066894531,281.20147705078125,371.25,77.1598129272461,122.17588806152344,38.166202545166016,26.58930397033691,42.70973587036133,309.3299255371094,50.322811126708984,14.46782684326172,31.43855094909668,135.9588623046875,38.76026153564453,33.803794860839844,3.739756822586059,3.832062005996704,4.845531940460205,19.537126541137695,46.25044250488281,28.47270965576172,107.83861541748048,199.4179229736328,276.484619140625,480.3376770019531,48.88690948486328,143.90501403808594,100.10049438476562,144.27279663085938,32.845802307128906,107.75494384765624,97.00525665283205,43.22502899169922,28.940265655517575,180.13999938964844,90.23526000976562,57.37664413452149,45.266143798828125,89.44306182861328,104.57585144042967,106.36050415039062,198.55137634277344
2023-05-22,172.69932556152344,316.8428649902344,115.01000213623048,125.2766342163086,247.15516662597656,131.41819763183594,228.2240753173828,31.1557674407959,363.010009765625,99.222412109375,29.67513656616211,108.0,119.4914779663086,45.96645736694336,205.91000366210935,82.5664291381836,10.25209903717041,32.170204162597656,100.62507629394533,162.26931762695312,65.54159545898438,58.027488708496094,184.65904235839844,65.71810150146484,88.83109283447266,691.3692016601562,171.75454711914062,58.8698616027832,63.029998779296875,62.060001373291016,61.06999969482422,57.709999084472656,39.16999816894531,8.100000381469727,65.62999725341797,109.93000030517578,45.40999984741211,23.260000228881836,9.760000228881836,90.0199966430664,42.33602523803711,83.15078735351562,125.9499969482422,33.98506164550781,63.040000915527344,85.4417953491211,39.4900016784668,11.84000015258789,147.41000366210938,85.44000244140625,56.79999923706055,128.86000061035156,96.05500030517578,178.47000122070312,283.2900085449219,93.87000274658205,55.45000076293945,71.41000366210938,158.3800048828125,208.76409912109375,511.3900146484375,196.41000366210935,131.6380615234375,207.2386932373047,448.3175659179687,284.9855651855469,372.0499877929687,77.1879653930664,124.45498657226562,39.07197189331055,26.806861877441406,42.78449249267578,308.1634216308594,50.614990234375,14.52992057800293,31.36005592346191,138.47210693359375,38.81673812866211,33.99531555175781,3.766469717025757,3.860447645187378,4.873115539550781,19.455398559570312,46.04703903198242,28.631202697753903,104.90506744384766,196.4015960693359,276.2755126953125,475.8392028808594,48.456451416015625,143.5553436279297,98.8852767944336,141.6797332763672,32.71817398071289,106.77696990966795,98.07363891601562,43.92205810546875,28.988224029541016,188.8699951171875,90.69953918457033,57.289310455322266,45.37654876708984,90.02715301513672,106.9851303100586,106.66905212402344,200.83694458007812
2023-05-23,170.0820770263672,311.0028076171875,114.98999786376952,122.70880126953124,245.58258056640625,130.0471649169922,221.61260986328125,30.668081283569336,355.989990234375,96.07328033447266,28.92051696777344,108.12000274658205,120.12875366210938,46.05120086669922,202.6000061035156,80.31570434570312,10.340250968933104,32.71844482421875,98.98114013671876,161.20562744140625,65.32386016845703,56.87897872924805,181.38693237304688,66.50570678710938,87.59141540527344,674.358154296875,169.5177001953125,58.32745361328125,62.0,58.33000183105469,59.099998474121094,59.130001068115234,38.65999984741211,8.109999656677246,66.02999877929688,106.25,45.59000015258789,23.760000228881836,9.800000190734863,88.02999877929688,42.009765625,80.04107666015625,121.55999755859376,33.087982177734375,61.93000030517578,80.84784698486328,39.65999984741211,12.640000343322754,143.89999389648438,83.41999816894531,55.91999816894531,124.47000122070312,94.87000274658205,175.16000366210938,272.80999755859375,93.06999969482422,54.400001525878906,65.6500015258789,159.41000366210938,205.1698760986328,500.1400146484375,192.8699951171875,128.22096252441406,206.3007354736328,444.0625305175781,279.8317565917969,370.4200134277344,77.53510284423828,121.97683715820312,39.291255950927734,27.033878326416016,42.89661407470703,306.8830261230469,51.413612365722656,14.281548500061035,31.604246139526367,138.24716186523438,38.00727081298828,33.803794860839844,3.78427791595459,3.813138484954834,4.799558639526367,18.93113899230957,44.8944091796875,28.491355895996097,101.67721557617188,199.78529357910156,280.3436584472656,469.0674133300781,48.36513900756836,139.0665740966797,100.2323760986328,145.7784423828125,32.98255157470703,106.69232940673828,98.69766235351562,43.979347229003906,29.33354949951172,185.77000427246097,88.72393035888672,57.91033935546875,45.18333435058594,90.10253143310548,106.7100601196289,105.98445892333984,210.14451599121094
2023-05-24,170.35963439941406,309.61181640625,116.75,121.06657409667967,248.04100036621097,128.85702514648438,219.3133850097656,30.518178939819336,364.8500061035156,95.85877990722656,28.420703887939453,108.2699966430664,117.78579711914062,45.58041763305664,199.27000427246097,79.7470932006836,9.987642288208008,31.602380752563477,98.46501159667967,158.6698760986328,65.83846282958984,56.12322616577149,167.17864990234375,65.83047485351562,87.29116821289062,659.8507080078125,161.24803161621094,57.345516204833984,61.79999923706055,58.970001220703125,58.36000061035156,61.40999984741211,37.959999084472656,7.989999771118164,66.0,105.70999908447266,45.209999084472656,24.309999465942383,9.800000190734863,87.66000366210938,41.54917907714844,78.42827606201172,119.11000061035156,31.992605209350582,60.939998626708984,80.57760620117188,40.5099983215332,12.229999542236328,149.1999969482422,84.66999816894531,56.22999954223633,126.52999877929688,102.15499877929688,177.13999938964844,277.5799865722656,93.44000244140624,53.470001220703125,62.630001068115234,160.63999938964844,207.57264709472656,502.5499877929687,196.19000244140625,127.608642578125,204.8172607421875,410.6147155761719,276.7474060058594,365.760009765625,76.20282745361328,120.32473754882812,38.96708679199219,26.579843521118164,41.56981658935547,303.3169250488281,50.72212600708008,14.148488998413086,31.281572341918945,136.90745544433594,37.63077163696289,33.803794860839844,3.793182373046875,3.727981567382813,4.707612991333008,18.78363037109375,44.468231201171875,27.969263076782227,102.43669891357422,196.8656311035156,276.6936950683594,467.0261840820313,48.14338302612305,135.2299041748047,101.35338592529295,146.16879272460938,32.854915618896484,106.53247833251952,98.3100128173828,44.14166641235352,29.56376838684082,182.8999938964844,87.98308563232422,57.62894058227539,45.69855880737305,90.9692611694336,108.88220977783205,106.582275390625,206.40982055664062
2023-05-25,171.49977111816406,321.5188903808594,115.0,123.76378631591795,251.5046539306641,129.1712188720703,220.4284515380859,37.955345153808594,359.0,101.67935180664062,26.852663040161133,120.3499984741211,118.79796600341795,46.164180755615234,200.8699951171875,80.17353820800781,10.031720161437988,31.72964859008789,99.4207992553711,161.09165954589844,68.88644409179688,59.71652603149414,166.39678955078125,70.60356903076172,97.77037048339844,701.1068115234375,165.9154510498047,56.21393966674805,59.369998931884766,57.709999084472656,56.869998931884766,59.08000183105469,37.95000076293945,8.140000343322754,66.5,104.41999816894533,45.290000915527344,23.739999771118164,9.779999732971191,86.2300033569336,41.856239318847656,76.08151245117188,118.66999816894533,30.632823944091797,60.02000045776367,82.7394790649414,39.5099983215332,12.84000015258789,149.61000061035156,84.56999969482422,58.029998779296875,126.69000244140624,103.98999786376952,147.91000366210938,284.9100036621094,92.41000366210938,53.34000015258789,65.12000274658203,158.8800048828125,208.4165954589844,531.780029296875,196.41000366210935,127.8357925415039,201.37173461914065,407.8306884765625,274.9538879394531,392.05999755859375,77.87286376953125,122.89246368408205,38.995697021484375,26.646059036254883,41.32688522338867,307.17706298828125,52.825801849365234,13.438847541809082,30.365888595581055,132.76109313964844,36.79307174682617,33.420753479003906,3.7219486236572266,3.746904850006103,4.7260026931762695,18.945093154907227,46.57007598876953,28.808340072631836,103.06328582763672,194.3616485595703,272.5589599609375,470.6925964355469,47.66400909423828,133.00914001464844,99.5352783203125,143.65008544921875,32.235015869140625,103.81486511230467,96.14488220214844,43.119998931884766,29.08414649963379,184.47000122070312,87.06443786621094,57.066131591796875,44.04248046875,89.63148498535156,107.35504913330078,105.59879302978516,199.34890747070312
2023-05-26,173.91871643066406,328.3947448730469,120.11000061035156,124.83869934082033,260.8107604980469,130.38040161132812,222.03692626953125,38.92072296142578,378.8800048828125,101.47460174560548,28.420703887939453,127.02999877929688,120.7941665649414,46.9456672668457,203.6300048828125,81.13702392578125,10.657600402832031,32.59117889404297,105.47091674804688,167.42628479003906,73.16153717041016,62.31010055541992,170.39285278320312,78.73442077636719,99.95919799804688,728.2710571289062,175.44390869140625,58.25263977050781,60.220001220703125,59.2599983215332,56.91999816894531,60.099998474121094,38.45000076293945,8.380000114440918,67.44000244140625,106.80999755859376,44.95000076293945,24.229999542236328,10.279999732971191,85.52999877929688,42.56632614135742,78.1965103149414,126.08000183105467,31.256057739257812,71.41999816894531,86.38761901855469,40.119998931884766,13.649999618530272,154.1199951171875,88.0999984741211,61.13999938964844,130.6199951171875,105.8499984741211,150.00999450683594,283.3599853515625,93.16000366210938,55.0,66.2699966430664,166.14999389648438,213.90725708007812,537.4600219726562,216.07000732421875,129.7813720703125,203.36245727539065,413.0926818847656,277.22833251953125,415.3900146484375,78.71727752685547,124.01708221435548,39.310325622558594,26.77848243713379,41.67259216308594,314.88775634765625,52.270660400390625,13.749314308166504,30.522863388061523,132.16458129882812,37.16015625,33.803794860839844,3.7219486236572266,3.8036763668060303,4.827142715454102,19.132471084594727,46.986576080322266,29.181262969970703,102.00948333740234,199.65960693359375,278.33807373046875,490.7276306152344,47.74879837036133,131.28921508789062,98.8852767944336,143.20396423339844,32.40822982788086,103.5515594482422,96.2961654663086,42.4707145690918,28.969039916992188,193.1699981689453,87.21260833740234,57.19227981567383,44.22648620605469,89.414794921875,107.96212768554688,104.91419982910156,198.3957977294922
2023-05-30,175.7726287841797,326.7374267578125,121.66000366210938,124.05242156982422,261.2885437011719,130.87548828125,218.71144104003903,40.08496856689453,392.9800109863281,102.51780700683594,29.39093017578125,125.2699966430664,121.34709930419922,47.237552642822266,204.69000244140625,80.8685073852539,11.098361015319824,32.65970993041992,110.87110900878906,167.67323303222656,70.9448471069336,62.47969436645508,171.26158142089844,77.82474517822266,98.76792907714844,720.6809692382812,176.30575561523438,57.04625701904297,62.04999923706055,58.189998626708984,61.16999816894531,62.66999816894531,37.560001373291016,8.930000305175781,64.94000244140625,107.19000244140624,44.709999084472656,24.40999984741211,10.220000267028809,82.48999786376953,41.856239318847656,75.97528076171875,123.62000274658205,30.311763763427734,67.62999725341797,82.0059814453125,39.59000015258789,14.710000038146973,158.58999633789062,90.11000061035156,66.16000366210938,134.72000122070312,106.23999786376952,158.64999389648438,292.3699951171875,93.69000244140624,55.970001220703125,65.68000030517578,168.85000610351562,217.31283569335935,549.1199951171875,209.0800018310547,128.62588500976562,201.1037139892578,400.9101257324219,276.1133117675781,417.2099914550781,78.26692962646484,123.08155059814452,39.07197189331055,26.731189727783203,41.76603698730469,313.76861572265625,52.43623352050781,13.873502731323242,30.435651779174805,132.13525390625,36.85895538330078,34.474124908447266,3.7041404247283936,3.8036763668060303,4.799558639526367,18.88927841186523,45.83395004272461,28.83631134033203,102.3417739868164,198.8668670654297,277.9293212890625,491.4725646972656,47.63139724731445,126.47914123535156,98.00919342041016,142.3117218017578,31.897720336914062,102.3197021484375,95.68161010742188,42.30839920043945,28.51819610595703,201.16000366210935,86.74834442138672,56.85265350341797,43.20524597167969,88.17122650146484,105.91329956054688,103.93072509765624,196.32421875
2023-05-31,175.72303771972656,323.95550537109375,120.58000183105467,122.7884292602539,263.4782409667969,129.20932006835938,218.10952758789065,37.809444427490234,395.2300109863281,103.28804779052734,30.81196403503418,118.20999908447266,120.51300811767578,46.76676940917969,205.6999969482422,80.18143463134766,10.57826328277588,31.72964859008789,109.14837646484376,165.13748168945312,67.49109649658203,61.1645622253418,171.51254272460938,78.2723159790039,95.48470306396484,715.4064331054688,173.42977905273438,56.20458221435547,61.9900016784668,57.189998626708984,62.20000076293945,69.62000274658203,37.93000030517578,9.020000457763672,65.29000091552734,109.7699966430664,45.61000061035156,23.940000534057617,10.199999809265137,81.05000305175781,41.05521774291992,76.82514190673828,122.8499984741211,30.783910751342773,65.31999969482422,82.11213684082031,41.86000061035156,14.710000038146973,160.1300048828125,90.9000015258789,69.16000366210938,135.47999572753906,106.69499969482422,165.36000061035156,293.7900085449219,94.91000366210938,56.400001525878906,67.12999725341797,180.7899932861328,221.7907562255859,544.780029296875,211.9900054931641,128.82339477539062,200.022216796875,413.7738952636719,276.419189453125,417.7900085449219,76.70946502685547,122.2853546142578,37.956443786621094,26.286617279052734,41.41097640991211,309.5350646972656,51.31621551513672,13.953338623046877,31.072277069091797,134.2181854248047,37.03778839111328,34.0910758972168,3.7219486236572266,3.7942147254943848,4.744391441345215,18.677980422973633,43.40277099609375,27.09289169311523,101.69620513916016,194.44869995117188,271.3619079589844,494.8874816894531,47.895545959472656,123.72919464111328,96.25700378417967,139.98818969726562,30.730836868286133,100.89036560058594,93.88521575927734,40.89524841308594,27.48221778869629,203.92999267578125,86.88663482666016,55.95022964477539,42.41400146484375,86.30587005615234,101.5310516357422,101.15383911132812,188.22265625
2023-06-01,178.53858947753906,328.0888671875,122.7699966430664,123.78369903564452,271.3312072753906,130.98974609375,223.50721740722656,39.74419021606445,403.1300048828125,103.33677673339844,30.508153915405273,119.47000122070312,121.66576385498048,46.83268356323242,207.9600067138672,82.66119384765625,10.675230026245115,32.416866302490234,111.4774398803711,166.9704132080078,68.37185668945312,61.47797393798828,174.1379852294922,76.52758026123047,95.72682189941406,719.2064819335938,175.2696075439453,57.32680892944336,63.04999923706055,57.939998626708984,63.56999969482422,67.30000305175781,38.47999954223633,9.359999656677246,67.56999969482422,112.16000366210938,46.0099983215332,23.61000061035156,10.329999923706056,81.98999786376953,41.75008010864258,80.15696716308594,130.7899932861328,32.60639190673828,69.08999633789062,82.78772735595703,42.130001068115234,14.539999961853027,157.5500030517578,74.69000244140625,69.6500015258789,135.08999633789062,108.3949966430664,167.27999877929688,293.9599914550781,94.98999786376952,57.20000076293945,67.83000183105469,177.25999450683594,211.38531494140625,542.9600219726562,215.30999755859375,130.53195190429688,202.72120666503903,416.7356262207031,277.3861389160156,426.75,77.00032043457031,123.13130950927734,38.194801330566406,26.486839294433594,41.89684295654297,302.36767578125,51.32595443725586,14.024301528930664,31.15076065063477,135.8415069580078,36.74600982666016,35.43174362182617,3.7219486236572266,3.832062005996704,4.771975994110107,19.268022537231445,44.03235626220703,27.428525924682617,102.66456604003906,197.14601135253903,276.0912780761719,495.89361572265625,48.07164001464844,123.94654083251952,97.36859893798828,141.41949462890625,31.651575088500977,101.69906616210938,94.1026611328125,42.94813537597656,28.777191162109375,207.52000427246097,87.50894927978516,56.39659118652344,43.03963088989258,87.6624984741211,100.47817993164062,102.0794677734375,190.1775360107422
2023-06-02,179.3911895751953,330.8708801269531,124.25,124.63965606689452,271.3312072753906,133.74130249023438,225.76698303222656,39.301475524902344,400.4700012207031,103.23928833007812,30.684558868408203,117.86000061035156,124.10243225097656,47.096317291259766,213.32000732421875,83.55359649658203,10.922056198120115,33.653846740722656,111.27532958984376,166.41958618164062,68.45100402832031,60.86404800415039,174.38043212890625,78.6636962890625,95.8236846923828,717.1084594726562,175.8506317138672,58.17782211303711,63.959999084472656,58.290000915527344,64.55000305175781,67.1500015258789,39.72999954223633,9.579999923706056,67.87999725341797,118.05999755859376,46.68000030517578,23.469999313354492,10.40999984741211,85.01000213623047,42.84064102172851,81.38346099853516,133.4499969482422,33.45625686645508,69.54000091552734,83.58877563476562,40.34000015258789,14.520000457763672,151.32000732421875,73.83000183105469,70.63999938964844,142.38999938964844,108.62000274658205,175.2100067138672,376.2999877929687,98.7699966430664,57.470001220703125,67.08999633789062,183.8999938964844,211.5143890380859,548.1799926757812,213.5,131.32203674316406,207.2291259765625,424.9988708496094,289.4344787597656,436.3699951171875,79.13947296142578,124.07678985595705,39.31986618041992,27.373544692993164,43.27969741821289,309.296142578125,52.95241165161133,13.492071151733398,30.156593322753903,128.29205322265625,36.88719940185547,34.2826042175293,3.713044643402099,3.8415236473083496,4.808753490447998,19.537126541137695,45.785518646240234,28.482032775878903,106.3291015625,202.84031677246097,283.31927490234375,495.8839111328125,48.531455993652344,125.89324951171876,99.62947845458984,145.23007202148438,32.49938201904297,105.24420928955078,96.76890563964844,44.65726852416992,30.350345611572266,213.97000122070312,89.66234588623047,57.920040130615234,44.64970779418945,91.41204071044922,103.64629364013672,105.01063537597656,202.64593505859375
2023-06-05,178.03297424316406,331.4035949707031,125.3000030517578,126.03305053710938,270.116943359375,132.42739868164062,223.77365112304688,39.14557647705078,403.5400085449219,104.25324249267578,29.263525009155273,117.93000030517578,124.3086166381836,47.27521133422851,208.77999877929688,82.2110595703125,11.098361015319824,33.506587982177734,108.49392700195312,161.699462890625,67.06556701660156,60.06465530395508,169.70571899414062,77.72399139404297,94.96172332763672,714.6840209960938,170.97018432617188,56.91532897949219,64.51000213623047,59.91999816894531,58.709999084472656,65.66000366210938,40.41999816894531,9.720000267028809,69.3499984741211,115.69000244140624,45.70000076293945,24.100000381469727,10.510000228881836,85.25,43.709232330322266,81.5090103149414,132.27000427246094,34.268348693847656,68.05999755859375,83.70459747314453,40.790000915527344,15.239999771118164,154.0800018310547,72.01000213623047,69.91000366210938,148.0500030517578,113.3949966430664,181.75,388.5700073242187,100.3499984741211,57.56999969482422,69.0199966430664,183.27000427246097,208.366943359375,556.7100219726562,213.47999572753903,129.87025451660156,206.96112060546875,437.1913146972656,301.8774108886719,434.1799926757813,78.56715393066406,125.4104232788086,38.566646575927734,27.21146011352539,43.204952239990234,307.5377502441406,52.99137115478515,13.651740074157717,30.051937103271484,129.29931640625,37.45193862915039,34.474124908447266,3.7308528423309326,3.822600126266479,4.7351975440979,19.634803771972656,44.05173110961914,27.30732536315918,106.27214050292967,199.91099548339844,280.60040283203125,501.35943603515625,48.851043701171875,123.4173355102539,99.1867218017578,144.53302001953125,32.2167854309082,104.99031829833984,96.50416564941406,44.132118225097656,29.889911651611328,217.61000061035156,89.88953399658203,57.63863754272461,44.50250625610352,90.46051788330078,101.86305236816406,104.79850769042967,200.51600646972656
2023-06-06,177.66616821289062,329.1740417480469,126.61000061035156,127.30702209472656,269.84820556640625,132.66543579101562,225.2045135498047,38.62891387939453,399.2900085449219,104.4189910888672,30.341552734375,124.2300033569336,124.35550689697266,46.89859390258789,207.2899932861328,83.28509521484375,11.398078918457031,34.596317291259766,111.9875259399414,161.79444885253906,66.83795928955078,60.71825408935547,172.60560607910156,76.53240966796875,96.67597198486328,709.1719970703125,175.52139282226562,54.792457580566406,65.0199966430664,63.65999984741211,51.61000061035156,68.0199966430664,40.25,10.34000015258789,71.19000244140625,117.3000030517578,47.47999954223633,24.6299991607666,10.510000228881836,90.05000305175781,43.603065490722656,83.73023223876953,137.4499969482422,35.64701461791992,72.80999755859375,88.19237518310547,41.33000183105469,15.460000038146973,153.0399932861328,72.63999938964844,68.62000274658203,152.99000549316406,112.36000061035156,182.22000122070312,387.6199951171875,101.8499984741211,59.150001525878906,69.5,184.0,211.335693359375,555.7999877929688,215.0,130.20603942871094,207.4396514892578,442.7692565917969,303.3674011230469,432.8900146484375,80.55619812011719,126.70423126220705,39.33892822265625,27.86934280395508,44.120628356933594,312.3064270019531,53.1861572265625,13.90011501312256,30.261241912841797,125.7005844116211,37.14132308959961,35.719024658203125,3.6418111324310303,3.775290727615357,4.716808319091797,19.943777084350582,45.37870407104492,27.642953872680664,110.12657928466795,200.2783660888672,283.376708984375,499.434326171875,48.84451675415039,125.40186309814452,99.9968719482422,144.7932586669922,32.18031692504883,106.08111572265624,96.3812484741211,45.07293319702149,30.111671447753903,221.30999755859375,91.03538513183594,57.677452087402344,45.036128997802734,91.21420288085938,103.64629364013672,105.1263427734375,207.2656707763672
2023-06-07,176.2881317138672,319.0131530761719,121.2300033569336,122.36044311523438,262.36346435546875,133.95079040527344,222.29348754882812,37.45454788208008,399.7699890136719,102.61530303955078,30.655160903930664,117.83000183105467,125.93933868408205,46.87034225463867,211.92999267578125,83.77472686767578,11.97988224029541,35.55841064453125,110.85186004638672,163.35198974609375,66.36294555664062,60.577415466308594,174.93325805664062,76.7872085571289,97.13115692138672,702.81884765625,180.5470733642578,55.45643615722656,64.04000091552734,59.560001373291016,53.2599983215332,64.8499984741211,38.9900016784668,10.300000190734863,70.1500015258789,116.5500030517578,46.54999923706055,24.350000381469727,10.1899995803833,87.56999969482422,43.48725891113281,82.35887145996094,132.7899932861328,34.891578674316406,72.5,88.23098754882812,38.63999938964844,14.6899995803833,149.22999572753906,72.02999877929688,62.779998779296875,144.9199981689453,108.125,169.07000732421875,368.55999755859375,93.58999633789062,57.220001220703125,66.5,171.33999633789062,204.26632690429688,528.3200073242188,203.44000244140625,130.06777954101562,207.1812438964844,416.97259521484375,298.9368591308594,418.3200073242187,81.15666198730469,121.91712188720705,40.1112174987793,28.107704162597656,44.8587760925293,320.8595275878906,54.17955780029297,14.281548500061035,30.749605178833008,123.75455474853516,37.97903060913086,36.963924407958984,3.7041404247283936,3.8036763668060303,4.76278018951416,19.471345901489254,46.163272857666016,27.904003143310547,108.22784423828124,204.19384765625,288.8336181640625,494.5682373046875,48.916263580322266,124.50409698486328,102.23890686035156,148.548095703125,32.55408477783203,109.31592559814452,99.0947494506836,46.20576858520508,31.38440322875977,224.57000732421875,91.39098358154295,58.25966262817383,46.04817962646485,95.19930267333984,107.67755126953124,110.03411102294922,212.81910705566406
2023-06-08,179.0144500732422,320.8677673339844,124.25,122.09171295166016,263.3388977050781,133.98886108398438,220.1028289794922,38.48899459838867,409.3699951171875,104.78948974609376,31.184371948242188,121.0500030517578,125.96746063232422,46.77619171142578,218.11000061035156,83.7668228149414,11.97106647491455,35.19517517089844,111.97789764404295,163.5704345703125,64.64102935791016,60.95033264160156,176.2037811279297,77.90807342529297,96.79218292236328,712.556396484375,181.52511596679688,55.99884796142578,64.23999786376953,59.279998779296875,54.900001525878906,63.02000045776367,40.2599983215332,10.600000381469728,69.97000122070312,115.5,46.5099983215332,23.940000534057617,10.039999961853027,87.55999755859375,44.018062591552734,83.18941497802734,133.39999389648438,35.165428161621094,74.93000030517578,89.43869018554688,38.869998931884766,15.1899995803833,151.3000030517578,71.44999694824219,63.119998931884766,148.82000732421875,111.41000366210938,174.30999755859375,374.6700134277344,96.0199966430664,58.47999954223633,66.73999786376953,170.38999938964844,208.0392913818359,535.3400268554688,204.4900054931641,131.55906677246094,207.15237426757812,417.9598388671875,300.9696350097656,439.0299987792969,80.97840118408203,121.558837890625,40.397247314453125,27.86934280395508,44.942867279052734,320.5919494628906,53.59520721435547,14.254935264587402,30.89786148071289,127.44127655029295,38.091983795166016,37.15544891357422,3.713044643402099,3.775290727615357,4.753586292266846,19.417524337768555,46.386043548583984,28.00655937194824,107.62974548339844,203.46875,288.2496643066406,503.1395263671875,49.62391662597656,124.05049896240234,101.91862487792967,147.99974060058594,32.64524459838867,109.22189331054688,98.8394775390625,45.552947998046875,30.998729705810547,234.86000061035156,91.40086364746094,58.113670349121094,46.02057266235352,93.3998794555664,106.65315246582033,108.40459442138672,213.59715270996094
2023-06-09,179.40109252929688,322.37713623046875,123.43000030517578,122.29077911376952,263.7071838378906,134.25543212890625,220.6060791015625,38.74884414672851,420.0199890136719,107.10015106201172,30.713958740234375,124.91999816894533,126.80154418945312,46.75736618041992,217.30999755859375,83.9484634399414,12.112110137939451,35.5682258605957,114.6341781616211,162.01287841796875,64.74989318847656,60.16184997558594,176.9602813720703,77.94873809814453,99.56210327148438,708.4099731445312,179.14297485351562,56.943382263183594,63.4900016784668,61.36000061035156,53.279998779296875,63.88999938964844,40.9900016784668,10.449999809265137,71.77999877929688,117.86000061035156,44.83000183105469,23.8700008392334,10.09000015258789,91.23999786376952,44.2110710144043,82.57133483886719,135.1999969482422,34.54219436645508,76.0999984741211,89.53570556640625,38.689998626708984,15.020000457763672,149.52999877929688,71.4000015258789,63.81999969482422,150.83999633789062,110.0500030517578,170.64999389648438,374.510009765625,95.62999725341795,57.02000045776367,67.13999938964844,171.99000549316406,213.77818298339844,534.030029296875,204.3800048828125,131.07513427734375,207.18125915527344,426.0452880859375,300.6636962890625,454.0,80.88458251953125,121.64840698242188,40.16842269897461,27.907480239868164,45.129737854003906,321.1175231933594,53.56599044799805,14.148488998413086,30.93274688720703,128.4582977294922,37.8660888671875,36.4851188659668,3.7041404247283936,3.784752607345581,4.753586292266846,19.62284278869629,46.11484146118164,27.78280258178711,108.4177017211914,202.1732482910156,284.66912841796875,500.4211120605469,49.9239387512207,120.00587463378906,101.1649932861328,147.6465301513672,32.335304260253906,109.31592559814452,98.22492218017578,45.6297492980957,31.18192672729492,244.3999938964844,90.80818939208984,57.73409652709961,45.882568359375,93.04188537597656,107.55426025390624,108.96383666992188,214.45301818847656
2023-06-12,182.2067108154297,327.3687744140625,126.56999969482422,123.76378631591795,269.7784729003906,134.24591064453125,223.18157958984375,39.46045684814453,423.9700012207031,113.51544189453124,32.40940475463867,129.19000244140625,127.85120391845705,47.52943420410156,221.55999755859375,83.89318084716797,12.147369384765623,36.00019454956055,117.55032348632812,165.28939819335938,66.74889373779297,62.23868560791016,182.00352478027344,82.86426544189453,103.68792724609376,722.5711059570312,183.3552703857422,59.300045013427734,63.72999954223633,65.01000213623047,50.560001373291016,66.13999938964844,41.7400016784668,10.449999809265137,72.37000274658203,124.58999633789062,45.060001373291016,24.100000381469727,10.229999542236328,90.51000213623048,43.54515838623047,82.91900634765625,134.36000061035156,34.65550994873047,76.08999633789062,90.57366943359376,38.95000076293945,15.649999618530272,151.11000061035156,73.08999633789062,65.25,155.97999572753906,114.56999969482422,171.88999938964844,381.7900085449219,97.6999969482422,54.91999816894531,69.18000030517578,175.83999633789062,212.1696929931641,546.3499755859375,209.6499938964844,132.11212158203125,210.2039794921875,440.4294738769531,308.4294738769531,474.6300048828125,82.03860473632812,123.05168914794922,39.88239288330078,27.773996353149418,45.2698974609375,324.4336853027344,52.562843322753906,14.130748748779297,31.05483627319336,127.89112091064452,38.299049377441406,36.29359817504883,3.713044643402099,3.860447645187378,4.86392068862915,19.7843074798584,46.560394287109375,28.379480361938477,109.55695343017578,206.27243041992188,288.0293884277344,503.99078369140625,50.25331115722656,119.52394104003906,100.251220703125,146.2245635986328,31.697160720825195,107.12490844726562,97.21327209472656,45.14014434814453,30.593767166137695,249.8300018310547,92.00341796875,57.607574462890625,45.45014953613281,91.17652893066406,107.2602081298828,108.34674835205078,212.55650329589844
2023-06-13,181.7308654785156,329.77581787109375,126.66000366210938,123.84342193603516,270.04730224609375,135.21705627441406,220.4481964111328,40.99961853027344,435.7300109863281,113.75918579101562,33.23262023925781,124.52999877929688,128.9570770263672,47.83073043823242,220.3800048828125,84.29595184326172,12.455904960632324,36.9622917175293,119.75426483154295,168.489990234375,67.16453552246094,62.04132080078125,186.57156372070312,82.45349884033203,103.43612670898438,729.5972290039062,191.2449493408203,60.49708557128906,63.560001373291016,63.84000015258789,52.400001525878906,66.76000213623047,41.40999984741211,10.6899995803833,73.16000366210938,124.9000015258789,45.83000183105469,24.25,10.31999969482422,92.83999633789062,43.93120193481445,84.51248931884766,142.57000732421875,35.8736457824707,77.45999908447266,92.56226348876952,40.279998779296875,16.0,153.11000061035156,76.06999969482422,69.12000274658203,157.58999633789062,116.81500244140624,173.44000244140625,384.1000061035156,97.75,55.279998779296875,68.81999969482422,181.68499755859375,207.4932098388672,554.719970703125,214.05999755859375,133.61328125,212.25442504882812,441.84124755859375,318.4647521972656,478.989990234375,82.82671356201172,123.24079132080078,40.664215087890625,28.03142547607422,45.494144439697266,327.3102111816406,53.322509765625,14.03317165374756,30.94145774841309,127.01100158691406,38.289642333984375,36.6766357421875,3.624969959259033,3.860447645187378,4.882309913635254,19.9716854095459,47.2674674987793,29.05000686645508,110.1360855102539,210.12986755371097,287.2826843261719,505.0065612792969,50.64463806152344,121.64073944091795,100.27005767822266,147.32127380371094,31.979764938354492,105.9964828491211,97.77111053466795,46.04255676269531,31.529033660888672,258.7099914550781,92.70475769042967,57.19879913330078,46.36099624633789,91.27074432373048,107.2602081298828,108.47209167480467,222.57403564453125
2023-06-14,182.36534118652344,332.7846374511719,126.41999816894533,123.7936553955078,272.0677795410156,134.7124481201172,220.48765563964844,42.973541259765625,440.8599853515625,119.2092514038086,34.86927032470703,127.33000183105467,128.5821990966797,47.98137664794922,216.8999938964844,82.68489074707031,12.51760959625244,36.677589416503906,118.76297760009766,168.2145538330078,68.40153503417969,62.48663711547851,186.10601806640625,85.84999084472656,104.0269012451172,732.5066528320312,190.51478576660156,61.05819320678711,63.599998474121094,65.87999725341797,53.900001525878906,66.29000091552734,41.27000045776367,10.390000343322754,71.5,125.13999938964844,46.119998931884766,24.420000076293945,10.25,95.05999755859376,43.49690246582031,86.29911804199219,147.2100067138672,36.487430572509766,78.66999816894531,95.68582153320312,39.90999984741211,15.90999984741211,153.9600067138672,74.41999816894531,68.87000274658203,157.5500030517578,119.27999877929688,181.07000732421875,374.5899963378906,96.27999877929688,54.099998474121094,68.4000015258789,181.22999572753903,207.9102325439453,567.3099975585938,217.30999755859375,133.87994384765625,208.0187530517578,440.5282287597656,315.6722106933594,479.5299987792969,82.54524230957031,123.08155059814452,40.12075424194336,27.764463424682617,45.07368087768555,323.4111328125,52.93293762207031,14.05091381072998,31.15947723388672,125.2214126586914,38.44023895263672,36.102073669433594,3.64351224899292,3.9266810417175297,4.873115539550781,19.90789794921875,47.82925796508789,29.106433868408203,108.93987274169922,207.7225646972656,286.9284362792969,510.0177917480469,51.1566276550293,125.9027099609375,99.0642547607422,146.0015106201172,31.952411651611328,104.06877136230467,97.07144165039062,45.38014221191406,30.902305603027344,256.7900085449219,91.32183837890624,56.90682220458984,45.688961029052734,90.1590576171875,106.07453918457033,107.64287567138672,220.5802459716797
2023-06-15,184.4075927734375,343.3993225097656,127.11000061035156,125.19700622558594,280.5079650878906,136.23580932617188,223.18157958984375,42.629730224609375,445.2699890136719,123.38211059570312,35.104469299316406,124.23999786376952,129.70681762695312,48.89468002319336,219.41000366210935,83.24560546875,12.737990379333496,37.33535385131836,118.965087890625,169.13580322265625,68.10465240478516,61.59103775024414,183.94325256347656,85.58358764648438,102.29380798339844,731.00244140625,190.5731964111328,61.85310745239258,65.8499984741211,66.0999984741211,54.25,68.06999969482422,43.36000061035156,10.550000190734863,71.76000213623047,127.8499984741211,48.15999984741211,24.959999084472656,10.65999984741211,95.97000122070312,44.027706146240234,89.04183197021484,148.7100067138672,37.7338981628418,80.81999969482422,95.20079803466795,40.630001068115234,16.600000381469727,159.80999755859375,76.18000030517578,70.25,158.33999633789062,121.9000015258789,190.97999572753903,385.3999938964844,98.19000244140624,54.279998779296875,69.94000244140625,182.19000244140625,210.41229248046875,574.3699951171875,224.30999755859375,135.3415985107422,212.71649169921875,450.4895629882813,319.6587219238281,490.9100036621094,83.54914093017578,124.49478912353516,40.387718200683594,28.002826690673828,45.3726806640625,324.6725769042969,54.062686920166016,14.219453811645508,31.77865982055664,129.82737731933594,39.033226013183594,36.6766357421875,3.699138164520264,4.011837482452393,4.983450412750244,19.86802864074707,48.62350082397461,29.24749755859375,113.74365997314452,211.65737915039065,289.1399841308594,511.9332275390625,51.43708419799805,130.2591552734375,99.751953125,147.10751342773438,32.25324630737305,105.0373077392578,98.47074127197266,45.984954833984375,31.53867530822754,255.8999938964844,91.8058624267578,56.858158111572266,46.295654296875,91.40262603759766,108.16131591796876,109.75447845458984,224.9743194580078
2023-06-16,183.3269805908203,337.7072448730469,125.48999786376952,123.47515869140624,279.6818542480469,136.3976593017578,225.88539123535156,42.668704986572266,431.9599914550781,122.31940460205078,35.64348220825195,120.08000183105467,128.84458923339844,49.0265007019043,219.9900054931641,83.94056701660156,12.711545944213867,37.266632080078125,118.07003021240234,167.87266540527344,66.95671081542969,60.762882232666016,182.6824188232422,84.09943389892578,101.7005386352539,714.3673706054688,192.61767578125,60.132362365722656,66.43000030517578,64.70999908447266,55.59000015258789,67.6500015258789,43.52000045776367,10.260000228881836,73.26000213623047,128.67999267578125,46.68000030517578,25.36000061035156,10.68000030517578,94.5999984741211,43.48725891113281,88.94525909423828,145.11000061035156,37.63002395629883,79.87000274658203,95.5015106201172,41.79999923706055,16.299999237060547,155.13999938964844,75.75,67.62999725341797,154.00999450683594,123.26499938964844,184.17999267578125,379.8999938964844,95.75,53.849998474121094,70.05999755859375,177.8000030517578,210.25340270996097,565.47998046875,222.3999938964844,135.57862854003906,213.05343627929688,449.225830078125,315.68212890625,495.1799926757813,82.6484375,122.94221496582033,40.216102600097656,27.83120346069336,45.02696228027344,323.3060302734375,52.98162841796875,14.246065139770508,31.796104431152344,128.0377960205078,38.779090881347656,37.730018615722656,3.5786147117614746,4.049685478210449,4.992644786834717,19.449419021606445,48.110145568847656,29.15345573425293,113.94303894042967,209.86883544921875,287.5699157714844,506.58349609375,50.71964263916016,126.45079803466795,99.03600311279295,146.15951538085938,32.22589874267578,106.64531707763672,99.1987533569336,45.8697509765625,31.413330078125,260.5400085449219,90.20563507080078,56.59537506103515,46.48233413696289,91.50626373291016,108.33203887939452,109.23381042480467,222.3047637939453
2023-06-20,183.4162139892578,333.48504638671875,125.77999877929688,123.26614379882812,282.9962158203125,135.70263671875,223.4776611328125,43.78409576416016,434.7000122070313,118.98500061035156,34.30084991455078,118.93000030517578,127.42010498046876,48.536888122558594,212.3699951171875,82.14786529541016,12.535240173339844,36.63831329345703,115.3175048828125,165.59332275390625,66.20462036132812,60.9245491027832,182.3138732910156,84.0916976928711,101.12673950195312,712.9126586914062,190.23245239257812,59.167972564697266,68.88999938964844,64.26000213623047,57.09000015258789,67.13999938964844,42.16999816894531,9.75,73.0,126.4499969482422,47.869998931884766,25.209999084472656,10.579999923706056,96.19000244140624,43.27493667602539,84.91809844970703,143.52000427246094,35.09932327270508,74.31999969482422,92.39735412597656,41.77000045776367,15.789999961853027,152.0800018310547,73.3499984741211,67.18000030517578,148.66000366210938,120.8000030517578,179.0800018310547,379.7799987792969,96.68000030517578,52.0099983215332,70.55999755859375,175.8300018310547,215.4263610839844,559.489990234375,223.7400054931641,134.32435607910156,212.05224609375,449.3245849609375,318.1884765625,485.8599853515625,81.3724594116211,122.51426696777344,39.93959426879883,27.526100158691406,44.48503112792969,316.0526428222656,52.523887634277344,13.997690200805664,31.229249954223633,128.33116149902344,38.25198745727539,35.91054916381836,3.6342408657073975,3.973990440368652,4.882309913635254,19.198251724243164,47.78082275390625,28.363489151000977,115.42404174804688,208.3026580810547,288.5559997558594,502.7621765136719,50.27287292480469,125.42076873779295,96.76569366455078,142.83218383789062,31.97064971923828,103.7490463256836,96.46634674072266,45.37054443359375,30.352720260620117,274.45001220703125,88.65479278564453,55.69997024536133,45.054256439208984,88.06759643554688,105.24932098388672,106.96795654296876,226.25062561035156
2023-06-21,182.3752593994141,329.0556945800781,124.83000183105467,120.68836212158205,280.3188781738281,135.502685546875,224.24734497070312,43.02151107788086,424.4500122070313,119.04351043701172,32.2427978515625,112.11000061035156,125.2926788330078,47.877803802490234,212.0800018310547,82.96129608154297,12.358938217163086,36.333984375,111.41007232666016,161.9084014892578,65.11605834960938,60.083499908447266,179.8504638671875,82.55580139160156,98.85093688964844,699.9391479492188,188.1685028076172,58.21304702758789,68.19000244140625,63.16999816894531,58.099998474121094,64.43000030517578,42.65999984741211,9.720000267028809,72.91000366210938,127.45999908447266,48.709999084472656,24.899999618530273,10.229999542236328,94.62999725341795,42.560760498046875,83.7978286743164,140.86000061035156,34.5516357421875,73.02999877929688,92.1354522705078,38.599998474121094,14.640000343322754,143.85000610351562,70.3499984741211,63.9900016784668,144.85000610351562,119.45999908447266,173.38999938964844,372.9599914550781,91.94000244140624,50.70000076293945,66.93000030517578,168.3800048828125,208.0988616943359,546.7999877929688,219.8300018310547,133.11947631835938,212.32177734375,444.7832336425781,308.30120849609375,477.4800109863281,81.00655364990234,119.97639465332033,39.71077728271485,27.24006462097168,44.29815673828125,310.6531982421875,52.562843322753906,13.846891403198242,31.246692657470703,129.74911499023438,38.2331657409668,35.0486946105957,3.64351224899292,3.898294687271118,4.7903642654418945,18.87333297729492,48.4879035949707,28.071956634521484,115.49050903320312,207.13282775878903,287.8762512207031,502.684814453125,50.370704650878906,125.89324951171876,97.84904479980467,143.94749450683594,32.298831939697266,104.2568359375,98.04528045654295,45.85055160522461,30.77696418762207,259.4599914550781,87.55833435058594,55.933555603027344,45.67962265014648,87.8791732788086,105.8753433227539,107.99000549316406,224.4579315185547
2023-06-22,185.3890686035156,335.12261962890625,130.14999389648438,123.28606414794922,283.5436706542969,132.89393615722656,225.3722381591797,43.00152587890625,422.4800109863281,117.56156158447266,32.05659484863281,110.6999969482422,122.9309539794922,48.13201904296875,205.61000061035156,82.77965545654297,12.508794784545898,35.99037551879883,112.0260238647461,163.9503173828125,65.56137084960938,61.478965759277344,180.5002593994141,82.04644012451172,100.30006408691406,709.9439086914062,189.5022735595703,57.89157485961914,68.56999969482422,63.47999954223633,57.4900016784668,65.4800033569336,42.810001373291016,10.300000190734863,72.7699966430664,127.95999908447266,48.810001373291016,26.13999938964844,10.640000343322754,92.13999938964844,42.33879470825195,83.9137191772461,141.9199981689453,34.5516357421875,72.88999938964844,91.65042114257812,39.13999938964844,14.050000190734863,145.8000030517578,70.98999786376953,65.0,144.83999633789062,124.5749969482422,178.60000610351562,388.3599853515625,94.5,50.849998474121094,67.44999694824219,169.91000366210938,211.7725372314453,549.8699951171875,221.0,133.43551635742188,212.16778564453125,445.0892639160156,302.6865539550781,477.5799865722656,79.28020477294922,122.56402587890624,39.14824676513672,26.65846061706543,43.569358825683594,305.4066162109375,51.82265853881836,13.820279121398926,31.264135360717773,131.3724822998047,38.195526123046875,35.91054916381836,3.6064279079437256,3.850986003875733,4.661641597747803,18.701900482177734,49.669586181640625,28.024932861328125,115.17720794677734,207.68389892578125,288.3357849121094,507.1155700683594,50.79138946533203,125.10889434814452,97.31208038330078,141.86558532714844,32.1256217956543,101.79310607910156,95.89906311035156,44.96733856201172,30.150239944458008,264.6099853515625,87.41016387939453,55.00895309448242,44.51289749145508,85.55217742919922,104.70865631103516,107.4307632446289,220.19052124023438
2023-06-23,185.07180786132812,330.4959716796875,129.3300018310547,122.4400634765625,287.3756408691406,132.19891357421875,226.5169219970703,42.18596649169922,424.0199890136719,115.6701202392578,32.340797424316406,110.01000213623048,121.30023956298828,47.38820266723633,205.41000366210935,81.95832824707031,12.358938217163086,35.51914596557617,109.16761779785156,159.24920654296875,64.60144805908203,60.377071380615234,180.3353576660156,80.07131958007812,99.11353302001952,690.6270751953125,183.69992065429688,57.03120040893555,66.94000244140625,63.790000915527344,61.470001220703125,64.02999877929688,43.34000015258789,10.100000381469728,72.63999938964844,124.7300033569336,48.06999969482422,26.239999771118164,10.81999969482422,88.93000030517578,41.856239318847656,82.01119995117188,139.2899932861328,32.927452087402344,69.80000305175781,90.28264617919922,37.849998474121094,14.029999732971191,143.64999389648438,69.25,63.40999984741211,142.6999969482422,121.97000122070312,178.25,389.989990234375,93.66999816894533,50.08000183105469,66.62000274658203,162.41000366210938,208.59532165527344,542.989990234375,222.25,131.8158416748047,205.8431701660156,446.9156799316406,302.14385986328125,484.7200012207031,78.41704559326172,121.75788116455078,38.71919631958008,26.458234786987305,42.99939727783203,300.7526550292969,51.78369903564453,13.704963684082031,30.96762466430664,129.86647033691406,37.73431015014648,36.6766357421875,3.6342408657073975,3.765828847885132,4.63405704498291,18.167675018310547,49.2724609375,27.846250534057617,116.10758972167967,208.0706024169922,287.9815673828125,507.3477783203125,50.696815490722656,124.57970428466795,96.46424102783205,140.6666717529297,31.73362159729004,100.44840240478516,94.98196411132812,44.727333068847656,29.783849716186523,256.6000061035156,87.0249252319336,54.57098388671875,44.00887680053711,85.59929656982422,105.5718231201172,107.64287567138672,214.52011108398438
2023-06-26,183.67396545410156,324.1627197265625,127.33000183105467,118.52859497070312,277.1637268066406,132.52261352539062,223.3098602294922,40.60982894897461,415.94000244140625,113.85668182373048,32.674007415771484,107.51000213623048,123.09027862548828,47.27521133422851,205.5800018310547,82.48746490478516,12.438273429870604,36.02964782714844,112.24736785888672,160.26539611816406,64.76968383789062,61.52459335327149,180.72329711914065,80.02068328857422,97.3629379272461,692.9525146484375,187.1170654296875,57.2486572265625,66.44000244140625,63.25,61.939998626708984,63.47999954223633,44.41999816894531,9.9399995803833,73.58000183105469,123.12999725341795,49.29999923706055,25.61000061035156,11.210000038146973,84.56999969482422,41.94309997558594,82.54236602783203,139.58999633789062,33.02188491821289,69.58000183105469,89.72972106933594,39.209999084472656,13.9399995803833,141.80999755859375,69.62999725341797,63.189998626708984,141.7100067138672,121.9000015258789,169.83999633789062,379.9800109863281,93.33999633789062,50.61000061035156,66.62000274658203,158.5399932861328,205.88473510742188,537.969970703125,219.94000244140625,130.78872680664062,207.48928833007812,447.5179443359375,306.6828918457031,479.510009765625,78.42642211914062,117.77691650390624,38.70013046264648,26.78240966796875,43.204952239990234,298.5068664550781,52.0174446105957,13.864631652832031,31.490877151489254,131.87120056152344,38.17669677734375,37.44272994995117,3.6064279079437256,3.8036763668060303,4.6524457931518555,18.014183044433594,49.70832443237305,27.996723175048828,114.93987274169922,210.71958923339844,294.7596435546875,506.3609313964844,50.56311798095703,127.10283660888672,98.24468994140624,143.13888549804688,32.1256217956543,103.438720703125,96.36112213134766,45.46654510498047,30.535917282104492,241.0500030517578,87.61760711669922,55.71943283081055,44.5595703125,86.2210693359375,107.17483520507812,108.99276733398438,219.43057250976562
2023-06-27,186.43992614746097,330.0520324707031,129.17999267578125,118.448974609375,285.70343017578125,132.53213500976562,224.3361358642578,41.8531494140625,417.0799865722656,114.89013671875,33.41883087158203,110.38999938964844,124.02747344970705,47.8872184753418,209.42999267578125,82.85863494873047,12.702730178833008,36.79540252685547,115.28864288330078,167.44528198242188,66.09575653076172,64.38395690917969,186.58126831054688,82.62786865234375,99.27887725830078,717.5340576171875,195.0223388671875,58.723602294921875,66.2300033569336,63.79999923706055,69.88999938964844,63.7599983215332,43.83000183105469,9.850000381469728,74.76000213623047,127.88999938964844,51.130001068115234,26.399999618530273,11.479999542236328,87.48999786376953,42.917850494384766,84.14550018310547,143.89999389648438,33.75843048095703,71.68000030517578,93.9397430419922,41.81999969482422,14.609999656677246,144.27999877929688,69.2300033569336,63.93000030517578,144.66000366210938,125.79499816894533,177.02000427246094,388.3399963378906,95.69000244140624,50.93000030517578,68.05000305175781,161.8800048828125,207.33436584472656,539.9600219726562,224.22000122070312,131.36154174804688,207.55667114257812,453.1748352050781,309.8109130859375,489.2699890136719,79.21453857421875,117.7669677734375,39.005226135253906,26.925424575805664,43.354454040527344,299.5485534667969,53.78025436401367,14.05091381072998,31.87459373474121,133.16204833984375,39.04263687133789,39.16644287109375,3.671325206756592,3.898294687271118,4.7260026931762695,17.954381942749023,49.776126861572266,28.06255149841309,119.67721557617188,216.1335906982422,300.3601379394531,513.0457153320312,50.380496978759766,125.2222900390625,98.4896240234375,142.69277954101562,31.77008628845215,102.47957611083984,95.86653137207033,46.21535873413086,31.25905990600586,250.2100067138672,87.97320556640625,55.60264587402344,44.16754531860352,87.21028137207031,109.41338348388672,109.89911651611328,221.2330322265625
2023-06-28,187.61965942382812,331.31475830078125,129.0399932861328,120.50921630859376,283.9517822265625,131.9513702392578,224.9479522705078,41.09456634521485,429.8399963378906,113.6129379272461,32.8994140625,110.16999816894533,123.48387908935548,47.89663314819336,210.72000122070312,84.54076385498047,13.037708282470703,37.492427825927734,113.12318420410156,166.16317749023438,66.37284851074219,63.69168472290039,184.1760101318359,82.58307647705078,98.15070343017578,716.6533203125,192.3353271484375,58.26031494140625,66.02999877929688,64.62000274658203,70.75,63.810001373291016,44.2400016784668,10.449999809265137,76.48999786376953,127.62999725341795,52.529998779296875,28.13999938964844,11.649999618530272,87.44999694824219,43.27493667602539,81.6925048828125,141.7899932861328,32.85191345214844,70.20999908447266,93.26070404052734,40.02000045776367,15.279999732971191,145.08999633789062,69.58999633789062,66.4800033569336,144.11000061035156,126.70500183105467,183.8500061035156,398.0199890136719,98.1500015258789,51.720001220703125,68.69000244140625,166.88999938964844,210.66053771972656,548.6699829101562,222.9600067138672,132.60592651367188,207.55667114257812,453.7671813964844,308.0939636230469,482.4299926757813,78.80171203613281,119.60816192626952,38.728729248046875,26.763338088989254,43.19561004638672,299.74920654296875,54.325653076171875,13.997690200805664,32.110050201416016,133.2598419189453,39.22146224975586,40.8901481628418,3.671325206756592,3.9172184467315674,4.7351975440979,18.197574615478516,50.144195556640625,28.15659523010254,119.10758972167967,215.1281280517578,293.4385070800781,515.4352416992188,50.6544189453125,125.18450927734376,99.29033660888672,143.9846649169922,31.806550979614254,104.55774688720705,97.50251007080078,46.647369384765625,31.3940486907959,256.239990234375,87.74601745605469,55.923824310302734,44.51289749145508,87.99223327636719,109.73587799072266,110.97900390625,211.42189025878906
2023-06-29,187.9567413330078,330.5255432128906,127.9000015258789,119.44425201416016,280.2093811035156,136.5595245361328,231.22390747070312,40.79972457885742,428.239990234375,114.8316421508789,32.252601623535156,111.23999786376952,125.6394271850586,48.21676254272461,211.8300018310547,85.08567810058594,13.178751945495604,37.50225067138672,113.62362670898438,167.90115356445312,63.66133117675781,63.51117706298828,183.7686767578125,84.00791931152344,97.87837982177734,715.8220825195312,194.47715759277344,58.5628662109375,65.86000061035156,63.7599983215332,72.43000030517578,63.2400016784668,42.58000183105469,9.84000015258789,75.44999694824219,125.0999984741211,50.16999816894531,27.63999938964844,11.68000030517578,85.7300033569336,43.043312072753906,80.6881332397461,134.55999755859375,32.12480545043945,68.9000015258789,95.0552978515625,38.7400016784668,15.199999809265137,143.99000549316406,69.16999816894531,64.08000183105469,144.83999633789062,126.66500091552734,175.77000427246094,402.989990234375,96.4499969482422,51.220001220703125,67.5999984741211,161.63999938964844,208.9329071044922,548.0800170898438,227.1199951171875,132.76393127441406,208.3749542236328,450.0057373046875,309.52471923828125,483.7699890136719,79.97449493408203,118.53329467773438,40.47352981567383,27.32587432861328,43.25167465209961,308.760986328125,55.65019226074219,14.175100326538086,32.25830841064453,133.81724548339844,39.033226013183594,41.464717864990234,3.68986701965332,3.9266810417175297,4.919088363647461,17.932456970214844,51.43242645263672,28.51395797729492,117.5126495361328,215.4181671142578,294.692626953125,514.361328125,50.31200408935547,125.60031127929688,100.5149917602539,145.2115020751953,31.879484176635746,106.25978088378906,98.025634765625,46.53216552734375,32.001487731933594,257.5,87.86454772949219,56.95548629760742,45.175594329833984,89.0567855834961,110.60852813720705,112.17459869384766,213.35096740722656
2023-06-30,192.29901123046875,335.94140625,130.36000061035156,120.39973449707033,285.6337890625,138.47323608398438,234.34214782714844,42.27891540527344,440.489990234375,116.1088409423828,32.772010803222656,113.91000366210938,125.40512084960938,48.71578598022461,211.16000366210935,86.75200653076172,13.337425231933594,37.855674743652344,114.56682586669922,170.96876525878906,62.454010009765625,63.75912857055664,188.93798828125,84.48124694824219,98.15070343017578,717.2074584960938,199.2670440673828,58.49668502807617,66.7300033569336,64.5999984741211,71.55000305175781,63.619998931884766,43.16999816894531,9.59000015258789,76.41999816894531,128.16000366210938,50.2599983215332,27.34000015258789,11.84000015258789,84.61000061035156,43.13016891479492,80.49497985839844,136.91000366210938,32.22867965698242,69.13999938964844,93.7942352294922,40.29999923706055,15.329999923706056,146.8699951171875,69.3499984741211,65.37000274658203,146.3000030517578,127.75499725341795,175.97999572753906,410.989990234375,98.37999725341795,51.09000015258789,67.87999725341797,167.80999755859375,209.7570037841797,561.969970703125,225.88999938964844,135.11444091796875,211.58056640625,452.3455505371094,316.984619140625,488.989990234375,80.1246109008789,119.13043975830078,40.69281768798828,27.354480743408203,43.01808166503906,308.23541259765625,55.202186584472656,14.148488998413086,32.43272018432617,135.8317413330078,39.108516693115234,43.37994384765625,3.736222505569458,3.936142683029175,5.01103401184082,17.948402404785156,52.41071319580078,28.880727767944336,118.9651870727539,218.2025146484375,297.392333984375,520.8333129882812,51.257720947265625,124.64585876464844,101.03309631347656,146.24314880371094,32.17120361328125,107.61389923095705,98.54876708984376,47.15618133544922,31.80864715576172,261.7699890136719,88.19052124023438,57.22800064086914,45.119598388671875,89.85758209228516,111.26303100585938,112.42530059814452,217.35531616210938
2023-07-03,190.8020172119141,333.4258728027344,130.22000122070312,119.99166870117188,284.6783142089844,139.5872039794922,234.82566833496097,42.389854431152344,441.44000244140625,114.2174072265625,32.94841766357422,115.81999969482422,125.27394104003906,48.791107177734375,210.9199981689453,85.51214599609375,13.434392929077148,38.24836730957031,115.57735443115234,170.72181701660156,63.23579406738281,64.56546020507812,188.47247314453125,85.3587646484375,100.31951904296876,726.2424926757812,201.6522521972656,58.78978729248047,68.0999984741211,64.8499984741211,79.93000030517578,64.05999755859375,43.09000015258789,10.140000343322754,78.70999908447266,132.35000610351562,51.529998779296875,27.239999771118164,12.020000457763672,85.4000015258789,43.65132522583008,81.19031524658203,143.3300018310547,33.191856384277344,71.29000091552734,96.33576202392578,42.099998474121094,15.520000457763672,145.9600067138672,69.26000213623047,65.81999969482422,146.58999633789062,127.31999969482422,176.99000549316406,411.4200134277344,98.29000091552734,51.79999923706055,68.29000091552734,167.58999633789062,210.1442413330078,562.8699951171875,224.58999633789065,132.88246154785156,210.5601348876953,445.8099365234375,315.3860778808594,485.2099914550781,81.07222747802734,119.3294906616211,41.379295349121094,27.84073829650879,43.67213439941406,312.1248779296875,56.21507263183594,14.299288749694824,32.511207580566406,136.2522430419922,39.58244705200195,44.33755874633789,3.7825772762298584,4.011837482452393,5.029422283172607,18.24940299987793,52.89501190185547,28.918344497680664,118.93669891357422,217.12936401367188,296.7987976074219,523.4066772460938,51.59034729003906,127.44306182861328,101.23094940185548,146.113037109375,32.75464630126953,107.85838317871094,99.13848876953124,47.4921875,32.42573547363281,279.82000732421875,89.39563751220703,57.62703323364258,45.57695770263672,90.1213836669922,111.3863296508789,113.33164978027344,223.36671447753906
2023-07-05,189.6817626953125,333.58367919921875,130.3800048828125,122.05189514160156,292.9891357421875,138.6573028564453,236.28611755371097,42.293914794921875,445.8999938964844,113.05721282958984,31.86058807373047,113.9499969482422,125.80812072753906,48.867000579833984,213.30999755859375,85.8043212890625,13.53136157989502,38.6999626159668,112.72858428955078,167.6542510986328,61.41492462158203,62.34282684326172,184.2729949951172,83.93878173828125,98.21878051757812,708.2219848632812,198.2837371826172,57.503936767578125,68.8499984741211,64.44000244140625,78.3499984741211,65.2699966430664,43.65999984741211,10.1899995803833,79.06999969482422,131.69000244140625,49.47999954223633,27.729999542236328,12.119999885559082,85.1500015258789,43.45830154418945,81.41244506835938,141.91000366210938,33.239070892333984,71.83999633789062,95.19110107421876,41.720001220703125,15.699999809265137,145.0800018310547,70.33999633789062,65.08000183105469,146.97000122070312,128.94000244140625,172.5500030517578,409.5700073242187,98.27999877929688,50.93000030517578,67.6500015258789,172.75999450683594,212.2987823486328,565.760009765625,222.6000061035156,132.73431396484375,211.49392700195312,452.0,313.6789855957031,487.260009765625,80.61249542236328,121.17069244384766,41.455570220947266,27.7263240814209,43.72819519042969,305.8558349609375,55.21192169189453,14.254935264587402,32.68562698364258,136.47715759277344,39.317047119140625,43.66722869873047,3.726951360702514,3.9550669193267822,4.928283214569092,18.225482940673828,52.507572174072266,28.852516174316406,117.996826171875,217.99945068359375,297.5455017089844,523.4937133789062,51.561004638671875,125.26009368896484,100.71282196044922,145.27655029296875,32.18031692504883,107.47283935546876,98.9387435913086,47.3289794921875,32.01112747192383,282.4800109863281,88.69429779052734,57.31558990478515,45.26893615722656,90.56414794921876,110.7413330078125,112.04926300048828,223.13291931152344
2023-07-06,190.1576385498047,336.66156005859375,128.36000061035156,120.35992431640624,290.62030029296875,137.28648376464844,235.72366333007812,42.08003234863281,438.8399963378906,112.55997467041016,31.33137321472168,113.4800033569336,123.8587646484375,48.487525939941406,212.6199951171875,84.79348754882812,13.20519733428955,38.73923110961914,110.8903579711914,166.0301971435547,60.59354782104492,61.59103775024414,180.5778350830078,82.58892059326172,96.68213653564452,692.0321655273438,198.9652404785156,57.503936767578125,66.13999938964844,61.83000183105469,78.0999984741211,61.95000076293945,42.11000061035156,9.5600004196167,76.98999786376953,128.16000366210938,47.560001373291016,27.200000762939453,11.90999984741211,82.91000366210938,42.319488525390625,80.96819305419922,138.19000244140625,32.18146514892578,67.69000244140625,92.9114761352539,39.97999954223633,15.130000114440918,143.61000061035156,68.56999969482422,63.150001525878906,141.74000549316406,126.6999969482422,172.19000244140625,399.0199890136719,97.08000183105467,49.439998626708984,64.69000244140625,165.83999633789062,208.64495849609375,555.8300170898438,219.3000030517578,130.78872680664062,213.37109375,445.7408752441406,319.5896301269531,481.2900085449219,78.18248748779297,119.53848266601562,40.89303970336914,26.963565826416016,42.401405334472656,299.1184997558594,54.500953674316406,14.077524185180664,32.38040542602539,136.0860137939453,39.06112289428711,42.51809310913086,3.662054061889648,3.9172184467315674,4.891505241394043,18.038105010986328,52.110443115234375,29.059410095214844,114.76397705078124,214.06466674804688,289.1399841308594,519.8563232421875,51.234886169433594,123.6441421508789,96.9541015625,142.0886688232422,31.71538734436035,105.55451965332033,95.43850708007812,47.15618133544922,31.827926635742188,276.5400085449219,87.65711212158203,56.06980895996094,44.38222122192383,89.87642669677734,107.62064361572266,109.28202056884766,221.72019958496094
2023-07-07,189.0373687744141,332.666259765625,129.77999877929688,119.57363891601562,289.1671447753906,138.36972045898438,233.3257598876953,42.47980880737305,438.1000061035156,111.74099731445312,31.213773727416992,113.16999816894533,123.78379821777344,48.373687744140625,212.1000061035156,85.50423431396484,13.20519733428955,38.88649368286133,111.58330535888672,164.96653747558594,60.13251495361328,61.28060531616211,179.72433471679688,82.46717834472656,97.4796371459961,689.4889526367188,198.66343688964844,56.99337387084961,66.79000091552734,61.66999816894531,78.72000122070312,62.45000076293945,42.90999984741211,10.109999656677246,77.94999694824219,130.32000732421875,47.81999969482422,27.450000762939453,11.68000030517578,82.76000213623047,42.715179443359375,87.44835662841797,142.66000366210938,33.76787185668945,70.0,93.56141662597656,41.150001525878906,15.34000015258789,144.0500030517578,68.52999877929688,62.36000061035156,143.17999267578125,123.79499816894533,170.61000061035156,388.6199951171875,98.0199966430664,49.70000076293945,65.66999816894531,169.4499969482422,208.0988616943359,552.97998046875,218.72999572753903,131.6084442138672,210.5697784423828,443.2388000488281,320.2112731933594,485.2699890136719,78.21063232421875,118.91149139404295,40.77862548828125,27.20192527770996,42.73777389526367,301.1922607421875,55.30931854248047,14.09377670288086,31.86819839477539,135.9001922607422,39.269657135009766,42.61385345458984,3.64351224899292,3.9266810417175297,4.946672439575195,18.147741317749023,51.84892654418945,29.27570915222168,114.46878051757812,214.56739807128903,289.8962707519531,507.9378662109375,50.05438232421875,122.8976058959961,97.1801986694336,143.3341064453125,32.13473129272461,109.2688980102539,98.18733978271484,51.217063903808594,34.305904388427734,274.42999267578125,87.55833435058594,57.04307556152344,45.59561538696289,93.6825180053711,108.96756744384766,113.79446411132812,231.4143829345703
2023-07-10,186.98519897460935,327.3490295410156,127.12999725341795,116.3190689086914,292.72039794921875,139.14620971679688,235.01315307617188,42.156986236572266,441.7099914550781,111.51675415039062,32.08599853515625,113.58000183105467,124.5522689819336,48.76264572143555,213.30999755859375,87.35357666015625,13.284534454345703,38.91594696044922,112.71896362304688,170.4179229736328,61.946895599365234,62.24959564208984,185.29135131835935,85.48440551757812,97.03225708007812,702.4428100585938,204.8552398681641,57.106834411621094,69.27999877929688,61.88999938964844,81.20999908447266,63.56999969482422,42.779998779296875,11.020000457763672,77.61000061035156,131.7100067138672,47.90999984741211,27.510000228881836,11.779999732971191,85.83000183105469,44.075965881347656,87.45801544189453,142.9499969482422,33.947288513183594,70.13999938964844,94.44416046142578,41.630001068115234,16.299999237060547,149.9499969482422,69.73999786376953,65.4800033569336,154.27000427246094,123.73500061035156,169.64999389648438,394.6199951171875,101.4499969482422,51.11000061035156,67.62000274658203,173.49000549316406,211.29595947265625,565.5999755859375,222.3999938964844,133.2083740234375,215.8835906982422,459.2005004882813,330.4340515136719,496.3500061035156,78.24815368652344,115.89590454101562,40.34957504272461,27.32587432861328,42.672367095947266,302.4345703125,56.32220077514648,13.7868013381958,31.19354820251465,135.28411865234375,39.66775131225586,44.14603805541992,3.6342408657073975,3.9456045627593994,4.946672439575195,18.08594512939453,53.146846771240234,29.661291122436523,117.56356048583984,221.5088653564453,297.0476989746094,509.833984375,50.50767135620117,124.4946517944336,98.62149810791016,144.29136657714844,32.09827423095703,108.8645477294922,99.25262451171876,51.47626876831055,34.71086502075195,269.6099853515625,87.0249252319336,57.13067626953125,45.91297149658203,94.52098846435548,106.81439971923828,113.62090301513672,233.69427490234375
2023-07-11,186.4597625732422,327.98040771484375,128.77999877929688,117.15509796142578,296.89080810546875,141.3223114013672,237.37158203125,42.381866455078125,440.2099914550781,112.39730072021484,32.63480758666992,111.31999969482422,125.9955596923828,49.445701599121094,218.7599945068359,87.89888763427734,13.425578117370604,39.23991775512695,112.47835540771484,169.82911682128906,63.05734634399414,61.4343376159668,185.19435119628903,85.90513610839844,98.48138427734376,697.6630249023438,205.3712158203125,57.73085403442383,70.62000274658203,63.150001525878906,89.1500015258789,65.33000183105469,44.36000061035156,11.550000190734863,79.8499984741211,137.5399932861328,52.279998779296875,28.6200008392334,12.739999771118164,93.70999908447266,45.26304244995117,88.64588165283203,143.3300018310547,34.013389587402344,71.04000091552734,95.69554138183594,43.63999938964844,16.489999771118164,150.7899932861328,70.58999633789062,67.94000244140625,147.38999938964844,125.11499786376952,172.0500030517578,394.2200012207031,104.9800033569336,51.7599983215332,69.73999786376953,174.52000427246094,219.59649658203125,561.4400024414062,221.7100067138672,134.63052368164062,217.92442321777344,458.5774536132813,334.32183837890625,504.739990234375,79.7117919921875,116.5826187133789,40.750022888183594,27.669118881225582,43.475921630859375,306.6490173339844,56.0787239074707,13.750686645507812,31.060401916503903,136.927001953125,39.81941223144531,45.77397918701172,3.64351224899292,3.973990440368652,5.075395584106445,17.868667602539062,53.98952865600586,31.457517623901367,118.9443130493164,221.80857849121097,300.28363037109375,512.3782348632812,50.43265914916992,126.0539093017578,99.82730865478516,146.9587860107422,32.736412048339844,112.4661102294922,102.19168853759766,53.80911636352539,36.17643356323242,269.7900085449219,88.39795684814453,58.93121337890625,47.19169616699219,95.64208221435548,109.98250579833984,115.71321868896484,232.94403076171875
2023-07-12,188.13519287109375,332.6465759277344,130.8000030517578,119.05609130859376,307.888916015625,142.02210998535156,239.0096740722656,43.87804412841797,444.0499877929687,113.5126724243164,33.30122375488281,114.58000183105467,124.4960479736328,48.13650894165039,217.11000061035156,87.8830795288086,13.416763305664062,39.67188262939453,114.2203369140625,173.20059204101562,63.2457275390625,61.749725341796875,189.5102081298828,86.6745376586914,101.04893493652344,717.3163452148438,206.25714111328125,58.26031494140625,70.58999633789062,65.94000244140625,85.94999694824219,65.36000061035156,44.52000045776367,11.4399995803833,80.58999633789062,137.02000427246094,52.900001525878906,28.770000457763672,13.369999885559082,91.5,44.790138244628906,90.78018188476562,148.8300018310547,35.32595443725586,75.33999633789062,99.72125244140624,43.459999084472656,16.59000015258789,146.1300048828125,70.94999694824219,64.2300033569336,137.67999267578125,116.31999969482422,171.92999267578125,391.0799865722656,105.44499969482422,51.79999923706055,69.80000305175781,175.33999633789062,225.6630096435547,561.3400268554688,219.0800018310547,138.8377227783203,216.5863342285156,471.57232666015625,336.3841552734375,507.3599853515625,80.47174072265625,118.36410522460938,41.245811462402344,27.9932918548584,44.27012634277344,311.9241943359375,56.8870735168457,13.651371002197266,30.94500160217285,137.77777099609375,40.132205963134766,46.06126403808594,3.726951360702514,4.049685478210449,5.18572998046875,18.18760681152344,52.46882629394531,30.94028091430664,122.15335083007812,224.39956665039065,303.97894287109375,520.4656982421875,50.55984878540039,125.60031127929688,100.31715393066406,148.3715057373047,33.10105895996094,114.45025634765624,103.97032928466795,54.4139289855957,36.56210708618164,271.989990234375,89.04991149902344,59.680625915527344,47.6863899230957,96.05660247802734,109.1193389892578,115.6649932861328,237.18223571777344
2023-07-13,188.8985595703125,338.0328063964844,134.3000030517578,124.24153900146484,311.9398498535156,142.7123565673828,240.0951232910156,45.95191192626953,450.3800048828125,114.9117660522461,33.193424224853516,115.91999816894533,125.50820922851562,48.8859748840332,216.8500061035156,87.94629669189453,13.3903169631958,39.76023864746094,118.49349975585938,173.9128875732422,63.97941207885742,63.306861877441406,192.29373168945312,86.71446228027344,102.67311096191406,742.927001953125,210.79391479492188,58.63850402832031,72.38999938964844,70.37000274658203,107.0,69.52999877929688,45.63999938964844,11.550000190734863,83.29000091552734,140.08999633789062,54.16999816894531,28.6299991607666,13.510000228881836,93.1500015258789,44.51991653442383,93.30078125,152.30999755859375,37.16732406616211,80.93000030517578,101.80684661865234,44.29999923706055,16.739999771118164,150.75,73.52999877929688,67.62000274658203,145.13999938964844,119.50499725341795,184.22000122070312,407.2099914550781,109.19000244140624,53.93000030517578,71.23999786376953,177.9600067138672,228.73101806640625,577.4500122070312,219.77999877929688,142.17584228515625,218.67527770996097,476.0325317382813,345.0182800292969,517.280029296875,80.88458251953125,123.94741821289062,41.674861907958984,28.28886032104492,44.550437927246094,314.1030578613281,58.36745071411133,13.651371002197266,30.74970436096191,137.5821990966797,40.34073257446289,46.82735824584961,3.7547645568847656,4.115917682647705,5.277675628662109,18.699907302856445,53.89266204833984,31.56096839904785,123.8673858642578,221.91493225097656,301.1834716796875,520.901123046875,50.26309585571289,125.5152587890625,98.4802017211914,146.39183044433594,33.301612854003906,115.25894927978516,105.14976501464844,55.12434387207031,36.398193359375,277.8999938964844,89.36600494384766,59.79741287231445,47.70506286621094,96.64071655273438,109.5651397705078,115.6264419555664,235.45770263671875
2023-07-14,189.0472717285156,340.5779724121094,134.67999267578125,125.10742950439452,307.42108154296875,143.5751190185547,239.9470977783203,45.444190979003906,441.9100036621094,116.69243621826172,32.4878044128418,115.94000244140624,125.02088165283205,47.79498291015625,213.1199951171875,87.156005859375,13.20519733428955,39.26936721801758,117.9545440673828,171.7570343017578,63.53324890136719,63.332645416259766,186.18362426757812,86.5411148071289,102.2549057006836,746.1729125976562,206.91915893554688,58.21304702758789,72.0999984741211,68.44999694824219,105.30999755859376,66.88999938964844,44.75,11.300000190734863,83.95999908447266,143.33999633789062,53.22999954223633,28.709999084472656,13.149999618530272,92.25,44.876991271972656,91.3209991455078,149.2100067138672,36.01528549194336,79.48999786376953,102.18517303466795,43.0,16.399999618530273,149.39999389648438,70.69000244140625,66.54000091552734,145.42999267578125,120.62999725341795,180.7899932861328,398.6799926757813,108.52999877929688,52.720001220703125,70.58999633789062,178.97000122070312,227.69845581054688,580.3800048828125,223.91000366210935,142.56100463867188,220.8990020751953,478.643310546875,350.3072509765625,514.8300170898438,80.48114013671875,124.82322692871094,41.5318489074707,27.75492477416992,42.74711608886719,311.7235107421875,56.99420928955078,13.091592788696287,30.190458297729492,136.59451293945312,39.81941223144531,45.486690521240234,3.736222505569458,3.765828847885132,4.6248626708984375,18.416847229003903,53.679569244384766,30.83683204650879,126.87645721435548,221.1415100097656,303.0024108886719,528.8821411132812,50.4359245300293,123.7197494506836,95.08888244628906,142.73924255371094,32.3808708190918,112.59391784667967,101.85877227783205,54.84593963623047,35.568992614746094,281.3800048828125,87.53858947753906,57.79249572753906,45.64228820800781,94.6434555053711,107.6396255493164,114.17049407958984,229.2222442626953
2023-07-17,192.31884765625,341.0613708496094,133.55999755859375,124.47045135498048,309.16290283203125,147.0358123779297,240.76612854003903,46.43564987182617,450.0499877929687,116.3206558227539,33.68343734741211,118.31999969482422,125.80812072753906,48.202919006347656,211.8699951171875,87.8356704711914,12.420642852783203,38.04220199584961,118.76297760009766,174.17881774902344,64.60404205322266,65.46602630615234,190.4412841796875,88.66134643554688,101.91451263427734,746.6380004882812,213.8119201660156,57.62685012817383,73.48999786376953,68.68000030517578,105.5500030517578,66.47000122070312,45.5099983215332,11.479999542236328,85.33999633789062,145.36000061035156,53.75,29.149999618530273,13.470000267028809,93.4000015258789,45.54290771484375,90.21039581298828,149.66000366210938,35.67533874511719,79.0999984741211,103.038818359375,44.459999084472656,17.399999618530273,152.72999572753906,70.8499984741211,71.18000030517578,151.82000732421875,125.0250015258789,184.2100067138672,409.1700134277344,112.7699966430664,52.7599983215332,72.83999633789062,180.42999267578125,226.3778839111328,592.3800048828125,228.25,143.1930694580078,224.99024963378903,485.3979187011719,354.23455810546875,522.0,81.03469848632812,124.05689239501952,42.65690612792969,28.03142547607422,43.22364044189453,312.6886901855469,57.111087799072266,12.21580982208252,27.926837921142575,134.9516143798828,39.895233154296875,47.30615997314453,3.773306369781494,3.642824649810791,4.5237226486206055,18.65206718444824,52.982181549072266,30.86504364013672,124.1625747680664,220.3970642089844,302.5716552734375,534.9381713867188,50.49789047241211,122.85977935791016,95.5033721923828,142.60916137695312,32.19855499267578,112.35723876953124,101.24053192138672,54.250732421875,36.02216339111328,290.3800048828125,84.51592254638672,57.70489883422851,45.66095352172851,93.30567169189452,107.85778045654295,113.9005126953125,231.55079650878906
2023-07-18,192.0610809326172,354.635498046875,132.8300018310547,123.4950714111328,310.5862121582031,147.30422973632812,237.5886993408203,47.46809005737305,474.7999877929687,118.16001892089844,33.81083679199219,117.93000030517578,126.85779571533205,48.61085510253906,211.57000732421875,87.7724380493164,12.491165161132812,38.415260314941406,118.24327087402344,174.44473266601562,64.38591766357422,65.05640411376953,190.5770721435547,87.98738861083984,100.31951904296876,749.151611328125,217.74508666992188,58.0428581237793,74.37000274658203,67.26000213623047,104.58999633789062,65.52999877929688,47.40999984741211,11.770000457763672,85.06999969482422,146.52999877929688,54.439998626708984,30.309999465942383,13.369999885559082,93.33000183105467,46.35358810424805,88.07608795166016,144.22999572753906,34.0511589050293,75.66999816894531,100.15776824951172,45.540000915527344,18.079999923706055,152.9499969482422,70.83999633789062,72.93000030517578,154.80999755859375,124.16999816894533,188.1999969482422,426.0199890136719,113.81999969482422,53.84000015258789,72.27999877929688,187.4499969482422,226.0105133056641,597.1300048828125,228.3500061035156,143.1140594482422,227.0888214111328,489.9569396972656,358.9314880371094,532.22998046875,86.26062774658203,123.1711196899414,43.476863861083984,29.270915985107425,43.93375778198242,322.3121032714844,64.28892517089844,12.143580436706545,28.6458683013916,135.3916778564453,40.22698593139648,50.657814025878906,3.7176802158355713,3.671210289001465,4.514527797698975,18.957054138183594,52.139503479003906,30.827430725097656,124.73392486572266,222.2726287841797,303.2513427734375,535.5476684570312,50.40657806396485,123.61579132080078,95.07003784179688,142.89724731445312,32.627010345458984,116.2293472290039,103.43768310546876,54.70193862915039,36.745304107666016,293.3399963378906,84.90115356445312,58.473777770996094,47.1450309753418,95.3029327392578,109.4797821044922,115.15397644042967,230.93698120117188
2023-07-19,193.41928100585935,350.28509521484375,135.36000061035156,122.20120239257812,314.52764892578125,147.86981201171875,238.23008728027344,47.05131530761719,477.5899963378906,116.1249771118164,33.771636962890625,116.43000030517578,126.9702377319336,49.73979568481445,208.6000061035156,86.8477783203125,12.42945957183838,38.51343536376953,119.74464416503906,174.4352264404297,64.4057388305664,63.48637771606445,189.8884735107422,87.7867660522461,100.2319793701172,708.3309326171875,214.45448303222656,56.59627914428711,74.22000122070312,68.2300033569336,110.1500015258789,67.61000061035156,47.119998931884766,12.18000030517578,85.0999984741211,145.53500366210938,54.63999938964844,29.84000015258789,13.109999656677246,96.08999633789062,47.31869125366211,88.93560791015625,143.6999969482422,34.38166046142578,75.2300033569336,99.82794952392578,44.86000061035156,18.049999237060547,157.61000061035156,70.37000274658203,72.69999694824219,161.0399932861328,123.0,185.4499969482422,431.2099914550781,115.22000122070312,54.18000030517578,73.91999816894531,188.5800018310547,232.7025909423828,603.25,231.67999267578125,141.2277374267578,228.4654235839844,495.03033447265625,360.6286926269531,527.1699829101562,87.40526580810547,121.44935607910156,44.10613250732422,30.06227684020996,44.40093994140625,325.4466247558594,64.31814575195312,13.172852516174316,30.15495491027832,134.5408935546875,40.48291015625,52.57304763793945,3.745493173599243,3.727981567382813,4.670835018157959,18.851404190063477,52.59474563598633,30.96849250793457,124.5053939819336,223.22007751464844,305.8553771972656,536.0506591796875,50.42288589477539,125.40186309814452,95.72945404052734,143.77093505859375,32.955196380615234,115.91693115234376,104.13202667236328,55.06674575805664,35.6846923828125,291.260009765625,85.97786712646484,58.551631927490234,47.24769973754883,96.52766418457033,111.94596099853516,117.73800659179688,226.5429229736328
2023-07-20,191.46624755859375,342.1859436035156,129.9600067138672,118.96652221679688,301.1009216308594,149.69122314453125,236.4538726806641,45.49516677856445,437.4200134277344,113.37570190429688,32.70341110229492,110.25,129.68807983398438,49.68287658691406,213.61000061035156,87.9146957397461,12.367752075195312,38.54288482666016,116.1836929321289,170.873779296875,64.13805389404297,61.04753112792969,183.9335479736328,86.51773071289062,95.17466735839844,669.093505859375,206.3447723388672,56.06680679321289,73.0199966430664,65.44000244140625,101.26000213623048,62.83000183105469,46.56999969482422,11.420000076293944,83.63999938964844,145.27999877929688,52.77000045776367,28.459999084472656,12.93000030517578,93.06999969482422,47.13531875610352,88.75211334228516,143.02999877929688,34.62717819213867,74.87999725341797,99.42051696777344,41.040000915527344,17.1299991607666,148.07000732421875,69.76000213623047,67.2699966430664,147.89999389648438,121.0250015258789,176.3300018310547,412.6400146484375,109.9000015258789,51.720001220703125,69.80000305175781,175.63999938964844,226.53675842285156,578.8800048828125,222.32000732421875,132.2701416015625,228.22476196289065,486.3472900390625,352.872802734375,516.8800048828125,88.00572967529297,118.63282012939452,44.93563079833984,30.21483039855957,44.29815673828125,335.29937744140625,66.16859436035156,13.236051559448242,29.86200904846191,137.00523376464844,40.95683670043945,74.7896957397461,3.773306369781494,3.7185192108154297,4.6892242431640625,18.58827781677246,51.91672897338867,30.62053680419922,120.12509155273438,223.31675720214844,305.48199462890625,538.807861328125,51.35555267333984,127.23516082763672,97.41569519042967,145.36021423339844,33.310733795166016,116.9109878540039,106.23407745361328,54.97073745727539,35.14474868774414,262.8999938964844,85.1579818725586,58.84361267089844,47.97574234008789,98.02560424804688,114.51649475097656,119.80140686035156,217.37481689453125
2023-07-21,190.2864990234375,339.1278076171875,130.0,119.74284362792967,292.8796691894531,148.54086303710938,236.0887756347656,44.284820556640625,427.5,115.10745239257812,33.34042739868164,110.9499969482422,130.21290588378906,49.929534912109375,211.8000030517578,87.19551086425781,12.279600143432615,37.845855712890625,120.03338623046876,175.0525665283203,65.08985900878906,61.85187911987305,186.17393493652344,87.33680725097656,94.58140563964844,686.1441040039062,207.6590576171875,56.35990524291992,72.98999786376953,65.56999969482422,100.81999969482422,62.2599983215332,47.22999954223633,11.420000076293944,84.5,148.77000427246094,52.41999816894531,27.959999084472656,12.739999771118164,96.73999786376952,46.652774810791016,89.01287078857422,141.5,35.00489807128906,75.97000122070312,99.14891052246094,40.56999969482422,16.43000030517578,150.89999389648438,70.0,66.56999969482422,149.00999450683594,121.91000366210938,175.89999389648438,409.7799987792969,109.87000274658205,52.060001373291016,71.02999877929688,174.4199981689453,226.43746948242188,582.02001953125,225.0500030517578,132.35902404785156,228.81198120117188,487.0791015625,345.5412292480469,520.22998046875,88.20275115966797,119.44892120361328,43.820098876953125,30.4913272857666,43.961788177490234,336.3506164550781,64.74667358398438,13.326339721679688,30.07505798339844,137.7875518798828,40.65352249145508,67.79911804199219,3.801119089126587,3.727981567382813,4.63405704498291,18.61618423461914,51.87798309326172,30.319595336914062,120.60120391845705,226.0140686035156,306.80316162109375,539.6784057617188,51.64579391479492,126.70597076416016,97.86788177490234,147.48855590820312,33.45659255981445,117.9713134765625,107.37545776367188,53.770713806152344,35.61720275878906,260.0199890136719,86.11614990234375,59.11613082885742,48.7784423828125,99.60832977294922,116.6601791381836,121.31519317626952,210.4378204345703
2023-07-24,191.0895233154297,340.4496765136719,128.8000030517578,121.30543518066406,290.2420654296875,151.46470642089844,237.55908203125,44.58766174316406,428.3699951171875,115.51837921142578,32.95821762084961,110.61000061035156,130.7752227783203,50.38490295410156,215.8699951171875,87.13229370117188,12.44000244140625,38.5821533203125,119.43667602539062,174.6441650390625,64.92131042480469,63.37926483154297,186.57156372070312,87.80817413330078,95.55397033691406,677.3565673828125,205.30308532714844,56.04789733886719,73.69000244140625,66.16999816894531,98.8499984741211,61.349998474121094,47.31999969482422,11.670000076293944,84.30999755859375,147.6199951171875,53.540000915527344,27.790000915527344,12.68000030517578,96.54000091552734,47.23182678222656,93.0496826171875,148.72999572753906,36.2230339050293,78.8499984741211,102.41798400878906,39.54999923706055,16.31999969482422,149.74000549316406,70.5,65.38999938964844,148.3300018310547,121.66500091552734,174.8000030517578,410.5799865722656,111.48999786376952,51.81999969482422,69.51000213623047,173.08999633789062,224.0545654296875,578.0399780273438,223.1199951171875,130.7492218017578,230.55435180664065,483.103515625,346.3305969238281,523.8599853515625,88.82196807861328,120.95173645019533,44.25868225097656,31.130146026611328,44.53174591064453,343.011474609375,64.82459259033203,13.497884750366213,30.163822174072266,138.24716186523438,41.03266525268555,57.456878662109375,3.828932523727417,3.779520034790039,4.707612991333008,18.670007705688477,52.404666900634766,30.49827766418457,121.22015380859376,226.2267608642578,311.24530029296875,545.5506591796875,51.949066162109375,127.96281433105467,99.40338897705078,150.3976287841797,33.89417266845703,119.42927551269533,109.11605072021484,54.7403450012207,36.889923095703125,269.05999755859375,85.54322814941406,60.65388870239258,49.55314636230469,100.66349029541016,119.2401885986328,123.7931671142578,205.38125610351562
2023-07-25,191.95201110839844,346.240478515625,129.1300048828125,122.2111587524414,293.08868408203125,150.33352661132812,235.53616333007812,45.65407943725586,427.7000122070313,115.40096282958984,33.41883087158203,113.0,131.51560974121094,50.849761962890625,214.1199951171875,92.59337615966795,12.101375579833984,37.22736358642578,120.37022399902344,176.7240753173828,65.11959075927734,64.49108123779297,189.76239013671875,89.40542602539062,97.5671615600586,680.1472778320312,214.0747985839844,55.06460189819336,72.95999908447266,64.98999786376953,97.68000030517578,60.40999984741211,47.16999816894531,11.5600004196167,85.4000015258789,148.64999389648438,53.290000915527344,27.200000762939453,12.510000228881836,94.98999786376952,46.62382507324219,91.72661590576172,148.72999572753906,36.38356018066406,82.98999786376953,103.0097198486328,39.65999984741211,16.549999237060547,150.94000244140625,70.52999877929688,67.08999633789062,155.2100067138672,121.45500183105467,179.2899932861328,418.9700012207031,115.3000030517578,51.290000915527344,69.33000183105469,177.92999267578125,224.42193603515625,582.3800048828125,227.3999938964844,130.9665069580078,231.4977569580078,490.9854736328125,349.1330261230469,525.3400268554688,88.58741760253906,121.62850189208984,43.362449645996094,30.653419494628903,43.99916076660156,338.9691162109375,63.733787536621094,13.36245346069336,30.394628524780273,139.32289123535156,41.04215240478515,49.12562942504883,3.81039047241211,3.789064407348633,4.7260026931762695,18.675987243652344,53.02887725830078,31.12836647033691,121.44871520996094,227.23696899414065,311.264404296875,546.7695922851562,51.90667343139648,126.2523422241211,99.55412292480467,151.08538818359375,33.93974304199219,121.6540756225586,110.5047378540039,55.565956115722656,37.04420471191406,265.2799987792969,84.5850601196289,61.71474838256836,49.842498779296875,101.47368621826172,118.13040924072266,124.00529479980467,207.04727172851562
2023-07-26,192.8244476318359,333.20880126953125,128.14999389648438,129.04876708984375,297.16943359375,151.23463439941406,233.96717834472656,45.42720031738281,422.6700134277344,113.00390625,33.67363357543945,110.08999633789062,132.2091064453125,50.489261627197266,232.8000030517578,90.6649932861328,12.181575775146484,37.59061050415039,119.35967254638672,167.15087890625,66.80509948730469,63.71052169799805,185.74717712402344,86.9803466796875,96.68213653564452,677.178466796875,212.7020721435547,54.809329986572266,73.43000030517578,64.68000030517578,99.75,61.38999938964844,47.310001373291016,12.199999809265137,86.11000061035156,150.1699981689453,53.650001525878906,27.700000762939453,10.729999542236328,96.38999938964844,47.096717834472656,93.81262969970705,149.57000732421875,36.950138092041016,84.11000061035156,105.7258529663086,39.95000076293945,16.43000030517578,154.6300048828125,71.41000366210938,65.73999786376953,156.6199951171875,122.50499725341795,170.0,405.1400146484375,110.63999938964844,52.529998779296875,71.0999984741211,176.64999389648438,223.97512817382812,577.27001953125,230.0500030517578,130.69984436035156,243.9833068847656,491.3711853027344,353.2576599121094,514.5499877929688,87.76178741455078,128.6549072265625,44.27774810791016,30.90131187438965,44.37290954589844,341.7022399902344,64.88301849365234,13.44371223449707,30.4833984375,137.97335815429688,40.67247772216797,46.82735824584961,3.893829345703125,3.779520034790039,4.744391441345215,18.68595314025879,52.58998107910156,31.071937561035156,121.14398193359376,227.36322021484375,315.53424072265625,547.7175903320312,52.09255599975586,127.07451629638672,98.99830627441406,149.95150756835938,33.82123947143555,122.43038940429688,111.12298583984376,55.364349365234375,36.84172821044922,264.3500061035156,84.81226348876953,61.16971969604492,49.60915756225586,103.24483489990234,119.68600463867188,125.6830062866211,204.62130737304688
2023-07-27,191.55548095703125,326.2540588378906,128.25,129.25778198242188,310.247802734375,149.5666046142578,231.34231567382812,45.87495422363281,413.1700134277344,113.88446044921876,33.859840393066406,111.0999984741211,133.9897918701172,50.28055191040039,233.75,91.21820831298828,12.235042572021484,38.2581787109375,121.12091064453124,168.78439331054688,70.46360778808594,69.61968994140625,189.5587158203125,87.02320861816406,96.623779296875,700.7505493164062,215.92453002929688,58.76142120361328,72.02999877929688,63.959999084472656,92.69000244140624,61.099998474121094,46.61000061035156,11.949999809265137,86.04000091552734,148.5,52.16999816894531,26.86000061035156,10.329999923706056,95.7300033569336,42.13611602783203,92.17086029052734,148.02999877929688,35.864200592041016,84.52999877929688,103.79544830322266,37.90999984741211,16.149999618530273,152.85000610351562,70.30999755859375,64.76000213623047,155.25,122.63999938964844,168.27000427246094,403.5799865722656,109.45999908447266,52.0099983215332,72.38999938964844,170.55999755859375,223.54815673828125,559.8900146484375,229.8000030517578,132.40841674804688,241.5093231201172,491.0448303222656,356.3067626953125,513.969970703125,87.02058410644531,128.78428649902344,43.638946533203125,30.462726593017575,44.737308502197266,338.7875061035156,64.10387420654297,13.10062313079834,29.782115936279297,136.7901153564453,42.98524475097656,46.06126403808594,3.9587268829345703,3.722254991531372,4.661641597747803,18.68994140625,52.38515853881836,30.921472549438477,119.81085205078124,228.1694793701172,315.64910888671875,543.5191650390625,51.90341567993164,127.10283660888672,99.3091812133789,148.39007568359375,33.42013168334961,121.90021514892578,110.12428283691406,54.7403450012207,36.57175064086914,255.7100067138672,84.31836700439453,60.19645690917969,48.741111755371094,102.58535766601562,119.01254272460938,124.9405746459961,200.65591430664062
2023-07-28,194.1429901123047,333.80072021484375,132.2100067138672,132.38294982910156,323.95318603515625,150.41978454589844,232.635009765625,46.72449493408203,425.7799987792969,113.48331451416016,36.09429931640625,112.95999908447266,134.43960571289062,49.41724395751953,238.69000244140625,90.4041976928711,11.816218376159668,37.35498809814453,124.61450958251952,170.5919647216797,70.59249877929688,71.53486633300781,192.43917846679688,87.63287353515625,98.09235382080078,710.8938598632812,217.4043426513672,59.99053955078125,73.9800033569336,66.04000091552734,94.76000213623048,64.05999755859375,48.13999938964844,12.479999542236328,89.6500015258789,153.3300018310547,53.5099983215332,28.450000762939453,10.68000030517578,99.62999725341795,43.43899917602539,97.10582733154295,155.36000061035156,38.27214050292969,89.3499984741211,105.25054168701172,38.93000030517578,17.809999465942383,155.60000610351562,73.9800033569336,66.93000030517578,157.49000549316406,124.22000122070312,174.8300018310547,411.6199951171875,112.19000244140624,52.86000061035156,73.08000183105469,174.2100067138672,223.9949951171875,569.5399780273438,235.0,135.11444091796875,241.2493896484375,506.1856689453125,363.5791015625,528.8699951171875,86.7081069946289,131.94915771484375,43.991722106933594,30.41505241394043,44.29815673828125,337.5643310546875,64.24021911621094,13.046449661254885,30.20821189880371,137.7582244873047,42.87150573730469,48.934104919433594,3.9587268829345703,3.750887393951416,4.661641597747803,18.63213348388672,51.31229019165039,30.686363220214844,121.67724609375,228.35400390625,317.23834228515625,544.9605102539062,52.14799880981445,127.57535552978516,98.12223052978516,147.65585327148438,33.46570587158203,123.7368621826172,110.26696014404295,54.865142822265625,36.793514251708984,266.44000244140625,85.0789566040039,60.420310974121094,49.469146728515625,103.96083068847656,122.4272689819336,127.11001586914062,202.7019500732422
2023-07-31,194.7576446533203,331.3838195800781,133.67999267578125,132.48251342773438,317.10546875,151.42636108398438,234.5888214111328,46.7035026550293,438.9700012207031,114.696533203125,35.05546569824219,114.4000015258789,135.123779296875,49.36981201171875,238.8500061035156,90.28563690185548,11.771661758422852,37.66914367675781,127.20343017578124,172.15090942382812,70.7808837890625,71.26013946533203,193.5157470703125,87.52184295654297,96.42928314208984,708.9542846679688,217.08306884765625,60.03781509399414,75.81999969482422,67.58000183105469,98.61000061035156,66.02999877929688,49.459999084472656,12.710000038146973,90.79000091552734,152.19000244140625,54.15999984741211,28.989999771118164,11.359999656677246,101.6500015258789,42.956451416015625,98.66067504882812,155.99000549316406,39.00869369506836,89.81999969482422,105.48333740234376,39.25,19.84000015258789,161.66000366210938,76.86000061035156,68.7699966430664,160.3800048828125,124.9800033569336,177.7100067138672,423.3999938964844,116.72000122070312,53.81999969482422,73.3499984741211,181.94000244140625,223.4091796875,583.0,237.1300048828125,134.66015625,238.02452087402344,506.0472717285156,363.8751220703125,546.1699829101562,86.69863891601562,132.0885009765625,44.01078796386719,30.51039695739746,44.53174591064453,340.0871887207031,64.37657165527344,13.109651565551758,30.252593994140625,134.72671508789062,42.89993667602539,48.83834457397461,3.912371635437012,3.7604317665100098,4.643251419067383,18.658044815063477,51.61463928222656,30.874448776245117,120.7726058959961,227.5574951171875,319.6029968261719,542.3969116210938,52.131690979003906,128.96450805664062,101.02368927001952,152.10775756835938,34.00356674194336,125.46936798095705,111.96951293945312,56.007564544677734,37.680572509765625,267.42999267578125,87.80528259277344,61.44224166870117,50.40252685546875,105.09136199951172,122.27550506591795,128.25741577148438,206.82318115234375
2023-08-01,193.92491149902344,331.79815673828125,131.69000244140625,131.26824951171875,321.1961975097656,150.6786346435547,236.61175537109375,46.48162460327149,438.6199951171875,115.3618392944336,35.08486557006836,117.5999984741211,134.3271484375,49.95799255371094,238.0099945068359,89.47952270507812,11.958796501159668,37.423709869384766,127.11680603027344,170.5919647216797,70.15625,71.00325775146484,193.46722412109375,89.6011734008789,95.69986724853516,702.8973999023438,217.56983947753903,61.75857925415039,75.52999877929688,67.44999694824219,94.1500015258789,65.45999908447266,46.650001525878906,12.229999542236328,86.58999633789062,148.91000366210938,55.31999969482422,28.959999084472656,11.279999732971191,98.5999984741211,42.03961563110352,96.6712417602539,153.19000244140625,37.80944061279297,90.08999633789062,106.385498046875,39.43000030517578,19.989999771118164,165.9600067138672,76.19000244140625,68.62999725341797,162.8000030517578,126.58499908447266,176.5800018310547,424.5700073242187,114.9499969482422,52.9900016784668,72.91000366210938,181.6499938964844,222.67445373535156,590.3900146484375,239.8000030517578,134.69964599609375,239.04493713378903,502.8825988769531,365.8683471679687,549.0999755859375,86.11155700683594,130.92405700683594,43.58173751831055,30.148090362548828,43.98047637939453,341.85516357421875,64.0064926147461,12.911018371582031,29.67559814453125,134.22796630859375,42.94733047485352,47.689205169677734,3.8474745750427246,3.769975900650024,4.6524457931518555,18.636119842529297,52.05354309082031,30.987300872802734,120.93449401855467,225.69253540039065,317.908447265625,537.3663330078125,51.887115478515625,125.67588806152344,100.43964385986328,150.84375,33.69361114501953,124.73092651367188,111.64612579345705,55.3067512512207,37.86376190185547,261.07000732421875,87.94357299804688,60.965335845947266,50.103851318359375,105.6189422607422,122.14270782470705,130.10867309570312,202.64349365234375
2023-08-02,190.92100524902344,323.0775451660156,128.2100067138672,128.0335693359375,312.8356018066406,148.9722442626953,234.42108154296875,44.244850158691406,429.7000122070313,113.2093734741211,33.70303726196289,109.3499984741211,135.11439514160156,49.88209915161133,231.3800048828125,88.49163055419922,11.620172500610352,36.7070426940918,124.41240692138672,164.92056274414062,67.5883560180664,68.02586364746094,186.65884399414065,86.90341186523438,93.07394409179688,677.4578247070312,210.67709350585935,61.46549224853515,73.19999694824219,62.43000030517578,90.43000030517578,60.97999954223633,46.959999084472656,11.710000038146973,85.9800033569336,144.55999755859375,54.22999954223633,27.850000381469727,10.970000267028809,96.06999969482422,42.232627868652344,91.81352996826172,146.69000244140625,36.11915969848633,84.01000213623047,103.61113739013672,37.630001068115234,18.969999313354492,154.72999572753906,72.33999633789062,64.11000061035156,150.5399932861328,118.08499908447266,164.60000610351562,398.739990234375,106.83000183105467,51.34000015258789,69.88999938964844,169.6999969482422,218.9312744140625,563.1699829101562,229.22000122070312,131.55906677246094,238.1207733154297,492.5480346679687,295.6510009765625,530.2999877929688,84.57756805419922,127.76914978027344,43.00013732910156,29.73810386657715,43.27035903930664,335.52874755859375,63.63638687133789,12.956162452697754,29.57794761657715,132.78067016601562,42.738807678222656,47.497684478759766,3.560072898864746,3.7604317665100098,4.597278594970703,18.15372085571289,51.64390563964844,30.564105987548828,119.2109375,222.9144744873047,314.4906921386719,534.3480834960938,51.92298126220703,126.19563293457033,99.1867218017578,148.4551544189453,32.845802307128906,123.11202239990234,109.9435577392578,55.17234802246094,37.632354736328125,254.11000061035156,85.24689483642578,59.82661437988281,46.426326751708984,102.67958068847656,120.76589965820312,131.00534057617188,197.6746063232422
2023-08-03,189.5231475830078,322.2488708496094,128.91000366210938,128.1629638671875,311.72088623046875,149.88294982910156,235.6052093505859,44.4907112121582,431.0,112.07444763183594,34.17344665527344,113.1500015258789,135.37681579589844,50.422847747802734,231.36000061035156,88.79984283447266,11.673640251159668,36.245628356933594,114.23958587646484,164.30848693847656,68.58973693847656,68.76773834228516,185.71807861328125,86.19050598144531,92.37370300292967,675.424560546875,210.23898315429688,64.55719757080078,64.18000030517578,59.040000915527344,90.75,61.84000015258789,45.90999984741211,11.510000228881836,85.45999908447266,140.8800048828125,55.0,27.15999984741211,10.789999961853027,82.91999816894531,42.08787155151367,94.23755645751952,149.92999267578125,37.35618209838867,88.80999755859375,105.60945892333984,36.68000030517578,18.709999084472656,157.5500030517578,72.94000244140625,65.04000091552734,150.77000427246094,118.7249984741211,161.0500030517578,402.7999877929687,107.0999984741211,52.25,69.88999938964844,169.64999389648438,214.02639770507812,560.4000244140625,229.33999633789065,130.56158447265625,238.73687744140625,491.48980712890625,293.0163879394531,523.760009765625,84.40711975097656,127.83879089355467,43.38450241088867,29.94786262512207,43.17691802978515,337.4974060058594,64.15257263183594,12.721416473388672,29.347148895263672,132.3797149658203,42.81462478637695,47.689205169677734,3.522988557815552,3.7127108573913574,4.514527797698975,17.946409225463867,52.19009017944336,30.7521915435791,116.78272247314452,220.22384643554688,315.7831115722656,539.5140991210938,51.9360237121582,125.43019104003906,100.91065216064452,148.3993682861328,33.23780059814453,124.67413330078124,109.37286376953124,55.661956787109375,38.26872634887695,259.32000732421875,84.44676971435547,60.54682922363281,47.44371795654297,104.01737213134766,120.08707427978516,131.34283447265625,194.2255859375
2023-08-04,180.42221069335935,323.3537292480469,139.57000732421875,127.9340362548828,309.27239990234375,149.5666046142578,235.83221435546875,44.65562057495117,431.6000061035156,111.96682739257812,34.56195068359375,115.81999969482422,135.17999267578125,49.929534912109375,231.36000061035156,89.35306549072266,11.486506462097168,35.902015686035156,116.9343719482422,161.09498596191406,69.31350708007812,68.4801025390625,182.67274475097656,85.8661880493164,93.52130889892578,672.4789428710938,208.04849243164065,63.148433685302734,62.75,57.93000030517578,87.30999755859375,61.279998779296875,45.20000076293945,10.850000381469728,83.5999984741211,140.1699981689453,56.33000183105469,26.65999984741211,10.75,81.58999633789062,41.54740905761719,93.58084869384766,148.25999450683594,36.9123649597168,87.5199966430664,105.2796401977539,37.47999954223633,18.200000762939453,150.49000549316406,72.55999755859375,69.5199966430664,146.16000366210938,109.16000366210938,166.6699981689453,401.5700073242187,107.52999877929688,51.2400016784668,69.05999755859375,198.83999633789065,213.06329345703125,551.6300048828125,230.1199951171875,131.31216430664062,236.58053588867188,491.48980712890625,286.5729064941406,526.8800048828125,84.07569885253906,127.50042724609376,43.096229553222656,29.842981338500977,43.20527648925781,337.55474853515625,63.22733688354492,12.640158653259276,28.956562042236328,131.6267547607422,42.5018424987793,46.252784729003906,3.5415306091308594,3.7317991256713863,4.615668296813965,17.978303909301758,51.92675018310547,30.49827766418457,119.57279205322266,216.7269744873047,312.50897216796875,534.0481567382812,51.63600540161133,125.24120330810548,101.19324493408205,148.06478881835938,33.547752380371094,122.88483428955078,108.1553955078125,55.364349365234375,38.13373565673828,253.86000061035156,85.24689483642578,61.82181167602539,47.41571044921875,104.08331298828124,121.32044982910156,133.01087951660156,194.94656372070312
2023-08-07,177.3092803955078,325.65228271484375,142.22000122070312,131.31800842285156,315.07501220703125,150.27598571777344,238.3188934326172,45.39221954345703,440.760009765625,113.59095001220705,34.65047073364258,116.80999755859376,136.99815368652344,50.2900390625,238.25,90.67288970947266,11.531060218811035,36.41252517700195,114.85553741455078,161.5923309326172,68.78803253173828,69.9579086303711,184.36996459960935,87.36699676513672,93.70610809326172,687.7328491210938,212.94546508789065,64.774658203125,64.41999816894531,57.56999969482422,85.95999908447266,61.59000015258789,44.95000076293945,10.970000267028809,84.36000061035156,143.1999969482422,55.9900016784668,27.170000076293945,10.56999969482422,84.43000030517578,42.319488525390625,93.2524871826172,147.0,36.742393493652344,85.5999984741211,104.9595184326172,37.599998474121094,17.989999771118164,150.97000122070312,73.12000274658203,67.79000091552734,145.33999633789062,107.62000274658205,166.6699981689453,397.5499877929687,106.3000030517578,51.5099983215332,68.66000366210938,193.52000427246097,214.52284240722656,554.8900146484375,233.5500030517578,134.11697387695312,241.45155334472656,499.6783752441406,289.22723388671875,529.72998046875,84.35031127929688,130.90414428710938,43.29802322387695,30.39598274230957,43.31871032714844,339.7909240722656,64.24996948242188,12.649188041687012,28.87666893005371,133.63143920898438,43.08003234863281,46.29127883911133,3.5415306091308594,3.722254991531372,4.6248626708984375,18.02813720703125,53.22393798828125,30.799213409423828,121.22968292236328,216.90184020996097,315.13214111328125,540.2105102539062,52.337135314941406,124.68367004394533,100.98600769042967,148.6038360595703,33.76654815673828,120.8304214477539,108.88778686523438,55.65235900878906,38.172306060791016,251.4499969482422,85.77043151855469,62.191650390625,47.42504119873047,104.98772430419922,123.6150894165039,134.98751831054688,191.6924285888672
2023-08-08,178.25108337402344,321.6471252441406,139.94000244140625,131.21849060058594,311.1734619140625,149.43238830566406,236.1282501220703,44.6396369934082,438.2999877929687,112.73976135253906,34.44392395019531,113.2300033569336,136.74510192871094,50.33747482299805,238.0399932861328,89.7403335571289,11.477594375610352,36.167091369628906,113.23867797851562,159.45956420898438,67.07279205322266,69.0295639038086,180.98516845703125,86.01324462890625,91.89714813232422,673.7980346679688,211.15414428710935,63.403709411621094,63.189998626708984,56.189998626708984,88.04000091552734,58.400001525878906,45.15999984741211,11.5600004196167,84.62999725341797,139.5500030517578,56.779998779296875,26.790000915527344,10.539999961853027,82.5,42.001007080078125,90.99264526367188,143.9199981689453,35.930301666259766,83.72000122070312,103.7469482421875,37.7400016784668,17.040000915527344,145.8800048828125,71.4800033569336,66.58999633789062,138.69000244140625,105.73999786376952,156.3300018310547,370.19000244140625,88.04000091552734,51.09000015258789,67.55000305175781,196.1300048828125,210.07473754882812,552.8300170898438,227.5399932861328,132.9614715576172,239.0641632080078,495.2774963378906,287.69775390625,520.5999755859375,83.77269744873047,130.77476501464844,42.74069595336914,29.814380645751953,42.68541717529297,332.814697265625,63.81169891357422,12.802675247192385,28.91217803955078,133.25006103515625,43.03264236450195,46.38752365112305,3.532259702682495,3.722254991531372,4.569695472717285,17.90454864501953,56.159698486328125,31.100154876708984,120.96305847167967,214.5803070068359,313.83013916015625,537.9952392578125,52.389312744140625,123.77643585205078,101.48529052734376,148.38079833984375,33.70273208618164,121.55939483642578,109.9435577392578,56.17076873779297,38.355499267578125,249.6999969482422,87.0545654296875,62.045658111572266,47.38771057128906,106.15592193603516,125.57511138916016,136.70375061035156,190.62069702148438
2023-08-09,176.65493774414062,317.87872314453125,137.85000610351562,129.53646850585938,303.7782897949219,147.4288330078125,236.5920257568359,42.53078079223633,428.8999938964844,110.65577697753906,33.716094970703125,110.47000122070312,135.0767059326172,50.27106475830078,237.86000061035156,88.64969635009766,11.34392547607422,35.597686767578125,112.18962860107422,159.97601318359375,66.1308822631836,68.042724609375,179.2394256591797,82.85479736328125,91.4011459350586,666.9744873046875,208.7007598876953,63.21461868286133,62.02000045776367,55.20000076293945,84.33999633789062,59.689998626708984,44.11000061035156,10.399999618530272,82.37999725341797,137.8699951171875,56.16999816894531,26.18000030517578,10.4399995803833,79.87000274658203,42.14576721191406,91.60106658935548,142.92999267578125,35.571468353271484,83.4800033569336,104.18347930908205,29.459999084472656,15.25,145.4600067138672,69.94999694824219,63.59000015258789,140.3000030517578,106.73500061035156,154.07000732421875,360.0,86.76000213623047,50.70000076293945,66.55000305175781,192.33999633789065,204.3954162597656,550.3300170898438,225.55999755859375,133.84043884277344,240.96058654785156,491.21295166015625,283.07977294921875,513.780029296875,82.91101837158203,129.04306030273438,42.01041793823242,29.423463821411133,42.00486373901367,327.4917297363281,63.587703704833984,12.88393497467041,29.036457061767575,134.66802978515625,42.91889572143555,46.96495819091797,3.5786147117614746,3.722254991531372,4.597278594970703,16.714500427246094,55.17460632324219,30.85564422607422,119.58230590820312,213.34669494628903,314.2130432128906,541.45849609375,52.47410202026367,123.4173355102539,103.20919799804688,148.57598876953125,34.11295700073242,123.84098815917967,110.75204467773438,57.13079071044922,39.01115036010742,242.19000244140625,86.42237091064453,62.10405349731445,47.77973175048828,107.7951889038086,128.07057189941406,138.8925018310547,189.2274627685547
2023-08-10,176.4368438720703,318.5692443847656,138.55999755859375,129.59617614746094,304.3058166503906,147.20835876464844,237.4323883056641,42.364871978759766,429.9800109863281,110.54814910888672,34.10951232910156,110.2300033569336,135.79713439941406,50.631561279296875,238.2599945068359,89.7561264038086,10.835988998413086,33.536041259765625,111.26570129394533,160.25335693359375,64.88165283203125,68.07644653320312,179.14244079589844,82.09221649169922,92.19864654541016,672.2507934570312,206.3739776611328,63.488807678222656,62.790000915527344,56.470001220703125,83.38999938964844,60.58000183105469,44.599998474121094,11.039999961853027,82.38999938964844,135.97000122070312,55.900001525878906,25.920000076293945,10.220000267028809,78.20999908447266,41.77903366088867,95.8117218017578,143.8000030517578,36.34579086303711,84.72000122070312,104.03797149658205,30.61000061035156,15.40999984741211,147.86000061035156,72.08000183105469,63.290000915527344,144.3000030517578,107.02999877929688,155.02000427246094,359.6600036621094,90.72000122070312,50.290000915527344,67.47000122070312,197.47000122070312,206.76841735839844,555.0,227.8699951171875,136.18106079101562,241.2012481689453,495.9302062988281,287.6484375,515.8300170898438,82.98677062988281,129.07290649414062,41.96236801147461,29.499740600585938,41.91035079956055,325.3032531738281,63.09886169433594,12.793645858764648,29.3116397857666,134.6875762939453,43.535003662109375,46.58000564575195,3.64351224899292,3.769975900650024,4.643251419067383,17.03144645690918,54.61866760253906,31.006113052368164,117.47785949707033,214.53173828125,315.352294921875,543.190185546875,52.44792175292969,123.7197494506836,103.73675537109376,149.47747802734375,34.20150375366211,124.0682373046875,110.17184448242188,56.56437683105469,38.914737701416016,245.33999633789065,90.64026641845705,62.02619171142578,47.37836837768555,108.03070831298828,128.9406280517578,140.0784454345703,186.7429656982422
2023-08-11,176.4963836669922,316.6751708984375,138.41000366210938,129.55636596679688,300.2250671386719,148.06155395507812,237.3137359619141,40.832706451416016,421.6600036621094,110.61664581298828,34.316062927246094,107.56999969482422,135.6739044189453,51.03002166748047,235.72000122070312,90.57015991210938,10.818166732788086,33.27096939086914,110.30327606201172,158.95266723632812,63.8207893371582,64.66265106201172,177.6876678466797,80.8124771118164,89.46574401855469,656.352294921875,198.7997131347656,63.20515823364258,61.540000915527344,55.27000045776367,81.01000213623047,61.93000030517578,43.709999084472656,11.380000114440918,79.19000244140625,133.67999267578125,56.33000183105469,25.780000686645508,10.029999732971191,76.63999938964844,42.946800231933594,92.44126892089844,137.91000366210938,34.42887496948242,81.55000305175781,99.97344970703124,29.829999923706055,15.40999984741211,148.22000122070312,71.4000015258789,63.61000061035156,142.9499969482422,108.9800033569336,153.3699951171875,356.2200012207031,89.44000244140625,49.220001220703125,66.5999984741211,197.66000366210935,207.21519470214844,557.4400024414062,226.4600067138672,135.94403076171875,243.37684631347656,492.2710876464844,288.1319580078125,508.4500122070313,83.0435791015625,128.9435272216797,42.02002716064453,29.833452224731445,42.127742767333984,325.6186828613281,62.64913558959961,12.97421932220459,29.61345863342285,135.28411865234375,43.62978744506836,45.713844299316406,3.64351224899292,3.7127108573913574,4.542111873626709,17.059354782104492,55.43794631958008,30.818023681640625,117.34454345703124,217.2806701660156,316.9893493652344,544.6123046875,52.75556182861328,123.84259796142578,105.3476333618164,152.56314086914062,34.21995544433594,125.28001403808594,112.05511474609376,57.265193939208984,39.24256134033203,242.6499938964844,87.9336929321289,64.07977294921875,47.05168914794922,109.88665771484376,132.95626831054688,144.38839721679688,182.67044067382812
2023-08-14,178.15426635742188,319.66424560546875,140.57000732421875,131.2085418701172,304.7536926269531,148.3682861328125,240.1412353515625,43.729122161865234,427.7799987792969,113.07240295410156,35.09306335449219,111.9800033569336,134.52685546875,51.11539459228515,236.7100067138672,91.32095336914062,10.87163257598877,33.44768524169922,109.73544311523438,163.0460205078125,67.6974105834961,66.17317962646484,179.80194091796875,83.18301391601562,90.51611328125,661.083251953125,201.76905822753903,64.11280822753906,63.27000045776367,55.97999954223633,80.80999755859375,61.77000045776367,44.849998474121094,11.640000343322754,79.88999938964844,133.24000549316406,56.290000915527344,26.149999618530273,9.9399995803833,79.30000305175781,42.49320602416992,90.25868225097656,137.58999633789062,34.712162017822266,81.44999694824219,99.93464660644533,30.540000915527344,15.720000267028809,152.3699951171875,72.26000213623047,65.63999938964844,144.91000366210938,109.66999816894533,152.86000061035156,364.4100036621094,89.77999877929688,49.43000030517578,67.55000305175781,199.8699951171875,210.55130004882812,566.2100219726562,228.11000061035156,137.22792053222656,242.54896545410156,500.21240234375,290.3521423339844,522.25,82.6932373046875,130.70509338378906,42.029640197753906,29.49020767211914,41.683494567871094,322.7612609863281,60.40048599243164,12.87490463256836,29.790998458862305,136.41848754882812,44.13215255737305,45.232643127441406,3.64351224899292,3.693621873855591,4.606473445892334,16.738420486450195,55.359920501708984,30.159717559814453,117.9539794921875,219.41761779785156,315.8788757324219,543.1708984375,52.36283493041992,122.30224609375,105.43241119384766,152.4516143798828,33.83256149291992,124.47531127929688,111.94098663330078,57.1403923034668,38.86652374267578,239.7599945068359,87.72625732421875,63.36931228637695,46.9396858215332,108.03070831298828,130.50865173339844,143.2217254638672,180.7705841064453
2023-08-15,176.1588897705078,317.513671875,137.6699981689453,129.65589904785156,300.5335693359375,144.59127807617188,237.1061248779297,43.91602325439453,423.7000122070313,114.75523376464844,34.198036193847656,111.3499984741211,134.48892211914062,50.61259460449219,232.2599945068359,89.9774169921875,10.675585746765137,32.691749572753906,107.4833755493164,160.82720947265625,64.77257537841797,65.04549407958984,175.85462951660156,82.05520629882812,89.16425323486328,646.3549194335938,196.40478515625,61.928768157958984,59.470001220703125,55.34000015258789,79.18000030517578,61.220001220703125,44.08000183105469,12.079999923706056,78.83000183105469,129.85000610351562,54.77000045776367,25.700000762939453,9.5600004196167,75.86000061035156,42.05891418457031,88.45272827148438,135.33999633789062,33.9661750793457,78.83999633789062,99.59513092041016,29.770000457763672,15.369999885559082,149.6300048828125,72.26000213623047,62.11000061035156,142.7100067138672,107.83000183105467,151.10000610351562,367.3399963378906,88.5199966430664,48.540000915527344,66.05999755859375,193.1300048828125,207.2946319580078,559.5999755859375,230.88999938964844,135.98355102539062,241.595947265625,491.68756103515625,288.0924377441406,518.7000122070312,81.5853500366211,129.16249084472656,41.05912780761719,28.54629135131836,40.84226989746094,317.4765319824219,59.60857772827149,12.766559600830078,29.52468490600586,135.51881408691406,44.577640533447266,45.32888412475586,3.5971570014953613,3.626812219619751,4.514527797698975,16.650711059570312,54.35532760620117,29.94342041015625,120.03938293457033,217.4263610839844,317.9754638671875,540.3073120117188,52.09447479248047,119.1855926513672,102.7256088256836,147.99974060058594,33.269920349121094,122.25997161865234,110.3456573486328,55.99796676635742,38.075889587402344,232.9600067138672,85.99761962890625,61.85100936889648,45.91297149658203,106.8625030517578,125.38390350341795,138.21151733398438,179.30914306640625
2023-08-16,175.28529357910156,316.7425842285156,135.07000732421875,128.50135803222656,292.9095153808594,143.97775268554688,236.572265625,43.462276458740234,415.4500122070313,112.8473663330078,32.978431701660156,107.19000244140624,133.3229217529297,50.24259948730469,229.9499969482422,89.7561264038086,10.52409839630127,32.22051239013672,106.01087951660156,158.49359130859375,63.67205810546875,64.09931182861328,171.82972717285156,81.12705993652344,89.2614974975586,641.1381225585938,191.5370178222656,60.69020080566406,59.68000030517578,55.34000015258789,79.0,60.349998474121094,43.650001525878906,11.359999656677246,79.79000091552734,128.8300018310547,51.56999969482422,26.209999084472656,9.15999984741211,73.94999694824219,41.43159866333008,86.06733703613281,130.5800018310547,32.93689727783203,79.0199966430664,98.48927307128906,29.239999771118164,15.449999809265137,149.0,72.37000274658203,60.849998474121094,140.1300048828125,106.98500061035156,149.69000244140625,358.8299865722656,90.5999984741211,48.36000061035156,65.375,186.97000122070312,205.5173797607422,549.5,230.41000366210935,135.71688842773438,241.52853393554688,490.1745300292969,286.9576721191406,514.489990234375,81.42436981201172,128.08761596679688,40.56907272338867,27.92654800415039,40.303497314453125,314.5140075683594,59.100189208984375,12.730445861816406,29.5335636138916,135.19610595703125,43.92362976074219,44.46273040771485,3.5786147117614746,3.5886356830596924,4.45016622543335,16.393566131591797,53.85791015625,29.435585021972656,116.81129455566406,215.7847900390625,318.8275451660156,540.8297119140625,52.120662689208984,122.71206665039062,100.9970474243164,147.43280029296875,33.103885650634766,121.74874114990234,109.51454162597656,55.46035385131836,37.883056640625,225.6000061035156,85.29627990722656,60.877742767333984,45.28760528564453,106.71176147460938,125.19268798828124,137.0292510986328,176.8636474609375
2023-08-17,172.73399353027344,313.2627868652344,133.97999572753906,129.8450164794922,283.7526550292969,142.4822998046875,234.67404174804688,43.32034683227539,403.0,112.39730072021484,32.0440673828125,104.44000244140624,133.3418731689453,51.921783447265625,224.5399932861328,87.69340515136719,10.541919708251951,32.318695068359375,105.9435043334961,158.5318603515625,63.0176887512207,64.32445526123047,170.2003631591797,80.55342102050781,89.1253433227539,639.0553588867188,189.3854827880859,61.38984680175781,58.599998474121094,53.220001220703125,75.55999755859375,58.68000030517578,43.970001220703125,11.0600004196167,77.87999725341797,127.98999786376952,50.68000030517578,26.700000762939453,9.039999961853027,74.97000122070312,41.450904846191406,87.54492950439453,129.8699951171875,32.82358169555664,79.66000366210938,98.40198516845705,27.850000381469727,14.149999618530272,144.3800048828125,70.70999908447266,58.310001373291016,135.64999389648438,103.78500366210938,146.94000244140625,351.1700134277344,90.29000091552734,47.619998931884766,65.36000061035156,185.33999633789065,202.38980102539065,543.6400146484375,224.05999755859375,132.67506408691406,240.93170166015625,481.0762023925781,276.68560791015625,511.6700134277344,81.23499298095703,129.3018035888672,40.809295654296875,27.91701316833496,40.13336181640625,312.9945373535156,58.43537521362305,12.649188041687012,29.347148895263672,133.35763549804688,43.82884216308594,43.307857513427734,3.5786147117614746,3.598179578781128,4.496138572692871,16.425458908081055,53.50678634643555,29.11583709716797,111.45970153808594,211.8993682861328,313.32275390625,529.2789306640625,50.95231246948242,124.00830078125,102.95355224609376,149.90065002441406,33.288360595703125,122.81855010986328,111.5111083984375,55.575557708740234,37.86376190185547,219.22000122070312,84.87152862548828,61.471431732177734,45.79163360595703,108.01451110839844,126.22527313232422,138.0855712890625,177.9840850830078
2023-08-18,173.22042846679688,312.8673400878906,133.22000122070312,127.50607299804688,281.9212951660156,142.80819702148438,235.46498107910156,43.27537155151367,404.5299987792969,113.9431610107422,32.211265563964844,105.4499969482422,134.0528564453125,52.215877532958984,226.6499938964844,88.34937286376953,10.65776538848877,32.515037536621094,105.9627456665039,159.2300262451172,63.04743194580078,64.75885772705078,170.45252990722656,80.43069458007812,88.60015869140625,649.9552612304688,191.3715057373047,60.84146499633789,59.41999816894531,53.13999938964844,73.19000244140625,59.310001373291016,44.689998626708984,11.130000114440918,77.81999969482422,125.05999755859376,50.869998931884766,26.450000762939453,9.18000030517578,73.77999877929688,41.489505767822266,85.0146713256836,125.16000366210938,31.2655029296875,76.9800033569336,95.3463134765625,27.510000228881836,14.399999618530272,146.8000030517578,71.7249984741211,58.97999954223633,136.2100067138672,104.84500122070312,147.6300048828125,350.8299865722656,93.62999725341795,48.279998779296875,66.29000091552734,186.3000030517578,203.3727264404297,541.5,224.4199981689453,133.6824188232422,241.6729736328125,480.5915222167969,277.5934143066406,508.1300048828125,80.38277435302734,126.85352325439452,40.8381233215332,27.75492477416992,39.93487548828125,310.5193786621094,58.19095230102539,12.685302734375,29.453670501708984,133.13272094726562,43.37386703491211,43.21161651611328,3.587885856628418,3.6363563537597656,4.514527797698975,16.47728729248047,53.57506561279297,29.209882736206055,111.41209411621094,213.0650177001953,313.40887451171875,527.1795654296875,51.68539047241211,125.05671691894533,104.51114654541016,150.979736328125,33.42671585083008,123.6706085205078,112.04607391357422,55.709957122802734,37.989112854003906,215.4900054931641,84.91104125976562,62.35710144042969,46.659671783447266,108.6326141357422,127.716796875,140.1497039794922,178.67584228515625
2023-08-21,174.5605926513672,318.2057189941406,134.67999267578125,128.32220458984375,288.54010009765625,143.29710388183594,236.7403106689453,46.941375732421875,408.2900085449219,114.0703582763672,32.594852447509766,108.22000122070312,134.87759399414062,52.59535217285156,227.22000122070312,88.53114318847656,10.666677474975586,32.66230010986328,106.5209732055664,160.62635803222656,63.41427993774414,66.3755111694336,171.87820434570312,84.25823211669922,90.02009582519531,657.086181640625,196.2879638671875,61.928768157958984,59.5099983215332,53.93000030517578,75.27999877929688,60.560001373291016,44.630001068115234,11.100000381469728,76.5999984741211,124.0,49.130001068115234,27.520000457763672,9.359999656677246,73.31999969482422,41.53776168823242,85.53617095947266,124.91999816894533,31.369373321533203,78.05999755859375,97.39311981201172,26.959999084472656,14.5,153.89999389648438,72.94000244140625,58.56999969482422,142.77999877929688,120.40499877929688,151.8800048828125,358.6000061035156,94.69000244140624,47.970001220703125,67.2699966430664,184.1499938964844,207.54286193847656,554.7000122070312,227.22999572753903,135.0157012939453,241.730712890625,482.86614990234375,279.8925476074219,520.469970703125,79.77676391601562,127.75917053222656,40.828514099121094,27.79306411743164,39.76473236083984,307.7767333984375,58.073638916015625,12.730445861816406,29.293886184692383,132.55575561523438,43.46865463256836,42.345455169677734,3.5971570014953613,3.6363563537597656,4.542111873626709,16.461341857910156,54.66743469238281,29.426183700561523,110.29798126220705,211.35543823242188,310.24005126953125,525.5059204101562,51.54793930053711,121.79708099365234,103.24797058105467,150.47300720214844,33.74032211303711,123.42444610595705,111.96964263916016,55.143550872802734,37.60343170166016,231.27999877929688,84.83201599121094,62.02619171142578,46.82768630981445,107.76729583740234,125.40303802490234,138.43443298339844,183.2355499267578
2023-08-22,175.9405059814453,318.779052734375,134.25,129.07862854003906,286.2508850097656,140.32533264160156,237.8377227783203,45.64308166503906,413.1700134277344,114.0214385986328,32.348960876464844,105.66000366210938,134.12869262695312,52.61432647705078,230.07000732421875,88.24662780761719,10.57756519317627,32.32851028442383,105.3564224243164,159.82298278808594,62.86896896362305,66.13548278808594,171.33511352539062,83.34761047363281,89.7088851928711,662.0452270507812,194.3798065185547,62.2974967956543,60.97999954223633,53.959999084472656,74.9000015258789,60.22999954223633,44.349998474121094,10.8100004196167,77.83999633789062,127.08000183105467,49.900001525878906,26.969999313354492,9.25,73.4800033569336,41.759727478027344,85.06295776367188,128.36000061035156,31.4260311126709,77.48999786376953,98.80940246582033,26.6200008392334,14.670000076293944,152.3300018310547,71.37999725341797,59.79999923706055,141.89999389648438,117.27999877929688,152.5800018310547,362.0400085449219,93.69000244140624,47.869998931884766,65.83000183105469,190.0399932861328,205.28900146484375,561.8200073242188,226.2599945068359,136.75387573242188,240.2097320556641,482.51019287109375,283.06005859375,519.47998046875,78.57418823242188,128.4658203125,39.87722396850586,27.116117477416992,38.77226638793945,304.6517028808594,55.19928359985352,12.87490463256836,29.471426010131836,132.17437744140625,43.19377899169922,41.09434127807617,3.587885856628418,3.626812219619751,4.551305294036865,16.325790405273438,54.4235954284668,29.172264099121097,110.98358917236328,219.2719268798828,310.64215087890625,520.8237915039062,51.38430404663086,119.08074951171876,102.66862487792967,149.23440551757812,33.54662322998047,122.3546371459961,110.95703125,54.15473175048828,37.19847869873047,233.19000244140625,84.74311065673828,61.22811508178711,46.426326751708984,107.39643096923828,125.14488983154295,138.53135681152344,183.3232421875
2023-08-23,179.80218505859375,323.2672424316406,135.52000427246094,132.58201599121094,292.8597412109375,141.27438354492188,239.54806518554688,47.090293884277344,427.5499877929687,115.29332733154295,33.4210319519043,109.43000030517578,135.94879150390625,53.107643127441406,228.5800018310547,89.6771011352539,10.65776538848877,32.94700622558594,106.9925308227539,162.4243927001953,64.63378143310547,67.25324249267578,172.13037109375,85.37239074707031,91.63455200195312,671.5664672851562,195.78172302246097,62.552791595458984,61.7599983215332,56.72999954223633,77.77999877929688,61.529998779296875,45.13999938964844,10.720000267028809,77.33999633789062,128.1300048828125,50.08000183105469,27.290000915527344,9.239999771118164,73.08000183105469,42.36774063110352,86.7626724243164,132.50999450683594,31.926504135131836,77.91999816894531,99.56603240966795,26.420000076293945,15.300000190734863,153.80999755859375,73.51000213623047,63.11000061035156,145.47000122070312,117.83000183105467,155.6999969482422,370.739990234375,95.44000244140624,48.15999984741211,68.16999816894531,191.69000244140625,207.64215087890625,568.0,230.22000122070312,138.40318298339844,241.54782104492188,495.3269958496094,286.03021240234375,530.7100219726562,78.96240997314453,131.74014282226562,39.98292922973633,27.125652313232425,38.82898712158203,308.0346984863281,56.72444534301758,12.784616470336914,29.462549209594727,133.31851196289062,43.08951187133789,39.74698638916016,3.64351224899292,3.655444860458374,4.560500621795654,16.46731948852539,55.428199768066406,29.29452133178711,111.57396697998048,220.68038940429688,312.1834411621094,523.2325439453125,51.74102783203125,117.43187713623048,101.76634979248048,149.4314727783203,33.205345153808594,122.0232925415039,110.6322250366211,55.575557708740234,37.33346176147461,236.86000061035156,84.78262329101562,60.167259216308594,46.052974700927734,106.74981689453124,123.69158172607422,138.8220672607422,186.85015869140625
2023-08-24,175.0966796875,316.3175048828125,131.83999633789062,129.80519104003906,285.4048767089844,141.1401824951172,236.7501983642578,47.137264251708984,406.9299926757813,110.46989440917967,32.05389404296875,101.8000030517578,136.08154296875,52.40561294555664,217.30999755859375,87.75663757324219,10.470630645751951,32.2794189453125,104.43250274658205,158.3692626953125,63.146575927734375,65.05541229248047,168.45462036132812,83.21807861328125,89.99092864990234,642.5068359375,188.6942443847656,61.36148452758789,60.709999084472656,55.459999084472656,73.66000366210938,59.15999984741211,44.68000030517578,10.579999923706056,76.12999725341797,124.72000122070312,50.15999984741211,26.739999771118164,9.369999885559082,71.62000274658203,41.6342658996582,86.05768585205078,134.00999450683594,31.180513381958008,78.2699966430664,95.63732147216795,26.549999237060547,14.140000343322754,145.4499969482422,71.37000274658203,59.900001525878906,139.74000549316406,113.7249984741211,147.6699981689453,360.75,91.8499984741211,46.689998626708984,66.94999694824219,184.02000427246097,204.04788208007812,549.5399780273438,224.8699951171875,133.89968872070312,240.4696502685547,492.9930114746094,280.81024169921875,512.4299926757812,79.00977325439453,129.16249084472656,39.809959411621094,27.287738800048828,38.82898712158203,305.7698059082031,56.5484619140625,12.775588035583496,29.63121032714844,130.37501525878906,42.88098907470703,38.59210586547851,3.64351224899292,3.598179578781128,4.496138572692871,16.156352996826172,55.311153411865234,28.918344497680664,110.35511016845705,216.5813140869141,308.8327331542969,515.3527221679688,51.34503555297851,118.2801513671875,101.00653839111328,148.20223999023438,32.99320602416992,118.98431396484376,109.66738891601562,54.519535064697266,36.87065124511719,230.0399932861328,81.46363067626953,59.7098274230957,45.58628463745117,106.87342834472656,123.77764129638672,139.1612548828125,185.8369140625
2023-08-25,177.31044006347656,319.29315185546875,133.25999450683594,130.0738983154297,284.1607666015625,140.9676513671875,239.81500244140625,45.992897033691406,416.0299987792969,113.5518035888672,32.70303726196289,102.25,137.78790283203125,52.84201431274414,223.41000366210935,88.49163055419922,10.613210678100586,32.34814453125,106.17447662353516,160.49244689941406,63.17631912231445,65.48585510253906,172.78988647460938,82.96095275878906,90.5452880859375,645.670654296875,191.0112762451172,60.90765380859375,61.189998626708984,55.540000915527344,74.26000213623047,59.369998931884766,43.959999084472656,10.220000267028809,78.0199966430664,125.79000091552734,49.970001220703125,26.90999984741211,9.25,72.30999755859375,42.06856155395508,86.74336242675781,133.8300018310547,31.12385368347168,79.91000366210938,95.80224609375,26.809999465942383,14.529999732971191,149.5800018310547,72.2300033569336,62.20000076293945,142.75999450683594,115.37999725341795,152.5500030517578,363.4599914550781,92.5999984741211,48.290000915527344,67.69999694824219,191.02000427246097,207.97970581054688,563.6500244140625,236.97000122070312,135.7563934326172,243.59825134277344,513.3159790039062,282.9692077636719,525.0599975585938,78.80145263671875,129.26199340820312,39.61778259277344,27.173324584960938,38.9802131652832,305.95135498046875,56.85154724121094,12.739474296569824,29.604578018188477,130.40435791015625,43.09899139404297,38.88083267211914,3.64351224899292,3.626812219619751,4.551305294036865,16.166318893432617,54.823490142822266,29.00298500061035,108.5934600830078,216.6784210205078,309.0912170410156,517.5819091796875,51.64938735961914,116.0784683227539,102.8110809326172,149.3094940185547,33.34370040893555,120.30973052978516,111.31049346923828,54.20272445678711,36.78387451171875,238.58999633789065,82.34276580810547,60.18672561645508,47.07036209106445,108.29978942871094,127.2770004272461,139.5294952392578,184.86260986328125
2023-08-28,178.8789520263672,320.0049133300781,133.13999938964844,131.16871643066406,288.8984375,141.45652770996094,241.06068420410156,46.809444427490234,418.05999755859375,114.31495666503906,33.066951751708984,102.61000061035156,138.4230194091797,53.31636047363281,227.05999755859375,90.0643539428711,10.60429859161377,32.515037536621094,107.4833755493164,161.34364318847656,64.75275421142578,66.08589172363281,174.8944549560547,83.8628158569336,91.42059326171876,653.585205078125,193.9611663818359,62.46768951416016,61.66999816894531,56.310001373291016,73.70999908447266,58.56999969482422,44.150001525878906,10.279999732971191,78.5,126.15499877929688,50.4900016784668,27.11000061035156,9.449999809265137,72.23999786376953,42.33879470825195,89.0804672241211,137.27999877929688,31.926504135131836,80.76000213623047,100.42938232421876,27.100000381469727,14.640000343322754,144.02999877929688,72.12000274658203,61.83000183105469,141.33999633789062,116.20999908447266,148.75,354.32000732421875,92.54000091552734,47.7400016784668,67.56999969482422,191.3999938964844,210.21372985839844,568.3099975585938,236.3000030517578,136.62548828125,244.88819885253903,513.1380615234375,284.2140808105469,529.9199829101562,79.89984893798828,130.38661193847656,40.24237060546875,27.42121696472168,39.05583190917969,311.5133056640625,57.7314453125,12.829761505126951,29.782115936279297,132.1939239501953,43.58238983154297,39.45826721191406,3.7176802158355713,3.6745336055755615,4.597278594970703,16.359678268432617,55.77931213378906,29.46379852294922,108.60298919677734,216.3384552001953,312.0111389160156,519.69482421875,51.94393539428711,117.64157104492188,103.67536163330078,150.33229064941406,33.79566192626953,120.63160705566406,112.26576232910156,55.51795959472656,37.32381820678711,238.82000732421875,83.13300323486328,60.57603073120117,47.20103073120117,107.57711029052734,125.82373809814452,138.60888671875,184.76516723632812
2023-08-29,182.7803649902344,324.6611633300781,134.91000366210938,134.8512725830078,296.5921630859375,142.6068878173828,242.5535430908203,48.75738525390625,429.989990234375,118.04261779785156,33.745601654052734,105.91999816894533,138.8306427001953,53.65789031982422,227.25,91.1470947265625,10.737966537475586,32.84882736206055,109.50446319580078,163.24688720703125,66.1110610961914,67.90386962890625,177.0572509765625,86.6725845336914,92.47096252441406,662.0352783203125,199.73434448242188,62.77970123291016,62.5,58.79999923706055,84.69999694824219,60.529998779296875,45.349998474121094,10.770000457763672,81.95999908447266,132.25,50.97999954223633,27.36000061035156,9.890000343322754,74.4000015258789,42.7730827331543,90.80915832519533,140.7100067138672,32.57806396484375,93.22000122070312,101.76805877685548,27.760000228881836,15.399999618530272,146.6999969482422,71.86000061035156,63.22999954223633,144.38999938964844,116.95999908447266,153.3000030517578,367.3800048828125,93.80999755859376,47.95000076293945,68.80999755859375,198.8999938964844,210.45201110839844,578.8699951171875,241.6699981689453,138.31430053710938,244.8497009277344,530.5633544921875,289.5397033691406,540.5700073242188,81.00773620605469,133.92970275878906,40.3576774597168,27.81213760375977,39.43391036987305,317.8014221191406,58.12251663208008,13.335368156433104,30.79408836364746,133.71946716308594,44.340675354003906,41.190574645996094,3.801119089126587,3.769975900650024,4.707612991333008,16.46731948852539,55.10633087158203,29.501419067382812,111.00263214111328,219.92271423339844,315.3331604003906,526.0723876953125,52.37919616699219,120.24354553222656,104.2927017211914,150.09771728515625,34.21995544433594,121.03870391845705,112.39952850341795,55.892364501953125,37.36238479614258,257.17999267578125,83.37007904052734,60.73175048828125,47.350372314453125,107.15870666503906,125.6229476928711,138.8414306640625,192.66671752929688
2023-08-30,186.28468322753903,325.03680419921875,135.07000732421875,136.28448486328125,293.7157287597656,142.03172302246094,243.43341064453125,49.23712158203125,434.6700134277344,118.5024642944336,33.96198272705078,106.58999633789062,139.21932983398438,53.895057678222656,228.8500061035156,90.34095764160156,10.72014331817627,32.78010177612305,109.78553771972656,161.8505401611328,67.509033203125,68.09032440185547,176.0970916748047,86.90144348144531,92.17919158935548,664.0685424804688,200.435302734375,64.45318603515625,63.41999816894531,60.0099983215332,83.83000183105469,61.9900016784668,46.5099983215332,11.68000030517578,82.7300033569336,130.61000061035156,52.5,27.290000915527344,10.119999885559082,74.31999969482422,43.18807601928711,90.44216918945312,145.0800018310547,32.07759475708008,98.13999938964844,100.92410278320312,28.18000030517578,16.329999923706055,149.17999267578125,73.56999969482422,64.41000366210938,147.27999877929688,118.9499969482422,155.33999633789062,375.5199890136719,94.16000366210938,48.880001068115234,68.66999816894531,202.2599945068359,213.51007080078125,588.239990234375,243.13999938964844,138.89698791503906,245.40802001953125,534.6082763671875,290.15234375,545.3599853515625,80.7331314086914,135.23345947265625,39.91566467285156,27.688186645507812,39.10309219360352,316.6258239746094,58.44514846801758,13.2992525100708,30.74970436096191,134.35508728027344,44.66294860839844,44.0777702331543,3.8196613788604736,3.7986087799072266,4.7351975440979,16.415491104125977,54.31631088256836,27.54531478881836,113.57366943359376,223.71095275878903,318.5511779785156,525.5780639648438,52.75556182861328,120.99649047851562,105.3089370727539,150.30410766601562,34.39521408081055,120.96296691894533,113.3930206298828,56.64117431640625,37.51665496826172,256.8999938964844,83.25153350830078,60.95560836791992,47.2850341796875,108.0715789794922,125.68028259277344,138.7154541015625,193.48512268066406
2023-08-31,186.5030517578125,324.0185852050781,138.00999450683594,136.70252990722656,294.50201416015625,140.27740478515625,242.88967895507812,49.32807540893555,433.6799926757813,117.78823852539062,34.56195068359375,105.72000122070312,139.1908721923828,54.4073486328125,224.02999877929688,90.4595184326172,10.809256553649902,32.98682403564453,111.0067901611328,160.73155212402344,69.34325408935547,69.6643295288086,176.30075073242188,89.88264465332031,91.00238800048828,655.1126708984375,200.2795257568359,66.93035125732422,62.5099983215332,66.48999786376953,79.5999984741211,63.709999084472656,47.22999954223633,11.779999732971191,84.12999725341797,131.5500030517578,52.15999984741211,27.489999771118164,10.350000381469728,73.56999969482422,43.459815979003906,89.71785736083984,142.8300018310547,31.359928131103516,98.97000122070312,100.3808822631836,28.290000915527344,14.979999542236328,163.02999877929688,83.51000213623047,65.02999877929688,156.0500030517578,121.6500015258789,156.85000610351562,381.2999877929687,96.4800033569336,50.29999923706055,71.02999877929688,204.05999755859375,219.8844451904297,588.8300170898438,244.5,137.95875549316406,245.09999084472656,535.8245849609375,291.3181457519531,559.3400268554688,80.62896728515625,135.52206420898438,39.67543411254883,27.56320571899414,39.0274772644043,315.7874450683594,57.829219818115234,13.353424072265623,31.05152130126953,133.2402801513672,44.32172775268555,42.345455169677734,3.7918484210968018,3.808152914047241,4.744391441345215,16.582937240600586,54.852752685546875,27.94029235839844,113.40227508544922,223.87611389160156,318.2331848144531,532.3821411132812,53.21700668334961,120.61524963378906,105.60336303710938,151.16738891601562,34.29374694824219,121.76766967773438,113.70826721191406,56.6027717590332,37.23704147338867,258.0799865722656,82.65886688232422,61.111328125,47.6863899230957,108.55654907226562,124.19833374023438,138.35691833496094,193.60205078125
2023-09-01,188.08148193359375,324.9082946777344,138.1199951171875,136.1551055908203,294.9897155761719,140.7471466064453,245.2920684814453,48.4825325012207,439.8800048828125,118.31655883789062,36.00776672363281,109.4499969482422,140.24313354492188,54.87220001220703,223.3999938964844,90.28563690185548,10.818166732788086,33.016361236572266,111.84032440185548,162.4243927001953,69.78942108154297,69.62068176269531,177.77220153808594,84.97698211669922,90.63282012939452,657.086181640625,204.40740966796875,69.68167877197266,63.56999969482422,66.70999908447266,77.98999786376953,65.41999816894531,47.040000915527344,12.34000015258789,84.04000091552734,132.69000244140625,52.52000045776367,27.649999618530273,10.4399995803833,74.63500213623047,43.7703857421875,91.7555923461914,146.47000122070312,32.200347900390625,103.29000091552734,101.3218231201172,28.440000534057617,15.18000030517578,161.22999572753906,86.16000366210938,63.9900016784668,158.3800048828125,121.36000061035156,157.0800018310547,392.8800048828125,97.7300033569336,51.66999816894531,71.72000122070312,204.4499969482422,219.9539337158203,590.8800048828125,248.4900054931641,136.4773406982422,246.19741821289065,543.5286254882812,292.25689697265625,563.2100219726562,81.1971206665039,135.01451110839844,40.0213623046875,27.861238479614254,39.311038970947266,315.48876953125,59.14907455444336,13.22702407836914,30.94500160217285,134.29641723632812,43.345428466796875,43.307857513427734,3.801119089126587,3.808152914047241,4.7260026931762695,16.995567321777344,66.50798797607422,28.56098175048828,114.89730072021484,225.8479461669922,320.91162109375,527.5068969726562,52.87664794921875,119.633544921875,107.8162841796875,154.1701202392578,35.16999816894531,124.00193786621094,116.67921447753906,57.716400146484375,38.384429931640625,245.0099945068359,80.64375305175781,62.8437385559082,49.394474029541016,111.41880798339844,127.716796875,141.4483184814453,195.1121826171875
2023-09-05,188.31976318359375,329.74249267578125,137.27000427246094,136.06553649902344,298.7420349121094,139.19415283203125,242.5535430908203,48.52151107788086,448.6799926757813,121.30065155029295,36.10612106323242,110.77999877929688,140.42323303222656,54.32196044921875,222.57000732421875,89.2108154296875,10.77361011505127,32.76042175292969,112.96465301513672,162.33831787109375,69.69026184082031,69.50267028808594,176.90492248535156,84.9428939819336,92.00411987304688,658.1177368164062,202.08062744140625,67.02489471435547,63.7400016784668,65.80000305175781,77.5,65.69000244140625,46.54999923706055,11.84000015258789,83.68000030517578,142.2899932861328,52.380001068115234,28.780000686645508,10.460000038146973,72.81999969482422,42.9842643737793,91.40792083740234,142.60000610351562,32.35143280029297,101.05999755859376,98.3631820678711,29.1299991607666,15.210000038146973,165.42999267578125,87.16999816894531,65.30999755859375,162.74000549316406,122.53500366210938,159.3800048828125,394.1300048828125,98.0,52.27000045776367,73.27999877929688,205.91000366210935,217.1341552734375,597.1599731445312,247.2100067138672,135.9637908935547,243.40574645996097,544.4977416992188,290.6068115234375,564.8800048828125,80.33543395996094,135.1239776611328,39.91566467285156,27.543975830078125,39.0936393737793,311.9715576171875,58.347381591796875,13.073534965515137,30.44788360595703,133.86614990234375,42.23644256591797,41.190574645996094,3.8752872943878174,3.817697048187256,4.7903642654418945,16.8520450592041,66.42020416259766,28.344680786132812,109.2505111694336,223.8275451660156,315.8052673339844,527.9721069335938,52.45119857788086,119.31903076171876,107.8257827758789,156.19692993164062,35.419036865234375,126.28356170654295,117.33837890625,58.04417037963867,39.40092086791992,256.489990234375,80.19924926757812,64.41069030761719,49.93583297729492,111.0099105834961,127.2770004272461,142.47555541992188,195.63832092285156
2023-09-06,181.5791473388672,329.08013916015625,135.36000061035156,134.73182678222656,297.7666320800781,138.9640655517578,243.36424255371097,47.0391960144043,445.760009765625,121.6430892944336,36.37167739868164,109.27999877929688,140.3568878173828,54.22710037231445,217.9499969482422,89.05274200439453,10.755788803100586,32.307594299316406,111.15216827392578,160.7220001220703,69.80924224853516,69.05337524414062,177.52859497070312,84.95264434814453,89.72834014892578,660.5773315429688,202.29476928710935,67.34635162353516,62.79999923706055,65.81999969482422,78.04000091552734,66.08000183105469,45.900001525878906,10.970000267028809,82.58999633789062,141.77000427246094,52.04999923706055,27.649999618530273,9.630000114440918,72.73999786376953,42.819278717041016,91.21476745605467,141.86000061035156,31.907621383666992,101.58999633789062,97.21851348876952,29.09000015258789,15.300000190734863,166.22999572753906,87.5,63.9900016784668,158.35000610351562,122.6050033569336,157.49000549316406,382.260009765625,97.66000366210938,52.779998779296875,74.0,206.3999938964844,220.0432891845703,598.510009765625,248.41000366210935,137.02053833007812,241.6729736328125,544.8635864257812,289.6385192871094,561.9400024414062,79.69153594970703,133.82022094726562,39.41600036621094,27.29401397705078,39.10309219360352,309.4468688964844,56.96886444091797,13.190908432006836,30.341365814208984,131.1671142578125,42.5871467590332,41.28681945800781,3.7176802158355713,3.8654186725616455,4.854726314544678,17.043407440185547,68.73175048828125,28.335275650024418,111.35496520996094,223.0310211181641,314.0903015136719,529.8718872070312,52.84391784667969,117.90843200683594,108.7565460205078,156.35647583007812,35.81565856933594,126.02792358398438,117.5676498413086,58.805755615234375,39.57516860961914,251.9199981689453,79.99181365966797,63.816993713378906,49.926509857177734,110.91481018066406,128.14706420898438,143.3186492919922,184.95030212402344
2023-09-07,176.26808166503906,326.14404296875,137.85000610351562,135.5579376220703,297.2690124511719,137.775390625,244.3330841064453,46.21957778930664,443.1400146484375,122.38665771484376,37.551944732666016,106.58999633789062,139.844970703125,53.87607955932617,216.0500030517578,88.34937286376953,10.65776538848877,32.06150817871094,103.12688446044922,157.5276336669922,69.27385711669922,67.11538696289062,173.90357971191406,83.46836853027344,87.5789794921875,632.55908203125,198.61476135253903,59.98108673095703,61.650001525878906,64.77999877929688,81.79000091552734,66.87000274658203,46.27000045776367,10.789999961853027,82.0199966430664,143.27000427246094,51.619998931884766,28.0,9.720000267028809,69.08999633789062,41.8487548828125,86.88822174072266,137.07000732421875,30.538394927978516,96.61000061035156,95.50711059570312,28.790000915527344,15.210000038146973,166.63999938964844,87.68000030517578,63.529998779296875,161.02000427246094,122.72000122070312,159.83999633789062,377.5400085449219,96.68000030517578,52.130001068115234,73.68000030517578,206.9199981689453,220.94680786132812,599.3200073242188,250.47000122070312,138.2155303955078,241.98252868652344,547.4942626953125,285.15277099609375,560.4600219726562,79.38851928710938,134.6164093017578,38.84906768798828,27.044050216674805,38.4981575012207,310.2467041015625,56.52891159057617,13.190908432006836,30.012916564941406,134.2475128173828,42.5018424987793,40.516902923583984,3.7825772762298584,3.884506940841675,4.78117036819458,16.989585876464844,67.27849578857422,27.57352638244629,112.44050598144533,226.9164123535156,316.4219055175781,531.742431640625,53.49846267700195,118.62326049804688,108.22469329833984,156.3658447265625,35.5204963684082,124.54157257080078,116.26844787597656,58.64187240600586,39.76878356933594,251.4900054931641,79.5868148803711,63.0167236328125,49.00245666503906,112.92125701904295,130.26962280273438,146.22589111328125,182.74839782714844
2023-09-08,176.88356018066406,330.4542236328125,138.22999572753906,136.55322265625,296.49261474609375,137.8808135986328,244.4813995361328,45.55088424682617,442.7999877929687,123.59008026123048,37.384735107421875,106.08999633789062,139.99664306640625,53.76224136352539,211.27000427246097,88.29405212402344,10.96074676513672,32.43557357788086,102.87488555908205,157.4798126220703,69.5811996459961,66.33980560302734,172.93885803222656,83.5190200805664,87.18023681640625,622.71044921875,197.68014526367188,61.80586242675781,60.97999954223633,63.0099983215332,82.08999633789062,65.4800033569336,47.2400016784668,10.81999969482422,82.16999816894531,145.82000732421875,50.90999984741211,27.549999237060547,9.390000343322754,67.12999725341797,42.149620056152344,86.96548461914062,135.6699981689453,30.595054626464844,95.33999633789062,95.9556884765625,29.010000228881836,15.130000114440918,168.08999633789062,87.37999725341797,62.68000030517578,160.77000427246094,124.37000274658205,165.9499969482422,377.2900085449219,97.66000366210938,50.209999084472656,72.05999755859375,206.6000061035156,223.1609344482422,600.0700073242188,250.6300048828125,138.71922302246094,241.25694274902344,544.4779663085938,280.91400146484375,560.3599853515625,80.41117858886719,135.7310791015625,39.39677429199219,27.265172958374023,38.36583709716797,313.6771545410156,58.00519561767578,13.00130558013916,29.69335174560547,134.58981323242188,42.68193435668945,40.99810028076172,3.7918484210968018,3.855874300003052,4.707612991333008,16.78825569152832,68.7610092163086,27.695783615112305,113.0023193359375,224.6628875732422,316.7012634277344,534.2333984375,53.59663009643555,117.8893814086914,109.80127716064452,156.9007110595703,35.66807556152344,125.65872192382812,117.2332992553711,58.0056037902832,39.96240234375,248.5,80.58448791503906,63.70965194702149,49.15180206298828,116.2304458618164,135.82460021972656,150.50929260253906,179.68910217285156
2023-09-11,178.05499267578125,334.0823974609375,143.10000610351562,137.09068298339844,306.1172790527344,138.4847869873047,244.41217041015625,45.15707015991211,445.3599853515625,123.97164154052734,37.955196380615234,105.31999969482422,140.6602325439453,53.92352294921875,211.0099945068359,90.30145263671876,10.88945770263672,32.11072540283203,106.88751983642578,158.6083526611328,69.43248748779297,65.82405853271484,173.11424255371094,83.67387390136719,87.14132690429688,622.561767578125,198.11822509765625,60.803653717041016,61.93000030517578,64.55999755859375,80.62000274658203,66.70999908447266,48.939998626708984,11.329999923706056,83.29000091552734,147.3300018310547,51.09000015258789,27.90999984741211,9.4399995803833,64.81999969482422,42.22726058959961,85.67137908935547,138.13999938964844,30.14179229736328,97.4000015258789,98.8909149169922,28.549999237060547,15.789999961853027,172.2899932861328,90.08000183105467,65.45999908447266,165.0500030517578,126.56999969482422,170.1699981689453,394.2799987792969,101.87999725341795,47.0099983215332,71.77999877929688,214.02999877929688,223.70703125,605.9400024414062,252.2100067138672,137.44520568847656,240.12501525878903,543.2318725585938,282.534423828125,564.5,79.0760498046875,136.2685089111328,39.71387481689453,27.380538940429688,38.36583709716797,312.83880615234375,58.484256744384766,13.109651565551758,30.12831687927246,137.16171264648438,42.89993667602539,40.709381103515625,3.8752872943878174,3.884506940841675,4.753586292266846,16.983606338500977,70.38006591796875,27.799230575561523,114.04027557373048,225.26513671875,316.3737487792969,541.5899658203125,53.78317642211914,116.91719818115234,108.42413330078124,153.66339111328125,35.612735748291016,123.23509979248048,115.05522918701172,58.58402633666992,40.00112533569336,273.5799865722656,81.51300811767578,62.30428314208984,47.39704132080078,116.33502960205078,137.43084716796875,149.3076171875,181.53053283691406
2023-09-12,175.0172576904297,327.9827575683594,141.22999572753906,135.4285430908203,300.24493408203125,140.2869873046875,244.4912872314453,44.84920883178711,434.69000244140625,107.24120330810548,38.22075271606445,105.30999755859376,138.68844604492188,53.496612548828125,210.6499938964844,90.88629150390624,11.094411849975586,32.94745635986328,107.8083038330078,156.36085510253906,69.71009826660156,64.73506164550781,170.5806427001953,82.25,87.99718475341797,613.724853515625,195.1966552734375,59.30034637451172,62.810001373291016,62.93000030517578,81.31999969482422,65.80000305175781,47.91999816894531,11.420000076293944,82.87000274658203,147.5,51.81999969482422,27.8700008392334,9.579999923706056,64.80999755859375,42.22726058959961,85.27542877197266,138.0500030517578,29.962377548217773,98.87999725341795,99.03717803955078,29.209999084472656,15.59000015258789,169.67999267578125,87.58999633789062,64.83000183105469,160.22000122070312,122.86499786376952,166.8300018310547,374.5700073242187,98.22000122070312,46.400001525878906,70.2699966430664,211.22000122070312,220.08302307128903,588.8400268554688,247.72999572753903,133.5737762451172,239.9508514404297,539.9683227539062,280.74603271484375,542.2100219726562,81.00773620605469,134.69602966308594,40.876564025878906,27.85162353515625,39.39611053466797,318.86138916015625,59.16862869262695,13.055479049682615,30.217090606689453,137.01502990722656,42.83359146118164,41.190574645996094,3.9031009674072266,3.8654186725616455,4.698419094085693,17.025468826293945,68.98533630371094,27.46048164367676,110.94549560546876,223.83724975585935,314.36004638671875,541.599609375,53.84208679199219,116.65987396240234,111.58682250976562,156.52537536621094,35.1423225402832,126.94625091552734,117.57720184326172,59.86618423461914,41.0079345703125,267.4800109863281,82.65886688232422,64.83199310302734,47.966400146484375,118.17981719970705,139.84024047851562,151.01319885253906,179.61117553710938
2023-09-13,172.9424591064453,332.2238464355469,144.85000610351562,136.85182189941406,303.6289978027344,140.3540802001953,245.01527404785156,45.46392822265625,412.239990234375,109.4229965209961,38.073219299316406,107.70999908447266,138.92544555664062,53.39225006103515,208.3999938964844,89.77983856201172,11.26372528076172,33.134490966796875,109.1749267578125,157.19288635253906,70.2454833984375,65.326171875,171.67202758789062,83.06905364990234,88.71687316894531,611.9891357421875,196.0772399902344,59.93381118774414,62.84000015258789,62.619998931884766,79.86000061035156,64.58000183105469,48.15999984741211,11.270000457763672,82.2300033569336,144.71499633789062,49.86000061035156,26.299999237060547,9.289999961853027,64.55999755859375,42.42136764526367,84.63803100585938,137.47000122070312,29.924606323242188,98.26000213623048,98.60811614990234,27.739999771118164,15.600000381469728,168.47000122070312,87.44000244140625,64.45999908447266,158.39999389648438,123.1449966430664,165.33999633789062,371.3399963378906,97.4800033569336,45.47999954223633,69.83999633789062,208.88999938964844,217.24334716796875,591.3800048828125,245.19000244140625,134.0675811767578,239.74771118164065,535.9630737304688,276.0625915527344,553.5599975585938,82.61747741699219,136.0595245361328,40.597900390625,27.765098571777344,40.04829406738281,322.79302978515625,57.4185905456543,13.199936866760254,30.05730438232422,138.37432861328125,42.83359146118164,39.93946838378906,3.8845584392547607,3.827241897583008,4.643251419067383,16.830116271972656,68.71223449707031,26.881668090820312,110.43128204345705,222.26368713378903,313.97467041015625,542.5398559570312,53.85517120361328,117.16500854492188,110.5895767211914,155.95297241210938,35.2899055480957,125.82913970947266,116.84161376953124,58.43941879272461,40.56261444091797,271.29998779296875,82.4613037109375,64.72462463378906,47.27569961547851,117.12429809570312,139.094482421875,150.67404174804688,179.8352508544922
2023-09-14,174.46133422851562,334.8336486816406,144.72000122070312,138.33477783203125,310.2576904296875,143.07662963867188,238.75714111328125,45.55988693237305,400.489990234375,111.20368194580078,38.033878326416016,106.62999725341795,139.68382263183594,53.477638244628906,209.0500030517578,91.39999389648438,11.24590301513672,33.134490966796875,110.53186798095705,158.80921936035156,71.1774673461914,65.1050033569336,175.08267211914062,84.89127349853516,89.4217300415039,616.7993774414062,198.31784057617188,60.746925354003906,64.44000244140625,63.400001525878906,83.44999694824219,64.62000274658203,48.31999969482422,11.34000015258789,82.9800033569336,144.1199951171875,48.810001373291016,26.020000457763672,9.15999984741211,66.68000030517578,43.05220413208008,84.98570251464844,137.0399932861328,29.95293426513672,99.06999969482422,99.23220825195312,27.75,15.829999923706056,170.72999572753906,86.02999877929688,65.58000183105469,159.22999572753906,122.91000366210938,162.97999572753906,365.9200134277344,97.51000213623048,44.95000076293945,71.56999969482422,209.3999938964844,217.22348022460935,590.1099853515625,245.0800018310547,134.3046112060547,240.2120819091797,541.5506591796875,276.99139404296875,552.1599731445312,84.34082794189453,137.44288635253906,41.36661529541016,28.072744369506836,40.776100158691406,332.0340881347656,58.42558670043945,13.597198486328123,30.217090606689453,139.95851135253906,43.57291793823242,41.57554244995117,3.8845584392547607,3.8367857933044434,4.68002986907959,17.24274444580078,69.40471649169922,26.39773941040039,112.0786590576172,224.25494384765625,317.5876770019531,547.3956298828125,54.08098983764648,118.91871643066406,112.56507873535156,156.9194793701172,36.064697265625,127.4858856201172,118.93370819091795,59.38417053222656,40.86271286010742,276.0400085449219,83.44911193847656,65.6810531616211,48.00143051147461,116.93411254882812,139.54385375976562,151.36209106445312,180.6066131591797
2023-09-15,173.73663330078125,326.4504699707031,140.38999938964844,137.64804077148438,298.9012756347656,142.6548309326172,238.33206176757812,43.879661560058594,396.94000244140625,111.44828033447266,37.25687789916992,101.48999786376952,138.39456176757812,53.16456985473633,208.11000061035156,91.2735366821289,11.236992835998535,33.419960021972656,109.65953826904295,155.52877807617188,69.28376770019531,61.80031204223633,173.5917510986328,82.94733428955078,87.2514419555664,591.766357421875,193.1223907470703,60.27418518066406,64.20999908447266,62.380001068115234,82.1500015258789,62.720001220703125,47.52000045776367,11.279999732971191,80.93000030517578,142.75,47.43000030517578,25.709999084472656,9.15999984741211,64.94000244140625,43.24631118774414,84.08755493164062,135.63999938964844,29.811290740966797,99.45999908447266,98.97867584228516,27.90999984741211,15.329999923706056,165.4499969482422,84.30999755859375,62.7599983215332,156.10000610351562,120.0999984741211,162.41000366210938,362.1300048828125,94.5500030517578,43.95000076293945,71.11000061035156,203.02999877929688,213.08316040039065,579.5800170898438,240.86000061035156,133.5639190673828,237.32904052734375,532.1358032226562,274.600341796875,528.8900146484375,83.71588897705078,136.7462158203125,41.27052688598633,27.726642608642575,40.36966323852539,330.0779724121094,56.91998672485352,13.750686645507812,29.995166778564453,138.79478454589844,42.97576904296875,38.39963150024414,3.8752872943878174,3.750887393951416,4.6524457931518555,17.294572830200195,67.58084869384766,25.94228172302246,109.27908325195312,213.7158203125,309.6583557128906,539.244384765625,53.8813591003418,117.27938842773438,110.83650970458984,156.23446655273438,35.74186706542969,125.13800811767578,118.04529571533205,58.40086364746094,40.76591491699219,274.3900146484375,84.53568267822266,64.5587158203125,46.82330703735352,115.0893325805664,137.3734893798828,149.05564880371094,179.50326538085938
2023-09-18,176.6750946044922,325.3037414550781,139.97999572753906,138.304931640625,301.13079833984375,142.95201110839844,241.8812713623047,43.94563293457031,394.3999938964844,109.7850112915039,37.36506652832031,102.37000274658205,137.5413818359375,53.230979919433594,205.1199951171875,92.12708282470705,10.996390342712402,32.81948471069336,109.2815399169922,155.7296142578125,69.8984603881836,63.04403305053711,175.1314239501953,82.78369903564453,86.84085083007812,592.82763671875,194.99118041992188,60.72801208496094,62.939998626708984,59.5,81.61000061035156,60.86000061035156,46.5099983215332,10.829999923706056,80.91999816894531,142.5500030517578,47.150001525878906,25.399999618530273,8.890000343322754,63.849998474121094,42.6154670715332,84.03926849365234,134.00999450683594,29.38636016845703,99.80999755859376,98.91041564941406,27.61000061035156,15.460000038146973,166.97000122070312,83.16000366210938,61.720001220703125,154.72000122070312,119.94499969482422,161.4499969482422,356.5400085449219,94.5,43.7599983215332,70.62999725341797,204.8800048828125,213.4703826904297,578.510009765625,244.3300018310547,133.5639190673828,239.2349548339844,529.0997314453125,272.8020324707031,532.4199829101562,83.99995422363281,137.55238342285156,41.73175811767578,27.649730682373047,40.303497314453125,330.8295593261719,56.56801986694336,13.624285697937012,29.76436233520508,137.69955444335938,43.26012420654297,39.45826721191406,3.940184593200683,3.769975900650024,4.661641597747803,17.294572830200195,67.4443130493164,25.92330551147461,111.4501724243164,211.48171997070312,305.66961669921875,545.4085693359375,53.482086181640625,113.7433624267578,111.7292938232422,156.9100799560547,35.56661605834961,124.85400390625,118.91460418701172,59.00820541381836,41.27898788452149,265.2799987792969,83.98251342773438,64.72462463378906,46.653656005859375,116.43963623046876,139.859375,151.50743103027344,177.3356475830078
2023-09-19,177.76708984375,324.8984069824219,137.6300048828125,138.175537109375,303.63897705078125,142.76986694335938,240.79376220703125,43.49983596801758,396.2000122070313,110.3329086303711,35.74220657348633,101.61000061035156,138.89700317382812,52.97482681274414,204.47999572753903,91.84256744384766,11.19243621826172,33.42980194091797,107.31398010253906,156.02609252929688,70.10668182373047,62.00263595581055,174.18618774414062,82.7057876586914,86.19562530517578,588.9000244140625,194.84442138671875,61.33312225341797,62.189998626708984,58.33000183105469,78.12999725341797,60.65999984741211,47.59000015258789,11.1899995803833,79.19000244140625,141.85000610351562,47.369998931884766,26.209999084472656,9.0,65.73999786376953,42.334014892578125,84.12619018554688,132.52000427246094,28.9330997467041,98.3499984741211,98.80314636230467,26.959999084472656,15.149999618530272,165.5,82.04000091552734,60.16999816894531,155.0500030517578,118.08499908447266,159.74000549316406,355.6099853515625,92.88999938964844,43.689998626708984,69.33999633789062,205.36000061035156,214.1654052734375,572.3300170898438,243.1000061035156,133.0305938720703,237.84178161621097,523.3440551757812,273.6023864746094,541.6900024414062,83.8105697631836,137.3831787109375,41.529972076416016,27.543975830078125,40.34130859375,329.4516296386719,56.44092559814453,13.732629776000977,29.648963928222656,139.32289123535156,43.345428466796875,40.228179931640625,3.9679980278015137,3.817697048187256,4.716808319091797,17.25071907043457,68.17581176757812,26.160520553588867,111.688232421875,211.2680206298828,303.11639404296875,546.988525390625,53.46900177001953,114.5344467163086,111.4348602294922,156.8912811279297,35.806434631347656,122.12742614746094,117.65362548828124,58.256256103515625,40.10761260986328,266.5,80.94010162353516,64.22689056396484,46.1729850769043,114.31909942626952,136.3982696533203,147.44696044921875,175.7440948486328
2023-09-20,174.21316528320312,317.1083679199219,135.2899932861328,133.9555206298828,298.2642517089844,142.16592407226562,239.1130828857422,42.21943283081055,386.2999877929687,110.43075561523438,34.11935043334961,100.33999633789062,142.03480529785156,52.65227127075195,202.3699951171875,90.76773834228516,11.014212608337402,32.68166732788086,105.8601303100586,155.0314483642578,69.08546447753906,61.37879180908203,171.58436584472656,81.33192443847656,85.33533477783203,585.0419921875,190.7545928955078,62.05168533325195,60.86000061035156,56.970001220703125,76.66999816894531,60.22999954223633,46.54999923706055,10.68000030517578,78.94999694824219,138.00999450683594,47.779998779296875,27.020000457763672,9.029999732971191,64.69000244140625,42.401954650878906,82.80311584472656,131.17999267578125,28.65925407409668,94.4800033569336,95.88742065429688,26.25,14.739999771118164,163.88999938964844,83.52999877929688,60.0099983215332,154.22999572753906,117.6500015258789,158.6300048828125,351.6600036621094,92.0500030517578,43.41999816894531,68.80000305175781,200.82000732421875,211.5143890380859,570.5499877929688,237.8000030517578,131.87509155273438,235.93588256835935,517.8057861328125,265.2730712890625,535.780029296875,82.51331329345703,133.10365295410156,41.19364929199219,27.447837829589844,39.98213195800781,324.450439453125,55.40459060668945,14.039605140686035,29.82650375366211,138.9317169189453,43.12742614746094,39.6507453918457,4.014352798461914,3.779520034790039,4.7351975440979,16.913837432861328,67.23949432373047,25.676593780517575,110.96453857421876,208.7522430419922,299.50341796875,546.4845581054688,53.642452239990234,114.76319122314452,110.55158996582033,156.41275024414062,35.62196350097656,118.81390380859376,115.7525863647461,57.639286041259766,39.972076416015625,262.5899963378906,81.55252075195312,62.70442581176758,45.126808166503906,114.17646026611328,136.69467163085938,147.9508819580078,170.32501220703125
2023-09-21,172.66448974609375,315.88250732421875,129.3300018310547,130.74073791503906,294.3427429199219,141.05389404296875,233.92269897460935,40.99799728393555,384.1499938964844,107.06509399414062,34.08000946044922,96.11000061035156,139.7122802734375,50.60310745239258,199.9499969482422,89.2977523803711,10.87163257598877,32.199317932128906,104.63888549804688,153.4055633544922,67.3206558227539,60.53874206542969,169.40151977539062,79.15705871582031,83.44853973388672,577.3456420898438,189.81529235839844,61.88148880004883,58.619998931884766,53.70000076293945,74.41999816894531,58.22999954223633,44.599998474121094,10.329999923706056,75.61000061035156,132.75,46.029998779296875,26.450000762939453,8.630000114440918,64.25,42.62517166137695,81.22895050048828,128.0,28.149335861206055,92.16999816894533,94.39541625976562,25.309999465942383,14.0,162.52999877929688,81.12999725341797,56.54999923706055,148.7899932861328,113.72000122070312,149.02999877929688,333.6199951171875,88.41999816894531,42.189998626708984,68.30999755859375,189.9499969482422,207.1258544921875,549.530029296875,230.1699981689453,129.5344696044922,230.9534454345703,498.7981567382813,258.56414794921875,513.8800048828125,80.37330627441406,129.8193359375,40.665157318115234,26.967138290405273,39.42445755004883,318.22540283203125,54.75932693481445,13.822916984558104,29.55132102966309,136.89767456054688,43.31699752807617,39.45826721191406,4.014352798461914,3.693621873855591,4.68002986907959,16.47330093383789,66.75182342529297,25.42988395690918,107.7269287109375,204.5754547119141,295.5531921386719,538.0037231445312,52.991188049316406,111.8180923461914,108.9939956665039,155.0052490234375,35.15155029296875,116.0589370727539,113.74649047851562,56.70417022705078,39.45899963378906,255.6999969482422,81.720458984375,61.05508804321289,43.741336822509766,114.05284118652344,139.8784942626953,149.98599243164062,164.95477294921875
2023-09-22,173.5182342529297,313.39129638671875,129.1199951171875,130.63128662109375,297.6770324707031,139.7022247314453,232.4100646972656,41.59072494506836,379.80999755859375,106.6737289428711,33.61774444580078,96.1999969482422,139.26670837402344,50.82130432128906,197.7100067138672,87.92259216308594,11.07659149169922,32.07135009765625,104.36750793457033,153.31948852539062,68.29228210449219,61.403587341308594,170.9996795654297,81.1860122680664,83.72228240966797,582.2847900390625,192.54510498046875,62.30696868896485,57.880001068115234,53.08000183105469,70.95999908447266,59.290000915527344,44.40999984741211,9.9399995803833,76.18000030517578,132.1999969482422,45.220001220703125,26.719999313354492,8.6899995803833,63.79999923706055,41.85845947265625,85.27542877197266,132.35000610351562,28.715911865234375,95.93000030517578,99.31022644042967,25.38999938964844,14.130000114440918,162.57000732421875,80.68000030517578,57.7599983215332,151.7100067138672,114.25499725341795,149.6999969482422,335.760009765625,88.76000213623047,41.5,68.8499984741211,195.4600067138672,204.9613494873047,554.0900268554688,230.82000732421875,131.00599670410156,231.5629425048828,502.9518127441406,254.0883026123047,512.9000244140625,78.86772918701172,129.6302490234375,39.61778259277344,26.57296562194824,38.6777458190918,315.9609069824219,53.91853713989258,13.651371002197266,29.54244041442871,136.2718048095703,42.9378547668457,38.78458786010742,3.9679980278015137,3.7127108573913574,4.698419094085693,16.421472549438477,68.32210540771484,25.40142059326172,108.07925415039062,204.4588623046875,294.560791015625,541.4058227539062,53.13191604614258,107.31945037841795,109.16495513916016,156.02801513671875,35.455928802490234,116.08733367919922,113.83245849609376,56.916259765625,39.33314895629883,244.8800048828125,80.2585220336914,61.37714385986328,43.91098403930664,112.75959777832033,138.89370727539062,148.7164764404297,164.24200439453125
2023-09-25,174.79884338378906,313.9152526855469,131.27000427246094,131.54693603515625,299.4188232421875,140.3924560546875,230.7095947265625,42.20244216918945,384.7999877929687,105.95951080322266,33.72593307495117,97.37999725341795,138.85906982421875,50.73591995239258,198.77999877929688,88.35758972167969,11.210260391235352,32.543853759765625,107.0329132080078,153.8837890625,67.99485778808594,61.55037307739258,170.95094299316406,81.65702819824219,84.308837890625,581.32275390625,193.846435546875,61.59023666381836,58.86000061035156,53.58000183105469,71.75,58.52000045776367,44.90999984741211,9.779999732971191,75.47000122070312,134.13999938964844,45.459999084472656,26.059999465942383,8.600000381469727,64.72000122070312,42.52811813354492,84.232421875,132.0500030517578,28.121009826660156,96.69000244140624,98.31555938720705,26.13999938964844,14.220000267028809,159.9199981689453,80.19000244140625,57.75,148.97000122070312,113.26499938964844,149.74000549316406,333.30999755859375,88.83999633789062,41.5,68.6500015258789,196.4600067138672,204.8719940185547,559.47998046875,231.58999633789065,130.31468200683594,232.2111358642578,502.6946411132813,255.23443603515625,511.6000061035156,78.62152862548828,130.48614501953125,39.93488311767578,26.53451156616211,38.77226638793945,316.8763732910156,54.11406707763672,13.597198486328123,29.43591690063477,136.91720581054688,42.530277252197266,38.59210586547851,3.8752872943878174,3.655444860458374,4.597278594970703,16.5988826751709,68.30259704589844,24.95544815063477,107.66979217529295,206.41127014160156,295.2930603027344,541.4348754882812,53.36754608154297,106.99539184570312,110.39012908935548,158.30821228027344,35.74186706542969,118.9559097290039,115.65705871582033,57.68748474121094,39.671974182128906,246.9900054931641,80.02143859863281,61.64064407348633,44.778079986572266,114.35713958740234,140.10794067382812,149.43359375,162.953125
2023-09-26,170.70883178710938,308.576904296875,125.9800033569336,128.8397674560547,297.5575866699219,138.935302734375,227.0417327880859,41.89158630371094,379.25,102.6134262084961,33.27349853515625,95.95999908447266,135.78765869140625,50.00543212890625,195.63999938964844,86.94190979003906,11.07659149169922,31.756345748901367,106.34474182128906,151.07199096679688,67.36031341552734,60.10333251953125,167.9398193359375,79.92379760742188,82.40250396728516,568.0128173828125,190.783935546875,60.60594177246094,58.93000030517578,51.5099983215332,70.5199966430664,58.279998779296875,44.27000045776367,9.920000076293944,74.58000183105469,132.27999877929688,45.349998474121094,25.90999984741211,8.34000015258789,61.869998931884766,42.207855224609375,82.96729278564453,131.00999450683594,27.412792205810547,93.93000030517578,97.67196655273438,27.010000228881836,13.960000038146973,160.47999572753906,79.62999725341797,56.68000030517578,148.02999877929688,113.3949966430664,147.0500030517578,325.29998779296875,86.56999969482422,41.040000915527344,68.30000305175781,191.3999938964844,201.0493927001953,544.6300048828125,229.2400054931641,125.60379791259766,229.52159118652344,497.6312255859375,250.57081604003903,506.2999877929687,77.80719757080078,127.95823669433594,39.06046676635742,26.121112823486328,38.01610565185547,312.0390319824219,52.989749908447266,13.561084747314451,29.28500747680664,137.3572998046875,41.933135986328125,37.34099197387695,3.838203430175781,3.560002565383911,4.505333423614502,16.206188201904297,67.22972869873047,24.405101776123047,106.59375,202.5647430419922,291.48736572265625,535.9488525390625,53.18101119995117,104.34577178955078,110.56109619140624,157.4542999267578,35.640411376953125,120.120361328125,114.76863861083984,57.003021240234375,39.48804473876953,244.1199951171875,79.07315826416016,61.630889892578125,44.25028991699219,113.55836486816406,135.3656768798828,146.35189819335938,159.78955078125
2023-09-27,169.18995666503906,309.2194519042969,125.9800033569336,130.8402862548828,296.3433532714844,139.75013732910156,226.89344787597656,42.44832229614258,377.5899963378906,102.35904693603516,34.040672302246094,98.06999969482422,135.72128295898438,50.47028732299805,195.4600067138672,87.7011489868164,11.040946006774902,31.84493827819824,105.83106231689452,151.244140625,67.62802124023438,60.88883972167969,168.3978271484375,79.98450469970703,83.5267562866211,569.8179931640625,192.45706176757812,61.43733978271485,57.34000015258789,51.849998474121094,71.5199966430664,57.439998626708984,45.13999938964844,10.31999969482422,78.1500015258789,134.02999877929688,46.08000183105469,26.06999969482422,8.489999771118164,61.88999938964844,41.62553787231445,83.23770141601562,131.52999877929688,27.33724594116211,95.0,96.47251892089844,27.38999938964844,14.850000381469728,163.0399932861328,80.69999694824219,60.540000915527344,148.8699951171875,115.9499969482422,147.52000427246094,328.1600036621094,87.83000183105469,41.31999969482422,67.31999969482422,197.52000427246097,201.2876892089844,546.3800048828125,230.80999755859375,126.09760284423828,234.7362518310547,502.6253967285156,254.00921630859375,502.6000061035156,77.31480407714844,129.9188690185547,39.26225280761719,26.21725273132324,38.242958068847656,310.2370300292969,53.16572952270508,13.425654411315918,28.76127243041992,136.61404418945312,42.27435302734375,39.169551849365234,3.7547645568847656,3.531369924545288,4.477748870849609,16.455360412597656,66.2739028930664,24.329191207885746,106.36522674560548,201.0300140380859,290.793701171875,546.1937866210938,52.92573547363281,104.59357452392578,114.16065979003906,160.4945526123047,36.41519927978515,122.89427947998048,118.17693328857422,58.612945556640625,40.68846130371094,240.5,78.92498779296875,64.0219497680664,46.03160858154297,114.87063598632812,137.63165283203125,147.71829223632812,158.79360961914062
2023-09-28,169.4480743408203,310.0597839355469,125.9800033569336,132.5023956298828,302.5341796875,141.48529052734375,229.02891540527344,43.069034576416016,376.3599853515625,103.85597229003906,34.60129165649414,102.76000213623048,134.21401977539062,51.11539459228515,190.42999267578125,88.84793090820312,11.19243621826172,32.64228820800781,107.68228912353516,152.1527099609375,64.64369201660156,62.237693786621094,171.90589904785156,81.47195434570312,84.47504425048828,575.8877563476562,196.2044219970703,62.77522659301758,58.18000030517578,53.20000076293945,75.16000366210938,57.93000030517578,46.13999938964844,10.510000228881836,77.80000305175781,136.47000122070312,46.56999969482422,26.489999771118164,8.5600004196167,63.75,42.363128662109375,82.6099624633789,132.4499969482422,26.95952796936035,95.61000061035156,96.12145233154295,27.829999923706055,15.770000457763672,165.25,81.45999908447266,63.09000015258789,150.9199981689453,117.58999633789062,151.1199951171875,343.1099853515625,88.95999908447266,42.0099983215332,68.33000183105469,196.94000244140625,201.75433349609375,553.52001953125,211.22000122070312,126.36425018310548,235.3940887451172,506.5812377929687,254.3846893310547,504.6700134277344,77.82613372802734,131.68045043945312,39.31029510498047,26.496055603027344,38.942405700683594,313.3688049316406,53.33192443847656,13.552056312561035,28.89442443847656,136.61404418945312,42.52079772949219,45.04016876220703,3.7825772762298584,3.5504584312438965,4.5202155113220215,16.50120735168457,66.81034088134766,24.262767791748047,108.7458038330078,201.8265380859375,292.4026184082031,551.1367797851562,53.19409942626953,104.4220199584961,113.46733856201172,160.07229614257812,36.36907958984375,122.57240295410156,117.82171630859376,58.7479133605957,40.45611953735352,246.3800048828125,79.15217590332031,64.29521179199219,46.00333404541016,117.32398986816406,140.71987915039062,149.65647888183594,168.33314514160156
2023-09-29,169.9643096923828,312.14569091796875,127.12000274658205,131.2284393310547,298.8017578125,139.02159118652344,227.39764404296875,43.478851318359375,377.6000061035156,103.63094329833984,34.96520233154297,102.81999969482422,133.0006103515625,51.001556396484375,191.67999267578125,87.4322509765625,11.067679405212402,32.45525360107422,107.64351654052734,152.07618713378906,67.44954681396484,62.16331100463867,170.61961364746094,81.3329086303711,84.95407104492188,583.8319702148438,195.60760498046875,63.023681640625,58.459999084472656,54.56999969482422,75.08000183105469,58.529998779296875,45.9900016784668,10.539999961853027,79.47000122070312,137.2100067138672,46.15999984741211,27.030000686645508,8.90999984741211,64.58000183105469,42.7901611328125,83.76885986328125,134.35000610351562,27.50721740722656,98.06999969482422,97.67196655273438,28.959999084472656,16.0,167.3800048828125,81.51000213623047,63.040000915527344,155.58999633789062,117.22000122070312,152.77000427246094,345.8599853515625,91.08999633789062,42.0,69.94000244140625,201.5099945068359,201.3373260498047,558.9600219726562,214.8500061035156,127.71728515625,232.7529296875,505.2955932617187,256.1730651855469,509.8999938964844,77.333740234375,130.2373504638672,39.26225280761719,26.3230037689209,38.87623977661133,311.7981262207031,53.67411804199219,13.561084747314451,28.7701473236084,136.9563446044922,42.02791595458984,43.50033187866211,3.773306369781494,3.569546937942505,4.586272716522217,16.427453994750977,67.20046997070312,24.38612365722656,106.86990356445312,201.88479614257812,291.12127685546875,547.5798950195312,52.33992767333984,105.38465881347656,111.67230224609376,158.2237548828125,35.714195251464844,120.00677490234376,115.01828002929688,56.20287322998047,39.20730209350586,250.22000122070312,80.06095886230469,63.31927108764648,44.957157135009766,114.25252532958984,135.48995971679688,146.66200256347656,166.02880859375
2023-10-02,172.48580932617188,318.1266174316406,129.4600067138672,134.5327911376953,305.3807373046875,137.8232879638672,228.6433258056641,44.761253356933594,380.3299865722656,104.40386962890624,34.87668228149414,103.2699966430664,133.47459411621094,51.5992317199707,187.8300018310547,86.0403060913086,10.969656944274902,31.963064193725582,107.68228912353516,152.97518920898438,67.38013458251953,62.57094192504883,170.95094299316406,81.76083374023438,85.68727111816406,577.4052124023438,195.87176513671875,63.25303649902344,58.560001373291016,54.0,75.30999755859375,57.84000015258789,45.68000030517578,10.510000228881836,79.44000244140625,136.55999755859375,45.63999938964844,27.040000915527344,8.739999771118164,64.6500015258789,42.26607894897461,83.56605529785156,133.0500030517578,27.4505615234375,99.66999816894533,97.21363830566406,28.68000030517578,15.880000114440918,169.5399932861328,80.72000122070312,62.5099983215332,160.88999938964844,118.38500213623048,151.1699981689453,349.07501220703125,91.83999633789062,41.72999954223633,70.11000061035156,197.4600067138672,202.26072692871097,555.22998046875,213.66000366210935,126.96669006347656,231.582275390625,512.079833984375,256.93389892578125,521.1300048828125,76.14065551757812,133.53160095214844,38.061134338378906,25.669254302978516,38.28076171875,306.9125671386719,52.35426330566406,13.24507999420166,28.193145751953125,136.1837921142578,42.17009353637695,41.47929763793945,3.699138164520264,3.5504584312438965,4.491905212402344,16.275955200195312,66.03005981445312,24.357656478881836,105.84149169921876,199.844970703125,288.8763122558594,553.734375,52.395565032958984,101.68660736083984,109.82027435302734,156.27198791503906,34.88405990600586,117.07192993164062,112.426025390625,55.8558235168457,38.5005989074707,251.6000061035156,80.67339324951172,60.80133438110352,43.02503967285156,113.17798614501952,132.0288543701172,145.38279724121094,158.5788116455078
2023-10-03,171.1456298828125,309.8125915527344,124.72000122070312,132.67161560058594,299.5283508300781,136.80714416503906,226.21127319335935,43.4968376159668,376.75,102.26119232177734,35.10289764404297,100.08000183105467,133.0859375,51.26478958129883,188.9199981689453,85.2256851196289,10.755788803100586,30.89008331298828,106.80029296875,150.39295959472656,67.25125885009766,61.30440902709961,167.13101196289062,79.79061889648438,83.49742889404297,565.9201049804688,190.9894256591797,62.51719665527344,57.29999923706055,51.380001068115234,72.4800033569336,56.220001220703125,44.5099983215332,10.06999969482422,77.25,127.7300033569336,42.61000061035156,25.950000762939453,8.539999961853027,62.290000915527344,41.25674057006836,81.64421844482422,129.1699981689453,26.874542236328125,97.9000015258789,96.36524200439452,28.420000076293945,14.899999618530272,162.02999877929688,78.83999633789062,58.400001525878906,151.4600067138672,115.8550033569336,148.7899932861328,331.6099853515625,86.97000122070312,41.52000045776367,68.04000091552734,190.6199951171875,198.4082946777344,541.239990234375,207.3000030517578,126.35437774658205,232.59811401367188,501.8738708496094,258.41595458984375,507.0299987792969,73.87752532958984,131.7998809814453,37.15789031982422,24.90975570678711,37.67583465576172,294.98291015625,50.15449905395508,13.344396591186523,28.388439178466797,133.41629028320312,41.45454025268555,41.28681945800781,3.6342408657073975,3.502737045288086,4.567399024963379,16.188247680664062,65.58141326904297,24.794139862060547,103.06094360351562,194.4248504638672,281.2746276855469,547.6572875976562,52.06501388549805,102.13457489013672,110.0102310180664,156.637939453125,34.6811408996582,117.62102508544922,112.90607452392578,56.50172424316406,38.781341552734375,246.52999877929688,78.56938171386719,60.957489013671875,43.11928939819336,109.95438385009766,127.716796875,142.71780395507812,153.0718536376953
2023-10-04,172.39646911621094,315.31903076171875,127.0,135.6276092529297,304.14654541015625,137.42068481445312,228.59390258789065,44.020599365234375,376.8999938964844,104.76587677001952,35.338958740234375,104.06999969482422,133.7305450439453,51.07368087768555,186.72999572753903,86.08775329589844,10.684499740600586,30.555391311645508,106.4707489013672,151.08154296875,67.52886199951172,62.71971130371094,169.35279846191406,80.66997528076172,84.72921752929688,586.013916015625,193.91493225097656,63.04279327392578,58.56999969482422,52.58000183105469,73.47000122070312,56.27000045776367,44.939998626708984,10.220000267028809,77.93000030517578,127.41000366210938,43.84000015258789,26.38999938964844,8.6899995803833,63.7400016784668,41.674068450927734,81.19998168945312,127.80999755859376,26.808443069458008,98.16000366210938,96.70654296875,29.59000015258789,15.729999542236328,164.0500030517578,78.01000213623047,59.25,155.1199951171875,118.22000122070312,151.9600067138672,335.95001220703125,88.52999877929688,41.439998626708984,66.05999755859375,189.83999633789065,200.4337921142578,548.6400146484375,209.3699951171875,127.33209991455078,236.04229736328125,511.7435607910156,258.0503845214844,518.4199829101562,74.8907241821289,134.5965118408203,37.446163177490234,24.93859481811523,37.62857818603515,297.37274169921875,50.26204681396485,13.22702407836914,27.99785614013672,135.0102996826172,41.47361755371094,42.826656341552734,3.624969959259033,3.4550161361694336,4.463594436645508,16.309843063354492,65.54238891601562,24.708744049072266,103.76559448242188,193.8711700439453,281.7082214355469,554.2094116210938,52.69010543823242,101.61988830566406,105.89778137207033,152.98777770996094,33.49128341674805,113.00100708007812,108.80650329589844,53.82172775268555,37.048484802246094,261.1600036621094,78.3520736694336,58.595699310302734,40.85729217529297,105.06668090820312,123.02232360839844,137.50411987304688,154.66339111328125
2023-10-05,173.6373748779297,315.7144470214844,125.95999908447266,135.3489227294922,303.36029052734375,138.0000762939453,230.8282470703125,44.66729736328125,372.5899963378906,106.0084228515625,35.29961013793945,102.91000366210938,134.15713500976562,50.7105712890625,186.2899932861328,85.98493194580078,10.60429859161377,29.8367862701416,106.42229461669922,148.3462677001953,68.46084594726562,62.07008361816406,167.70594787597656,80.67487335205078,85.0811538696289,576.9191284179688,191.23399353027344,63.66395568847656,57.47999954223633,52.189998626708984,74.62000274658203,55.470001220703125,44.61000061035156,10.25,73.80999755859375,124.98999786376952,43.77000045776367,27.010000228881836,8.739999771118164,62.86000061035156,41.353790283203125,80.80402374267578,130.10000610351562,27.053958892822266,98.36000061035156,96.76506042480467,29.81999969482422,15.8100004196167,165.2899932861328,76.9800033569336,58.16999816894531,153.3000030517578,118.38999938964844,150.25,336.7799987792969,89.54000091552734,41.040000915527344,64.5199966430664,187.8500061035156,200.5727996826172,547.1699829101562,205.13999938964844,127.9542999267578,235.4424743652344,511.4859313964844,259.46331787109375,516.4400024414062,74.94754791259766,134.42730712890625,37.76324844360352,25.05396270751953,37.69474029541016,299.20361328125,49.919864654541016,13.389540672302246,28.246408462524418,134.39419555664062,41.044281005859375,42.05673599243164,3.708409070968628,3.378661632537842,4.43528413772583,16.51715660095215,64.55731964111328,24.889028549194336,103.45136260986328,194.07516479492188,281.04339599609375,551.9994506835938,52.06174850463867,100.21881866455078,103.51390075683594,153.79476928710938,33.583518981933594,112.14895629882812,108.89291381835938,53.40719223022461,36.845176696777344,260.04998779296875,79.82388305664062,57.99061965942383,40.386043548583984,104.10625457763672,121.88455963134766,137.88204956054688,151.37289428710938
2023-10-06,176.1986083984375,323.5242919921875,127.95999908447266,138.0760040283203,313.9503479003906,140.12464904785156,232.37049865722656,45.74080276489258,381.510009765625,107.58364868164062,35.59467315673828,107.23999786376952,134.64059448242188,51.07368087768555,187.3800048828125,88.15987396240234,10.693411827087402,30.417577743530273,107.46906280517578,150.1538543701172,69.47879791259766,62.29621505737305,169.52822875976562,82.77042388916016,87.29054260253906,592.4606323242188,194.7270050048828,63.11924362182617,57.77000045776367,53.650001525878906,78.45999908447266,56.849998474121094,45.779998779296875,11.09000015258789,74.51000213623047,126.36000061035156,43.98500061035156,28.079999923706055,8.630000114440918,62.720001220703125,41.74199676513672,83.11215209960938,134.75999450683594,27.960479736328125,105.63999938964844,98.43258666992188,30.459999084472656,16.610000610351562,176.69000244140625,80.41999816894531,62.54999923706055,163.58999633789062,123.34500122070312,159.9499969482422,353.6199951171875,94.43000030517578,42.130001068115234,65.4800033569336,199.2100067138672,205.88473510742188,560.719970703125,213.6300048828125,129.2974395751953,238.36422729492188,528.3275146484375,267.05157470703125,526.6799926757812,76.06488800048828,136.92535400390625,38.13800430297851,25.063575744628903,38.34693145751953,301.1116027832031,50.36959457397461,13.295687675476074,27.96988296508789,135.9588623046875,41.47361755371094,41.57554244995117,3.7176802158355713,3.3977506160736084,4.491905212402344,16.539081573486328,64.77188110351562,24.575899124145508,104.003662109375,193.82261657714844,282.12249755859375,540.3783569335938,51.18794250488281,100.0854034423828,101.78534698486328,152.2277374267578,34.37676239013672,114.2506866455078,110.7266845703125,53.696407318115234,37.45507049560547,260.5299987792969,81.92789459228516,59.92298889160156,41.18716812133789,103.83050537109376,120.97624969482422,138.7542266845703,156.06944274902344
2023-10-09,177.6876983642578,326.0550537109375,128.25999450683594,138.84237670898438,316.8666076660156,139.8059844970703,231.77734375,45.25202560424805,385.9500122070313,107.93585968017578,35.46681594848633,106.97000122070312,134.8017578125,51.52278137207031,188.4900054931641,87.2029037475586,10.755788803100586,30.506174087524418,108.36077880859376,149.8860626220703,69.0020980834961,62.25455474853515,168.8948211669922,83.81035614013672,86.99726867675781,586.5198364257812,193.846435546875,63.291263580322266,57.959999084472656,53.5099983215332,79.0999984741211,57.310001373291016,45.45000076293945,10.989999771118164,76.08000183105469,127.7699966430664,43.71500015258789,28.239999771118164,8.609999656677246,63.380001068115234,42.07197952270508,81.94359588623047,133.5800018310547,27.601646423339844,106.95999908447266,101.49459075927734,30.209999084472656,17.610000610351562,181.82000732421875,83.5,63.689998626708984,168.86000061035156,126.38999938964844,161.80999755859375,358.30999755859375,90.7300033569336,42.380001068115234,66.0999984741211,202.5800018310547,205.7457275390625,564.4299926757812,217.75,128.2999725341797,242.0406036376953,529.9224243164062,272.3969421386719,529.2899780273438,75.66719818115234,137.76136779785156,38.14760971069336,25.294313430786133,38.50761413574219,301.23681640625,50.594451904296875,13.55332088470459,28.51386833190918,137.04437255859375,42.065147399902344,42.537940979003906,3.7547645568847656,3.3977506160736084,4.586272716522217,16.644731521606445,65.52289581298828,24.746694564819336,105.95575714111328,194.98825073242188,284.56964111328125,541.7740478515625,51.00139617919922,100.80022430419922,105.346923828125,156.44090270996094,35.40059280395508,120.4612045288086,116.95763397216795,56.14503860473633,39.99144744873047,259.6700134277344,83.6664047241211,62.6361083984375,43.449161529541016,105.7513427734375,121.3778076171875,142.03945922851562,152.07591247558594
2023-10-10,177.092041015625,324.6413879394531,129.47999572753906,138.54380798339844,320.3302917480469,140.6558074951172,233.9127960205078,45.77678298950195,373.3200073242187,107.33904266357422,35.83073043823242,109.01000213623048,134.7164306640625,51.47500991821289,193.52999877929688,88.16777801513672,10.87163257598877,30.988523483276367,108.85507202148438,150.78506469726562,68.59492492675781,62.91807174682617,171.47715759277344,84.05811309814453,88.58097839355469,597.21142578125,197.39813232421875,63.625728607177734,57.720001220703125,55.08000183105469,79.62000274658203,58.13999938964844,46.630001068115234,11.18000030517578,81.43000030517578,131.58999633789062,45.310001373291016,28.600000381469727,8.819999694824219,63.709999084472656,42.236968994140625,84.18412780761719,134.63999938964844,28.583711624145508,109.5500030517578,103.77645874023438,30.90999984741211,17.799999237060547,183.8500061035156,85.0199966430664,65.55999755859375,171.8800048828125,128.38999938964844,163.1300048828125,358.4700012207031,91.62999725341795,42.349998474121094,67.27999877929688,206.0,205.4081573486328,558.2999877929688,220.9199981689453,129.573974609375,241.04409790039065,535.073974609375,271.7151794433594,532.719970703125,75.8755111694336,137.403076171875,38.26292037963867,25.967288970947266,39.16925048828125,303.3182373046875,50.623779296875,13.764946937561035,28.7949275970459,139.26419067382812,42.427696228027344,43.019134521484375,3.81039047241211,3.435927391052246,4.576835632324219,16.865997314453125,66.30316162109375,25.07880210876465,107.66979217529295,196.94064331054688,288.28863525390625,544.7981567382812,51.577396392822266,104.48873138427734,104.90054321289062,156.27198791503906,35.62196350097656,119.95943450927734,115.58470916748048,56.51136779785156,39.83655548095703,263.6199951171875,83.95287322998047,62.44092559814453,43.4208869934082,106.87342834472656,124.49473571777344,144.30712890625,158.25657653808594
2023-10-11,178.49179077148438,328.6253967285156,131.8300018310547,141.03199768066406,326.2822265625,141.13865661621094,233.00326538085935,46.78431701660156,365.9299926757813,107.66309356689452,36.2733268737793,108.30999755859376,135.77816772460938,51.27434921264648,196.07000732421875,89.5755386352539,10.916190147399902,30.496328353881836,107.70167541503906,150.469482421875,69.7270736694336,63.64704513549805,170.45394897460938,85.63956451416016,89.93985748291016,601.2182006835938,199.0712432861328,66.47350311279297,58.06999969482422,54.2400016784668,77.3499984741211,57.41999816894531,46.63999938964844,11.369999885559082,80.80000305175781,130.0,45.040000915527344,28.459999084472656,9.109999656677246,64.83999633789062,41.78082275390625,84.77323913574219,134.1199951171875,28.649810791015625,110.06999969482422,106.0778350830078,31.760000228881836,17.920000076293945,188.22000122070312,87.97000122070312,65.29000091552734,173.0500030517578,129.60499572753906,163.5399932861328,365.2200012207031,89.44000244140625,42.22999954223633,64.81999969482422,199.4499969482422,205.37835693359375,558.6699829101562,222.0,130.7492218017578,241.34402465820312,536.5303344726562,274.7682800292969,549.9099731445312,74.71082305908203,139.88125610351562,38.13800430297851,25.976905822753903,39.25431823730469,301.6318664550781,50.75088119506836,13.59012508392334,28.52293586730957,139.95851135253906,42.20825958251953,44.174015045166016,3.81039047241211,3.407294750213623,4.43528413772583,17.035432815551758,68.60494232177734,25.458351135253903,108.81246948242188,197.4651641845703,287.161376953125,548.12255859375,51.7835693359375,103.87874603271484,101.1395034790039,151.16738891601562,35.64963150024414,120.58428192138672,115.24868774414062,56.646331787109375,40.310909271240234,262.989990234375,83.81458282470703,61.826072692871094,44.06178283691406,106.62618255615234,123.9114990234375,143.92916870117188,160.9124298095703
2023-10-12,179.39517211914062,327.3797912597656,132.3300018310547,139.62864685058594,322.639404296875,140.81031799316406,234.09075927734375,46.923248291015625,361.2000122070313,107.14263916015624,36.233985900878906,108.79000091552734,133.8917236328125,51.45589447021485,191.3000030517578,88.04914855957031,10.693411827087402,29.846633911132812,108.03123474121094,148.24105834960938,69.2702407836914,64.95921325683594,169.16766357421875,88.6791000366211,90.35044860839844,611.7015380859375,197.99496459960935,66.27281951904297,56.35499954223633,53.33000183105469,75.19000244140625,56.290000915527344,45.95000076293945,10.65999984741211,80.0999984741211,125.97000122070312,43.529998779296875,27.770000457763672,9.109999656677246,64.76000213623047,41.37320327758789,81.61524963378906,128.1199951171875,26.279638290405273,106.9000015258789,104.55658721923828,31.6299991607666,17.940000534057617,187.55999755859375,84.5999984741211,62.619998931884766,170.64999389648438,130.30999755859375,159.9600067138672,364.3500061035156,87.9800033569336,40.45000076293945,63.470001220703125,186.3999938964844,204.21669006347656,560.1500244140625,215.75,130.0282745361328,239.5928955078125,538.3432006835938,265.3323974609375,559.6300048828125,73.67869567871094,138.3087615966797,38.18605041503906,25.861534118652344,39.25431823730469,298.5772399902344,50.35980987548828,13.295687675476074,28.024280548095703,138.02224731445312,41.88387298583984,44.174015045166016,3.7547645568847656,3.407294750213623,4.557961940765381,17.25869369506836,67.34677124023438,25.38244247436523,103.27996826171876,191.25827026367188,282.3151550292969,546.43603515625,52.01920700073242,105.60386657714844,101.12051391601562,151.2893829345703,36.23994827270508,122.08956909179688,116.27597045898438,56.27035903930664,40.398040771484375,258.8699951171875,83.32068634033203,61.69920349121094,44.00522994995117,105.31392669677734,120.68942260742188,143.0279083251953,166.77090454101562
2023-10-13,177.54869079589844,323.98895263671875,129.7899932861328,137.9267120361328,313.2138366699219,142.92523193359375,234.9706573486328,45.43993377685547,355.67999267578125,106.29814910888672,35.3782958984375,105.08999633789062,131.25634765625,51.37945556640625,184.91000366210935,86.50692749023438,10.52409839630127,29.196937561035156,105.31736755371094,146.08917236328125,68.73395538330078,63.983280181884766,166.70225524902344,86.4836654663086,88.43433380126953,594.8310546875,190.30450439453125,65.39363861083984,55.75,51.54999923706055,73.43000030517578,55.58000183105469,43.47999954223633,10.06999969482422,75.37000274658203,124.08000183105467,42.79999923706055,26.6200008392334,8.680000305175781,63.16999816894531,40.5579719543457,81.14202880859375,125.18000030517578,25.543092727661133,106.0999984741211,102.87931060791016,30.510000228881836,17.360000610351562,185.72000122070312,83.08000183105469,61.15999984741211,168.52000427246094,129.6999969482422,157.16000366210938,350.67999267578125,88.05999755859375,40.56999969482422,62.75,188.30999755859375,203.13446044921875,549.6599731445312,214.88999938964844,127.19384002685548,239.4477996826172,528.0797729492188,261.8050231933594,548.760009765625,73.65974426269531,136.7064208984375,39.358341217041016,25.726940155029297,39.15980529785156,298.0472412109375,50.183837890625,13.212875366210938,27.80668830871582,138.5405731201172,41.79800796508789,46.67624282836914,3.736222505569458,3.350029230117798,4.501341342926025,16.97364044189453,66.36168670654297,25.145225524902344,104.07984161376952,190.14122009277344,281.2553405761719,549.4019775390625,52.30719757080078,106.72853088378906,104.34969329833984,153.94488525390625,36.904052734375,126.70955657958984,119.87629699707033,56.839134216308594,41.07569122314453,251.1199951171875,83.32068634033203,62.8215446472168,45.607479095458984,105.17127227783205,120.51731872558594,143.61904907226562,159.5259246826172
2023-10-16,177.41964721679688,328.8428955078125,132.5500030517578,139.82772827148438,319.64349365234375,142.78038024902344,237.34339904785156,46.07365036010742,360.8200073242187,106.74984741210938,35.95859146118164,106.45999908447266,131.96731567382812,51.75211334228515,184.92999267578125,86.31710815429688,10.631032943725586,29.590688705444336,107.1104507446289,147.5715789794922,68.60485076904297,64.53670501708984,168.33935546875,88.38238525390625,89.17733001708984,598.8478393554688,195.4706115722656,65.89057159423828,57.0,53.279998779296875,75.20999908447266,57.34000015258789,44.709999084472656,10.539999961853027,76.41999816894531,125.19000244140624,42.529998779296875,27.510000228881836,9.720000267028809,66.47000122070312,41.217926025390625,81.4220962524414,124.91000366210938,26.10022354125977,105.31999969482422,103.50341796875,30.40999984741211,17.360000610351562,187.6699981689453,86.51000213623047,63.5099983215332,172.2100067138672,130.75999450683594,162.1300048828125,368.1600036621094,90.5199966430664,41.66999816894531,63.18000030517578,196.27000427246097,207.04641723632812,551.6300048828125,215.6199951171875,129.08016967773438,241.15052795410156,535.856689453125,266.9034118652344,550.739990234375,74.54984283447266,138.43812561035156,40.0213623046875,25.94805908203125,38.70610809326172,302.95208740234375,52.520469665527344,13.258882522583008,28.33254051208496,140.07586669921875,42.21780014038086,46.58000564575195,3.764035224914551,3.435927391052246,4.491905212402344,17.023473739624023,66.08859252929688,25.505796432495117,104.34646606445312,192.569580078125,286.4676818847656,554.6358642578125,52.758827209472656,106.16619873046876,104.4256591796875,155.2022705078125,37.097755432128906,127.67646026611328,120.30831909179688,57.31150817871094,41.0079345703125,253.9199981689453,84.6640853881836,63.797489166259766,46.55941009521485,106.2933578491211,123.52906036376952,146.0902557373047,163.7733154296875
2023-10-17,175.86105346679688,328.26947021484375,131.47000122070312,140.3253631591797,322.4801025390625,142.47134399414062,238.4605712890625,43.91764450073242,355.7200012207031,107.07391357421876,35.46681594848633,105.13999938964844,133.01956176757812,51.54189682006836,185.6000061035156,87.0130844116211,10.729055404663086,29.856475830078125,108.74845886230467,147.5333251953125,68.52539825439453,64.46231842041016,168.2029266357422,86.60313415527344,88.96224975585938,603.63818359375,193.45506286621097,65.88101196289062,57.15999984741211,54.16999816894531,77.45999908447266,58.130001068115234,44.380001068115234,10.81999969482422,75.87999725341797,125.70999908447266,42.459999084472656,28.0,9.6899995803833,70.05999755859375,41.305267333984375,81.03579711914062,119.76000213623048,25.165374755859375,104.8499984741211,101.1922836303711,31.0,17.84000015258789,187.13999938964844,86.16999816894531,64.62999725341797,172.2899932861328,130.8699951171875,159.38999938964844,365.7000122070313,90.41000366210938,42.47999954223633,63.84000015258789,197.7899932861328,208.34710693359375,568.469970703125,218.07000732421875,128.87278747558594,241.21824645996097,533.7564086914062,271.94244384765625,560.0900268554688,76.06488800048828,139.05519104003906,40.33845520019531,26.553741455078125,38.942405700683594,298.1050720214844,52.49112701416016,13.415303230285645,28.568265914916992,139.61627197265625,42.32274627685547,45.42512512207031,3.7825772762298584,3.3309407234191895,4.3597893714904785,17.085268020629883,66.22513580322266,25.714550018310547,104.39408111572266,192.47244262695312,285.1285095214844,556.6712036132812,52.82755661010742,107.28131866455078,105.79331970214844,157.2572479248047,37.64195251464844,127.93366241455078,120.45235443115234,58.07309341430664,41.66622543334961,254.8500061035156,85.14810943603516,63.953636169433594,47.058929443359375,108.3188247680664,124.98233795166016,146.66200256347656,165.48202514648438
2023-10-18,174.5605926513672,326.34173583984375,128.1300048828125,138.62342834472656,315.483154296875,140.9069061279297,234.7729034423828,42.17645263671875,346.19000244140625,106.29814910888672,35.0537223815918,102.16999816894533,132.6877899169922,51.37945556640625,185.69000244140625,85.07540893554688,10.470630645751951,29.019746780395508,107.56599426269533,145.19973754882812,68.66443634033203,63.6976318359375,166.8971710205078,86.86066436767578,87.5936050415039,578.4664306640625,189.0325469970703,65.44142150878906,55.79999923706055,52.84000015258789,73.93000030517578,56.02000045776367,43.0,10.3100004196167,74.5,122.16999816894533,40.970001220703125,26.829999923706055,9.600000381469728,67.9000015258789,40.65502166748047,80.1666259765625,114.70999908447266,24.438270568847656,105.33000183105467,101.46533966064452,30.190000534057617,17.200000762939453,187.7899932861328,85.3949966430664,62.43000030517578,170.39999389648438,130.6699981689453,153.22999572753906,358.67999267578125,88.29000091552734,41.650001525878906,62.970001220703125,194.0099945068359,203.3727264404297,550.6799926757812,214.61000061035156,126.02847290039062,240.1830596923828,522.5023193359375,265.0260314941406,557.8699951171875,70.90424346923828,137.30355834960938,39.90604782104492,26.255706787109375,38.25240707397461,290.9742736816406,50.68244934082031,13.176071166992188,28.151212692260746,136.6042938232422,41.99835968017578,44.2702522277832,3.745493173599243,3.2354986667633057,4.227675437927246,16.764333724975586,65.24004364013672,25.65761947631836,101.68019104003906,187.91683959960935,279.63671875,556.9620361328125,52.866825103759766,105.0415267944336,107.2749252319336,158.5052490234375,37.55894470214844,129.324462890625,121.53724670410156,58.41050338745117,41.75335311889648,242.67999267578125,83.64665985107422,64.90029907226562,47.20030212402344,110.54396057128906,128.14706420898438,149.23008728027344,149.2833709716797
2023-10-19,174.18338012695312,327.5379638671875,128.39999389648438,138.3248291015625,311.3426513671875,140.30810546875,231.1544952392578,42.08150100708008,401.7699890136719,106.38652801513672,35.08323287963867,102.4000015258789,130.82974243164062,50.949459075927734,182.7899932861328,84.58507537841797,10.274585723876951,28.872087478637695,107.85675048828124,144.35809326171875,67.06551361083984,59.7016487121582,164.41226196289062,84.98054504394531,90.8294906616211,582.9096069335938,183.8762054443359,63.902870178222656,54.810001373291016,51.83000183105469,73.0999984741211,55.40999984741211,42.720001220703125,10.09000015258789,73.37000274658203,119.97000122070312,39.38999938964844,26.549999237060547,9.649999618530272,65.41999816894531,39.9271354675293,78.81458282470703,107.86000061035156,23.67339515686035,104.06999969482422,100.19762420654295,31.670000076293945,17.059999465942383,184.52000427246097,85.45999908447266,62.790000915527344,169.07000732421875,126.56500244140624,153.42999267578125,358.0,87.75,41.13999938964844,62.36000061035156,192.3999938964844,206.83792114257812,559.97998046875,213.2599945068359,131.72695922851562,238.073974609375,516.6573486328125,262.32867431640625,555.739990234375,69.04832458496094,137.09457397460938,39.56974411010742,25.919219970703125,37.86487579345703,288.3050537109375,50.74110412597656,14.04098129272461,28.631732940673828,134.79515075683594,41.09198760986328,43.885292053222656,3.708409070968628,3.063701629638672,4.171054363250732,16.712505340576172,65.37659454345703,25.097780227661133,99.61383819580078,185.0028076171875,276.2934875488281,548.2291870117188,52.61482620239258,103.2782974243164,107.3414077758789,158.67416381835938,37.199214935302734,129.7721710205078,121.33562469482422,57.812801361083984,41.87919998168945,220.11000061035156,82.2341079711914,64.86126708984375,46.41802978515625,109.53599548339844,126.60773468017578,148.11563110351562,141.14987182617188
2023-10-20,171.6221466064453,322.9410400390625,125.16999816894533,136.0953826904297,307.2021179199219,138.04837036132812,230.72938537597656,41.36782455444336,400.9599914550781,100.0135498046875,34.34556579589844,101.80999755859376,130.0240020751953,50.57680130004883,180.0399932861328,83.89698791503906,10.37260913848877,29.196937561035156,105.2882843017578,141.3645782470703,66.75764465332031,59.54296112060547,162.2684326171875,83.59003448486328,89.26529693603516,575.3421630859375,181.7530212402344,63.73085403442383,53.38999938964844,51.13999938964844,74.66000366210938,53.33000183105469,42.959999084472656,10.100000381469728,73.06999969482422,116.48999786376952,38.959999084472656,25.959999084472656,9.4399995803833,64.9000015258789,39.55833053588867,77.2017822265625,106.45999908447266,23.021833419799805,102.77999877929688,98.12053680419922,31.75,16.110000610351562,178.75999450683594,75.56999969482422,59.380001068115234,162.19000244140625,121.5500030517578,147.6699981689453,346.2799987792969,86.08000183105469,40.27000045776367,61.709999084472656,187.07000732421875,202.2805633544922,542.510009765625,211.16000366210935,129.08016967773438,233.817138671875,502.08447265625,255.99522399902344,540.9600219726562,69.2471694946289,134.9547882080078,38.69532775878906,25.294313430786133,37.50569915771485,289.1337890625,49.73410415649414,14.151395797729492,28.622663497924805,133.9639434814453,40.891632080078125,43.019134521484375,3.652783155441284,3.035069465637207,4.237111568450928,16.582937240600586,64.28423309326172,24.680274963378903,98.8330078125,185.04165649414065,275.9466552734375,535.9197998046875,51.9570198059082,103.72625732421876,105.49889373779295,156.54412841796875,36.53510665893555,126.91438293457033,119.10823059082033,56.11611557006836,40.76591491699219,211.9900054931641,81.64143371582031,63.61205291748047,45.54151153564453,107.96697998046876,125.4221420288086,146.19683837890625,135.40858459472656
2023-10-23,171.74127197265625,325.5607604980469,126.55999755859376,137.2499237060547,312.5370178222656,136.16525268554688,228.900390625,42.95509338378906,406.8399963378906,101.7909164428711,33.29317092895508,100.01000213623048,129.28457641601562,49.87925720214844,181.02999877929688,84.37944030761719,10.23002815246582,28.763803482055664,105.31736755371094,139.93954467773438,66.41999053955078,59.46659469604492,159.68609619140625,84.43119812011719,89.06978607177734,582.9691162109375,178.4165802001953,62.354740142822266,53.45000076293945,51.0,77.20999908447266,52.4900016784668,43.040000915527344,9.989999771118164,74.80999755859375,120.38999938964844,38.47999954223633,26.63999938964844,9.489999771118164,64.1500015258789,38.98572540283203,77.75225830078125,107.4000015258789,23.41843605041504,104.19000244140624,98.36432647705078,30.56999969482422,16.200000762939453,179.0800018310547,69.41999816894531,58.70000076293945,162.47999572753906,123.08499908447266,148.58999633789062,342.2799987792969,85.68000030517578,40.08000183105469,61.130001068115234,185.9600067138672,200.56288146972656,541.3800048828125,209.5800018310547,130.56158447265625,233.3140411376953,499.3304748535156,254.5724334716797,540.4099731445312,67.89309692382812,135.85049438476562,37.93621444702149,24.58287811279297,36.75898361206055,288.3340148925781,48.22848892211914,13.755746841430664,28.459468841552734,134.6973876953125,40.96795272827149,43.11537551879883,3.615699052810669,3.0466389656066895,4.180490970611572,16.56698989868164,64.28423309326172,24.556921005249023,100.27088165283205,182.98239135742188,274.65557861328125,535.2994995117188,52.6933708190918,102.38237762451172,103.95077514648438,150.77328491210938,35.880226135253906,125.39974212646484,116.49679565429688,56.72345352172851,40.320594787597656,212.0800018310547,82.08592987060547,61.30883026123047,44.966583251953125,107.50102996826172,124.9918975830078,144.83042907714844,133.06520080566406
2023-10-24,172.1780548095703,326.7569580078125,128.55999755859375,139.45945739746094,311.0838928222656,136.32943725585938,231.9849395751953,43.64276885986328,413.7300109863281,101.33920288085938,34.02099609375,101.66999816894533,130.62118530273438,50.65324401855469,182.36000061035156,89.86027526855469,10.149829864501951,28.11410903930664,106.02489471435548,140.5133819580078,67.60179901123047,59.90695571899414,160.71900939941406,86.28096008300781,89.5879135131836,595.8228149414062,179.64942932128906,65.07827758789062,54.2400016784668,52.349998474121094,82.06999969482422,53.619998931884766,44.189998626708984,10.329999923706056,76.36000061035156,122.01000213623048,39.369998931884766,26.790000915527344,9.710000038146973,64.58999633789062,39.78155517578125,80.03142547607422,111.43000030517578,23.843366622924805,108.33999633789062,103.3668975830078,32.720001220703125,16.639999389648438,182.82000732421875,71.91000366210938,59.630001068115234,164.7899932861328,126.03500366210938,151.1199951171875,352.0400085449219,87.86000061035156,40.540000915527344,62.13999938964844,190.6000061035156,202.76708984375,554.3900146484375,212.3699951171875,132.01336669921875,232.6271514892578,501.103759765625,258.3270568847656,539.5599975585938,67.76053619384766,138.14952087402344,37.74403381347656,24.486738204956055,36.79679489135742,288.2953796386719,48.717323303222656,14.289413452148438,31.09779167175293,137.95382690429688,41.464073181152344,42.73041534423828,3.560072898864746,3.1044862270355225,4.180490970611572,16.78825569152832,65.66719818115234,24.82260513305664,99.91854858398438,181.9662628173828,272.9598693847656,534.8634643554688,53.42646026611328,103.5832748413086,102.9440460205078,146.9917755126953,35.77876281738281,123.78034973144533,115.16226196289062,54.94964599609375,38.94591522216797,216.52000427246097,81.55252075195312,61.02580642700195,44.740386962890625,106.43600463867188,123.14662170410156,144.0357666015625,135.95538330078125
2023-10-25,169.8551025390625,336.7812194824219,121.38999938964844,126.07286071777344,298.1249694824219,135.5858154296875,234.15997314453125,41.7596435546875,411.25,99.60111236572266,32.289947509765625,96.05999755859376,129.9481201171875,50.07036209106445,177.72999572753906,87.94632720947266,10.283496856689451,28.557083129882812,101.55671691894533,135.6071014404297,66.04259490966797,57.85590362548828,155.71023559570312,83.1983413696289,85.677490234375,578.5557250976562,172.1448516845703,64.12265014648438,51.4900016784668,48.4900016784668,77.79000091552734,51.209999084472656,42.349998474121094,9.789999961853027,72.27999877929688,118.5,38.189998626708984,25.559999465942383,9.1899995803833,62.959999084472656,38.14137649536133,78.25444793701172,107.9800033569336,23.720609664916992,107.48999786376952,102.3039779663086,31.100000381469727,15.59000015258789,175.3800048828125,67.41999816894531,56.4900016784668,157.61000061035156,122.3949966430664,142.39999389648438,329.3299865722656,81.58999633789062,39.38999938964844,60.349998474121094,178.58999633789062,195.65802001953125,530.1699829101562,207.2100067138672,129.09005737304688,211.2267913818359,478.5262451171875,245.11672973632812,521.1400146484375,67.6090316772461,125.01232147216795,37.503807067871094,24.563650131225582,36.49433135986328,285.9635009765625,48.26759719848633,13.976574897766112,30.544740676879883,137.87559509277344,40.78668594360352,41.96049499511719,3.4766337871551514,3.0948450565338135,4.171054363250732,16.485261917114258,65.06889343261719,24.69925308227539,98.14739227294922,181.81967163085935,270.6668395996094,533.0703125,53.26609420776367,105.18450164794922,103.13399505615234,146.2598419189453,36.02780532836914,123.58029174804688,115.60391235351562,54.58330535888672,39.09112548828125,212.4199981689453,79.60655975341797,61.74800109863281,45.09852981567383,105.3044204711914,121.2917709350586,142.79534912109375,132.1278533935547
2023-10-26,165.67572021484375,324.1471252441406,119.56999969482422,122.85808563232422,286.9974060058594,135.9334716796875,228.6532287597656,40.30731964111328,403.5400085449219,98.5896987915039,31.98504638671875,93.66999816894533,136.2805633544922,49.08615493774414,179.08999633789062,86.04820251464844,10.114184379577637,28.104265213012695,102.37088012695312,137.7302703857422,64.08613586425781,58.0334358215332,156.75296020507812,80.9578628540039,85.49174499511719,583.3758544921875,175.68675231933594,62.91855239868164,51.75,46.689998626708984,74.61000061035156,50.75,40.619998931884766,9.43000030517578,71.02999877929688,115.47000122070312,38.04999923706055,24.100000381469727,9.300000190734863,62.369998931884766,37.22909164428711,79.68375396728516,108.63999938964844,24.476043701171875,107.58000183105467,102.4697494506836,30.549999237060547,15.289999961853027,171.63999938964844,67.69999694824219,55.529998779296875,154.61000061035156,118.59500122070312,140.83999633789062,327.3299865722656,80.72000122070312,38.959999084472656,59.5,176.02000427246094,194.85379028320312,550.9500122070312,205.97999572753903,129.59373474121094,211.72021484375,474.9796142578125,242.01422119140625,514.280029296875,68.24344635009766,121.69817352294922,38.099571228027344,25.111648559570312,37.184329986572266,286.18511962890625,50.28159713745117,13.912165641784668,31.251922607421875,139.70425415039062,37.352020263671875,40.709381103515625,3.4580914974212646,3.1237688064575195,4.1427435874938965,16.140405654907227,63.273963928222656,24.832096099853516,98.96632385253906,180.49090576171875,267.8438720703125,530.7537841796875,52.94209671020508,105.67058563232422,102.19373321533205,145.20892333984375,35.806434631347656,121.87516021728516,113.58773803710938,53.86028671264648,38.1908073425293,205.7599945068359,78.80645751953125,61.74800109863281,44.45763397216797,104.69583129882812,119.85760498046876,143.4833984375,132.02044677734375
2023-10-27,166.9960479736328,326.0451965332031,127.73999786376952,122.81827545166016,295.3381042480469,131.03732299804688,226.66604614257812,40.481239318847656,397.8699951171875,99.16905212402344,34.95536804199219,96.43000030517578,135.10511779785156,49.267704010009766,179.69000244140625,84.11054229736328,8.875530242919922,26.795032501220703,103.18502807617188,136.87908935546875,65.19844055175781,57.9233512878418,156.4703369140625,82.09474182128906,84.06444549560547,585.1610107421875,175.26605224609375,65.17384338378906,50.38999938964844,46.400001525878906,70.77999877929688,50.189998626708984,41.22999954223633,9.260000228881836,70.6500015258789,114.08999633789062,38.599998474121094,24.36000061035156,9.300000190734863,62.459999084472656,36.87000274658203,79.9831314086914,107.05999755859376,24.22108268737793,108.27999877929688,104.12751007080078,30.989999771118164,15.06999969482422,172.82000732421875,67.08000183105469,55.349998474121094,154.3699951171875,119.3949966430664,143.3800048828125,335.30999755859375,81.68000030517578,38.529998779296875,59.290000915527344,176.4600067138672,195.1715087890625,554.010009765625,206.0099945068359,129.76162719726562,207.850341796875,475.0489501953125,237.4691925048828,508.1199951171875,66.6621322631836,121.58869171142578,37.24436950683594,24.198320388793945,36.14460754394531,279.3627014160156,49.000850677490234,13.636131286621094,30.31808280944824,136.90745544433594,37.81951522827149,39.6507453918457,3.4766337871551514,3.1334102153778076,4.114433765411377,15.955020904541016,64.69618225097656,24.518964767456055,98.8330078125,179.40638732910156,266.360107421875,526.3245239257812,52.7457389831543,102.2012939453125,100.24674224853516,135.45013427734375,35.640411376953125,120.01759338378906,113.09809112548828,53.82172775268555,38.33602523803711,207.3000030517578,78.36194610595703,60.73301696777344,44.08063507080078,105.4850845336914,118.13661193847656,141.48707580566406,131.26861572265625
2023-10-30,169.0509796142578,333.4595642089844,132.7100067138672,125.15719604492188,301.2402648925781,132.7080078125,230.4327850341797,41.14192962646485,410.0799865722656,99.81714630126952,35.10289764404297,96.18000030517578,135.2093963623047,49.27726364135742,182.3500061035156,86.84700012207031,8.706219673156738,26.93284797668457,104.5128936767578,135.60507202148438,65.61555480957031,57.87177276611328,151.90008544921875,82.37775421142578,84.13286590576172,584.0501708984375,166.5090789794922,65.38408660888672,51.04999923706055,46.91999816894531,73.5999984741211,50.40999984741211,42.72999954223633,9.43000030517578,73.20999908447266,116.9499969482422,38.970001220703125,25.100000381469727,9.699999809265137,61.310001373291016,37.50083923339844,80.29217529296875,106.16999816894533,24.49492835998535,104.26000213623048,105.17093658447266,31.739999771118164,14.6899995803833,174.61000061035156,65.76000213623047,55.880001068115234,156.80999755859375,119.2750015258789,144.16000366210938,336.29998779296875,80.41000366210938,38.77000045776367,60.0,177.99000549316406,197.852294921875,568.5399780273438,207.1999969482422,131.9936065673828,209.0500030517578,482.9545593261719,237.19253540039065,526.9400024414062,67.65892791748047,123.8677978515625,37.88816833496094,24.698246002197266,36.79679489135742,289.8853759765625,49.61677932739258,14.04098129272461,31.387922286987305,138.44277954101562,38.592308044433594,40.228179931640625,3.522988557815552,3.1719748973846436,4.114433765411377,16.293895721435547,65.15717315673828,24.82260513305664,99.52812957763672,183.41229248046875,271.19677734375,537.8098754882812,53.3511848449707,103.57374572753906,100.56015014648438,137.0828399658203,35.37291717529297,119.50318908691406,113.4245147705078,54.37122344970703,38.161766052246094,197.36000061035156,79.69547271728516,60.186485290527344,43.515132904052734,106.92097473144533,118.78675842285156,142.32049560546875,124.40445709228516
2023-10-31,169.52749633789062,334.25042724609375,133.08999633789062,124.7093276977539,299.85675048828125,134.29176330566406,232.4298553466797,40.7611083984375,411.69000244140625,101.53560638427734,35.899574279785156,98.5,137.11480712890625,49.8123664855957,186.82000732421875,85.91375732421875,8.823869705200195,27.75973129272461,105.63719940185548,137.06246948242188,66.41004943847656,58.33990478515625,153.3130645751953,82.38949584960938,84.37727355957031,593.8987426757812,168.71058654785156,65.22162628173828,51.79999923706055,47.189998626708984,77.12000274658203,51.2599983215332,43.279998779296875,9.170000076293944,74.94999694824219,118.29000091552734,36.25,29.8799991607666,10.010000228881836,62.29999923706055,38.07344436645508,79.71272277832031,105.0,24.003894805908203,101.41999816894533,104.26403045654295,31.809999465942383,14.800000190734863,176.77000427246094,67.41000366210938,56.689998626708984,158.69000244140625,121.51000213623048,145.1300048828125,344.5899963378906,81.47000122070312,38.880001068115234,59.97999954223633,180.63999938964844,199.40121459960935,581.8499755859375,211.7100067138672,132.3392791748047,211.12039184570312,490.3351135253906,242.04388427734375,532.0599975585938,67.87939453125,123.48960876464844,38.214874267578125,25.323152542114254,37.32610702514648,292.5642395019531,50.87797927856445,14.169797897338867,31.85030937194824,140.68215942382812,39.393741607666016,41.190574645996094,3.5508017539978027,3.1912577152252197,4.208801746368408,16.555030822753906,65.62797546386719,24.983915328979492,101.5849838256836,186.1968994140625,274.2894592285156,535.4450073242188,53.478816986083984,105.59434509277344,100.53166198730467,136.7450408935547,33.74032211303711,120.2652587890625,114.05818939208984,53.6578369140625,38.08432388305664,200.83999633789065,80.5943603515625,60.323123931884766,43.89213562011719,108.47096252441406,121.42561340332033,146.57479858398438,123.789306640625
2023-11-01,172.70419311523438,342.1195373535156,137.0,126.96861267089844,310.3871154785156,134.17588806152344,235.8703155517578,42.305397033691406,420.19000244140625,103.84323120117188,36.67657852172851,108.04000091552734,137.83526611328125,49.86969757080078,189.3800048828125,84.82233428955078,8.968671798706055,27.56285285949707,107.478759765625,138.18206787109375,68.92265319824219,60.168792724609375,155.17430114746094,83.52246856689453,85.83391571044922,604.8265991210938,168.79864501953125,68.07894897460938,51.65999984741211,48.790000915527344,77.80999755859375,50.4900016784668,43.83000183105469,9.170000076293944,75.9000015258789,119.47000122070312,36.459999084472656,29.920000076293945,9.989999771118164,60.65999984741211,37.56877136230469,79.65478515625,104.97000122070312,23.91891098022461,102.93000030517578,105.65850830078124,31.84000015258789,14.920000076293944,178.35000610351562,68.7300033569336,54.95000076293945,156.64999389648438,122.43000030517578,144.25999450683594,339.0199890136719,80.0999984741211,38.689998626708984,60.029998779296875,177.85000610351562,202.45928955078125,593.47998046875,211.4600067138672,134.39349365234375,203.52577209472656,484.6089782714844,148.89004516601562,544.5,68.00398254394531,125.84832000732422,38.061134338378906,25.380834579467773,37.43008041381836,295.985107421875,51.64056015014648,14.335418701171877,32.09510803222656,141.84591674804688,39.89939498901367,43.307857513427734,3.4859046936035156,3.1237688064575195,4.180490970611572,16.949718475341797,67.354248046875,25.126245498657227,105.90814971923828,186.90036010742188,276.1585998535156,539.6707153320312,53.956634521484375,104.4029541015625,100.33221435546876,135.10293579101562,33.288360595703125,118.3314971923828,112.01319885253906,53.85064697265625,38.161766052246094,205.66000366210935,80.0807113647461,59.88394546508789,43.55283737182617,110.39181518554688,122.12358856201172,150.41238403320312,120.05941772460938
2023-11-02,176.2780303955078,344.3438720703125,138.07000732421875,127.97386169433594,309.4117431640625,136.5708465576172,240.48727416992188,43.48583984375,424.7099914550781,104.94303131103516,37.07984161376953,107.83000183105467,139.36151123046875,50.40480422973633,192.0099945068359,85.24150848388672,9.176824569702148,28.35036277770996,113.7497329711914,142.1778106689453,69.95549011230469,61.817169189453125,160.1440887451172,85.32032775878906,88.45390319824219,627.815673828125,173.75926208496094,68.6236572265625,55.060001373291016,59.70000076293945,84.5999984741211,52.189998626708984,46.47999954223633,9.9399995803833,87.79000091552734,115.5,35.5,30.719999313354492,10.43000030517578,61.630001068115234,37.840518951416016,80.55293273925781,107.0500030517578,24.372169494628903,101.30999755859376,107.0334930419922,33.560001373291016,17.969999313354492,182.8000030517578,67.98999786376953,56.58000183105469,159.19000244140625,125.18000030517578,142.75,329.0,79.23999786376953,39.880001068115234,61.279998779296875,181.3999938964844,206.62939453125,599.4299926757812,212.9199981689453,136.86251831054688,211.4493103027344,495.6847534179687,160.71705627441406,558.7100219726562,70.4097671508789,126.88337707519533,39.27295684814453,26.553741455078125,39.08418273925781,302.34503173828125,53.70344543457031,14.473437309265137,32.548423767089844,143.26385498046875,40.54816818237305,44.75144958496094,3.5786147117614746,3.2298226356506348,4.293732643127441,17.25470733642578,67.33464813232422,25.46784019470215,110.3265380859375,189.86085510253903,283.7699890136719,539.8552856445312,54.16935348510742,105.8612060546875,103.62786102294922,139.58824157714844,33.99858856201172,122.5514907836914,117.14965057373048,55.296688079833984,39.29442596435547,218.5099945068359,82.27362060546875,61.74800109863281,44.551883697509766,112.32217407226562,123.29959869384766,150.955078125,121.68026733398438
2023-11-03,175.36468505859375,348.7727355957031,138.60000610351562,129.7554168701172,313.124267578125,138.0966796875,240.8332977294922,44.98414993286133,432.3599853515625,106.1017608642578,37.51259994506836,112.25,140.20521545410156,50.65324401855469,195.0500030517578,86.14311981201172,9.556930541992188,29.30521774291992,115.84326934814452,144.99609375,72.08077239990234,62.88832092285156,163.63267517089844,86.43468475341797,89.73455810546875,638.773193359375,177.6338653564453,69.07280731201172,56.099998474121094,61.470001220703125,85.80000305175781,54.099998474121094,47.75,10.65999984741211,92.48999786376952,122.63999938964844,37.689998626708984,30.940000534057617,10.720000267028809,65.25,39.34482192993164,82.3878402709961,109.66000366210938,25.439220428466797,106.41999816894533,109.9199676513672,34.900001525878906,18.88999938964844,188.2400054931641,69.87999725341797,64.41999816894531,164.3699951171875,121.76499938964844,149.99000549316406,343.1099853515625,82.04000091552734,41.09000015258789,62.9900016784668,176.89999389648438,205.9939727783203,606.760009765625,218.41000366210935,137.25755310058594,212.17491149902344,493.8619079589844,157.12054443359375,563.6599731445312,73.09351348876953,128.48573303222656,40.349063873291016,27.32285499572754,40.46295166015625,315.7007751464844,54.58335494995117,14.611455917358398,32.65721893310547,144.2320098876953,41.19693756103515,47.63863754272461,3.680596113204956,3.33587646484375,4.406973838806152,17.426136016845703,68.17816162109375,26.018190383911133,114.09740447998048,190.46661376953125,284.8105163574219,544.6423950195312,53.88790512084961,107.55773162841795,102.36469268798828,138.50912475585938,33.38982391357422,122.0847396850586,114.97025299072266,54.824317932128906,39.00400924682617,219.9600067138672,84.03189849853516,61.49425506591797,44.617862701416016,111.05745697021484,120.88064575195312,146.11932373046875,124.96099090576172
2023-11-06,177.92593383789062,352.46014404296875,139.74000549316406,130.83033752441406,314.318603515625,139.1396484375,240.7245635986328,45.72980499267578,434.739990234375,107.14263916015624,37.448463439941406,111.75,141.21951293945312,50.92079162597656,192.9499969482422,88.40503692626953,9.33067798614502,28.65552520751953,116.24066162109376,142.36119079589844,72.41842651367188,63.38124465942383,163.29161071777344,86.2535400390625,90.5264129638672,633.8314208984375,178.8568878173828,67.97383117675781,54.619998931884766,60.43000030517578,86.37000274658203,53.209999084472656,48.13999938964844,10.529999732971191,89.04000091552734,118.16999816894533,37.11000061035156,30.920000076293945,10.729999542236328,63.08000183105469,39.17012405395508,82.43612670898438,108.4000015258789,25.599750518798828,107.12999725341795,108.7887725830078,33.849998474121094,18.540000915527344,186.77999877929688,67.76000213623047,63.11000061035156,163.47000122070312,118.5,144.1999969482422,332.3500061035156,79.55000305175781,40.40999984741211,61.81999969482422,173.5500030517578,205.94432067871097,609.25,218.38999938964844,136.8328857421875,213.36488342285156,495.8333435058594,158.96820068359375,565.4500122070312,72.76761627197266,129.6302490234375,40.07761764526367,27.236328125,40.2523078918457,312.125732421875,54.37803649902344,14.491838455200195,32.31269454956055,144.0852813720703,40.51000213623047,45.32888412475586,3.662054061889648,3.306952714920044,4.378663063049316,17.28061866760254,70.59102630615234,25.93279266357422,113.0499496459961,189.7729034423828,283.80853271484375,553.3038330078125,53.95990753173828,105.84214782714844,100.5506591796875,137.9367218017578,33.4820556640625,120.4272003173828,113.74134826660156,54.448341369628906,38.258575439453125,219.27000427246097,82.99471282958984,60.26456451416016,44.03350830078125,111.11450958251952,120.29741668701172,145.285888671875,116.64197540283203
2023-11-07,180.4971160888672,356.4145202636719,142.7100067138672,131.77584838867188,317.3244934082031,139.072021484375,241.9900054931641,45.933712005615234,434.6099853515625,107.0248031616211,38.25762176513672,113.4499969482422,141.08682250976562,50.76791000366211,191.41000366210935,88.42086791992188,9.203975677490234,27.96645164489746,117.00637817382812,141.48289489746094,72.29925537109375,63.60043716430664,163.8178253173828,87.91724395751953,90.3406753540039,632.707763671875,181.79217529296875,67.69669342041016,54.630001068115234,61.689998626708984,89.06999969482422,55.40999984741211,49.91999816894531,10.829999923706056,88.91000366210938,121.08000183105467,38.0099983215332,30.950000762939453,10.960000038146973,64.83999633789062,39.56803894042969,82.48442077636719,108.01000213623048,25.325904846191406,109.37000274658205,109.04231262207033,35.06999969482422,18.799999237060547,192.36000061035156,68.44999694824219,66.0,171.38999938964844,121.04000091552734,159.57000732421875,369.0400085449219,102.1999969482422,41.08000183105469,62.689998626708984,178.92999267578125,210.33285522460935,613.9099731445312,221.4499969482422,138.91673278808594,215.019287109375,509.1182861328125,165.83518981933594,585.2000122070312,72.3746566772461,130.34681701660156,39.786773681640625,27.072893142700195,40.17570877075195,312.1642761230469,53.99674987792969,14.574650764465332,32.584686279296875,143.87994384765625,40.10929107666016,45.32888412475586,3.624969959259033,3.306952714920044,4.350353240966797,17.493911743164062,70.23792266845703,25.93279266357422,114.65923309326172,190.1148681640625,284.001220703125,554.7117919921875,54.2119026184082,106.1280746459961,98.97406005859376,135.5064239501953,32.71649932861328,116.8263931274414,110.64987182617188,51.411651611328125,36.73868942260742,222.17999267578125,83.55775451660156,58.751853942871094,42.68573760986328,108.27127075195312,117.64900970458984,141.64212036132812,119.2294692993164
2023-11-08,181.5593109130859,359.05401611328125,142.0800018310547,132.63180541992188,318.2799377441406,139.75767517089844,241.65316772460935,46.55242538452149,436.6499938964844,110.3045883178711,37.418853759765625,113.58999633789062,140.3284454345703,50.6436882019043,191.8300018310547,90.04217529296875,9.095373153686523,27.12972068786621,116.36666870117188,140.16064453125,71.78282928466797,64.22725677490234,164.597412109375,89.22061157226562,89.93985748291016,635.6708984375,179.39503479003906,68.67144775390625,55.08000183105469,62.7400016784668,88.31999969482422,55.810001373291016,49.5,10.720000267028809,87.30999755859375,117.66000366210938,37.779998779296875,31.3700008392334,11.229999542236328,63.9900016784668,38.772212982177734,81.89531707763672,107.41999816894533,24.976518630981445,109.6500015258789,109.33486938476562,39.220001220703125,18.489999771118164,193.8300018310547,67.44999694824219,64.58000183105469,173.9600067138672,120.54000091552734,158.5800018310547,370.0400085449219,99.98999786376952,41.130001068115234,61.83000183105469,174.47999572753906,209.9654998779297,625.3300170898438,222.6000061035156,140.40802001953125,218.1441650390625,517.5093383789062,165.51901245117188,585.3099975585938,72.8155517578125,131.21267700195312,39.72861099243164,26.813318252563477,40.04166030883789,312.7520751953125,53.67411804199219,14.399827003479004,32.43056106567383,143.40077209472656,39.61317825317383,45.04016876220703,3.615699052810669,3.355159044265747,4.3597893714904785,17.450056076049805,71.09126281738281,25.818925857543945,115.10678100585938,190.21258544921875,285.1092224121094,550.9346313476562,53.77008819580078,104.69841766357422,97.75837707519533,133.62033081054688,32.19074249267578,115.46417236328124,109.88180541992188,51.02604293823242,36.583797454833984,222.11000061035156,83.46885681152344,59.67900085449219,41.63956451416016,106.32189178466795,116.2435302734375,139.06436157226562,116.20259094238281
2023-11-09,181.08279418945312,356.5726623535156,140.60000610351562,131.06919860839844,319.04632568359375,139.34242248535156,239.40415954589844,46.92824935913086,435.1499938964844,110.15728759765624,37.30044174194336,113.48999786376952,140.56813049316406,49.68814849853515,193.3300018310547,89.44110107421875,8.778619766235352,26.23392868041992,116.40543365478516,138.27859497070312,73.06396484375,64.49305725097656,162.86285400390625,89.24508666992188,89.5683822631836,630.66943359375,176.44017028808594,68.80522155761719,54.279998779296875,60.369998931884766,92.86000061035156,56.0,50.04999923706055,10.079999923706056,84.52999877929688,115.5199966430664,36.15999984741211,31.260000228881836,11.239999771118164,62.02000045776367,38.752803802490234,79.89622497558594,105.16000366210938,24.315513610839844,108.33000183105467,110.16374969482422,38.04999923706055,18.270000457763672,190.7599945068359,66.30000305175781,62.18000030517578,170.6999969482422,121.29499816894533,156.35000610351562,365.30999755859375,100.2300033569336,40.040000915527344,60.650001525878906,170.83999633789062,208.515869140625,619.760009765625,225.4499969482422,140.68453979492188,219.15037536621097,509.742431640625,165.7561492919922,577.739990234375,71.10946655273438,129.6202850341797,39.166316986083984,26.467214584350582,39.73527145385742,309.1095886230469,53.19286346435547,14.381424903869627,32.29456329345703,143.6452178955078,39.002567291259766,45.13640594482422,3.5971570014953613,3.326235055923462,4.350353240966797,16.29190444946289,70.85584259033203,25.638641357421875,113.9164810180664,186.1187286376953,277.353271484375,546.9437255859375,53.645721435546875,101.78192901611328,97.78687286376952,133.188720703125,32.392494201660156,115.54991912841795,109.59378051757812,50.84287643432617,36.593475341796875,209.97999572753903,89.23758697509766,59.12271499633789,41.60186767578125,105.1998062133789,114.65637969970705,137.41690063476562,111.89662170410156
2023-11-10,185.28756713867188,365.4501953125,143.55999755859375,133.42800903320312,327.227783203125,141.4090576171875,242.9807586669922,48.31260681152344,447.239990234375,111.03124237060548,38.346431732177734,118.58999633789062,142.86907958984375,50.251914978027344,196.6499938964844,91.16522216796876,8.923420906066895,26.43080711364746,120.38899993896484,142.06199645996094,74.8416519165039,67.98123168945312,167.92031860351562,93.76325225830078,95.25804138183594,657.5364990234375,182.64340209960935,69.20658874511719,54.77000045776367,61.34000015258789,92.91999816894533,58.84000015258789,51.58000183105469,10.260000228881836,87.47000122070312,118.1500015258789,36.70000076293945,31.06999969482422,11.31999969482422,63.2400016784668,38.67515563964844,79.91553497314453,105.94000244140624,24.3249568939209,109.04000091552734,111.05113983154295,38.41999816894531,19.670000076293945,196.30999755859375,67.7699966430664,63.08000183105469,175.0399932861328,126.75499725341795,160.39999389648438,376.8900146484375,103.6500015258789,40.97999954223633,62.060001373291016,176.2899932861328,212.11013793945312,634.760009765625,230.0099945068359,143.3017120361328,221.05625915527344,523.9586181640625,169.1155242919922,597.219970703125,72.2021255493164,131.95912170410156,39.641353607177734,26.61142349243164,40.29060745239258,313.6675720214844,53.43840026855469,14.390626907348633,32.37615966796875,144.349365234375,39.98526382446289,44.55896759033203,3.6342408657073975,3.364800453186035,4.3597893714904785,17.13111686706543,72.09171295166016,26.20796775817871,116.36373138427734,190.13441467285156,280.9374084472656,560.3922729492188,54.38861846923828,103.2497100830078,98.53718566894533,134.13644409179688,32.766109466552734,116.88355255126952,110.99549865722656,51.38273620605469,37.067840576171875,214.6499938964844,87.19284057617188,59.51308822631836,42.99676132202149,107.87189483642578,117.2856674194336,140.64395141601562,114.22048950195312
2023-11-13,183.6970977783203,362.4942626953125,142.58999633789062,133.00999450683594,327.6457824707031,140.7813262939453,242.4061279296875,48.59747314453125,444.6199951171875,112.0917739868164,37.72475814819336,116.79000091552734,141.98704528808594,49.907920837402344,204.5399932861328,91.36295318603516,8.887222290039062,26.480026245117188,120.04007720947266,140.78799438476562,74.2656478881836,66.79106903076172,166.302734375,92.72626495361328,94.2608871459961,650.8942260742188,180.85287475585935,69.2543716430664,54.38999938964844,62.34000015258789,92.63999938964844,58.439998626708984,52.2400016784668,9.770000457763672,89.7699966430664,119.1500015258789,35.709999084472656,31.489999771118164,11.300000190734863,63.209999084472656,37.58818435668945,79.44232177734375,107.20999908447266,24.315513610839844,109.2300033569336,112.27009582519533,38.75,19.709999084472656,200.9600067138672,68.2300033569336,63.88999938964844,178.1699981689453,127.81999969482422,158.6999969482422,377.9700012207031,104.25,41.119998931884766,61.540000915527344,175.0399932861328,213.74839782714844,638.4099731445312,226.3000030517578,143.23257446289062,218.98587036132812,527.2179565429688,169.9454803466797,590.3400268554688,71.9241714477539,131.4614715576172,39.525020599365234,26.630651473999023,40.884246826171875,315.0166015625,52.996437072753906,14.335418701171877,32.475887298583984,143.95819091796875,39.58455276489258,44.94393157958984,3.671325206756592,3.355159044265747,4.322042942047119,16.610843658447266,72.35652160644531,26.359785079956055,116.41136169433594,189.3918609619141,277.5459899902344,561.4700927734375,54.876251220703125,102.26801300048828,99.57240295410156,135.1217041015625,33.345218658447266,117.22647857666016,111.31392669677734,52.05755615234375,37.426025390625,223.7100067138672,88.34857177734375,60.127933502197266,42.808258056640625,108.54704284667967,118.81544494628906,142.2235565185547,111.49629974365234
2023-11-14,186.32135009765625,366.0433044433594,145.8000030517578,134.79156494140625,334.7323913574219,143.35015869140625,244.65512084960935,49.63299560546875,448.6499938964844,114.00659942626952,38.88916778564453,119.87999725341795,144.20169067382812,50.80612564086914,207.47000122070312,92.7311782836914,9.412127494812012,27.75973129272461,123.44210052490234,144.70654296875,76.63919830322266,68.92245483398438,173.04605102539062,95.27518463134766,96.69512939453124,671.5864868164062,190.6861114501953,71.2994155883789,56.68000030517578,65.5199966430664,92.08999633789062,61.599998474121094,53.880001068115234,10.510000228881836,93.69000244140624,126.68000030517578,40.08000183105469,32.16999816894531,12.149999618530272,68.37999725341797,39.15071868896485,80.99717712402344,109.54000091552734,25.22203254699707,111.0,111.4412078857422,39.2400016784668,19.940000534057617,207.97000122070312,70.18000030517578,70.61000061035156,187.08999633789065,130.5850067138672,165.86000061035156,397.7699890136719,109.0199966430664,42.72999954223633,62.77000045776367,186.1999969482422,219.60641479492188,654.1699829101562,232.4199981689453,145.82998657226562,222.92347717285156,550.3403930664062,174.17434692382812,604.3300170898438,75.05838012695312,132.9842071533203,40.79501724243164,28.091970443725582,42.473655700683594,326.3969421386719,53.81161880493164,14.381424903869627,32.53029251098633,143.7625732421875,39.94710159301758,47.06120300292969,3.726951360702514,3.4419305324554443,4.529652118682861,16.957693099975586,72.47423553466797,26.834224700927734,122.13431549072266,197.59909057617188,292.5375061035156,573.6758422851562,54.86642837524414,106.68806457519533,99.95579528808594,136.10696411132812,33.48531723022461,119.1888427734375,111.48760986328124,52.394962310791016,37.9294319152832,237.41000366210935,89.95867919921875,60.24504089355469,43.109867095947266,109.37433624267578,120.54600524902344,146.01272583007812,122.36373901367188
2023-11-15,186.887939453125,366.1919250488281,143.1999969482422,135.73707580566406,331.1492919921875,144.60557556152344,245.81430053710935,48.86534881591797,461.94000244140625,112.0033950805664,40.07330703735352,118.0,146.28211975097656,50.91123580932617,208.7100067138672,91.97984313964844,9.47548007965088,27.700666427612305,124.95410919189452,146.57894897460938,76.60941314697266,69.21800994873047,176.16433715820312,95.51412963867188,96.58758544921876,674.1618041992188,196.4196929931641,71.24208068847656,58.25,67.8499984741211,98.1500015258789,62.15999984741211,53.7599983215332,10.859999656677246,95.16000366210938,128.35000610351562,40.540000915527344,31.65999984741211,12.199999809265137,71.73999786376953,39.422462463378906,84.08755493164062,112.83999633789062,26.997303009033203,114.41999816894533,112.2213363647461,39.7599983215332,19.950000762939453,204.2899932861328,70.41000366210938,70.80999755859375,184.55999755859375,128.08999633789062,163.02999877929688,392.5799865722656,109.44000244140624,43.380001068115234,63.7400016784668,187.32000732421875,217.8589324951172,650.9000244140625,231.5099945068359,146.6793212890625,222.962158203125,550.360107421875,174.99444580078125,595.3099975585938,76.37150573730469,133.97946166992188,41.53180694580078,28.476531982421875,42.97154235839844,325.31768798828125,55.078582763671875,14.501039505004885,32.63908767700195,143.94839477539062,40.5767822265625,49.948394775390625,3.68986701965332,3.4612128734588623,4.595708847045898,17.366334915161133,71.54244995117188,27.014509201049805,120.79165649414062,200.1492156982422,296.9309387207031,579.4824829101562,55.56351089477539,125.62979888916016,99.35197448730467,136.58551025390625,33.242469787597656,117.23600769042967,110.99549865722656,51.749061584472656,37.21304702758789,242.83999633789065,92.78377532958984,59.82538986206055,42.90251541137695,109.8212661743164,121.13877868652344,146.48532104492188,124.7071304321289
2023-11-16,188.5778045654297,372.63079833984375,142.8300018310547,138.04615783691406,332.622314453125,146.2569122314453,246.27003479003903,49.45708084106445,466.9500122070313,112.6023941040039,42.7770881652832,119.83000183105467,146.74229431152344,45.904205322265625,206.6000061035156,94.06776428222656,9.194924354553224,27.05097007751465,124.74087524414062,146.5982666015625,76.14264678955078,69.46993255615234,175.2483367919922,93.96204376220705,96.33341217041016,677.0155639648438,196.46861267089844,72.23592376708984,56.81999969482422,67.27999877929688,96.91999816894533,61.54999923706055,54.41999816894531,10.399999618530272,95.08999633789062,126.27999877929688,40.709999084472656,31.270000457763672,12.06999969482422,70.1500015258789,38.99543380737305,76.40021514892578,109.29000091552734,26.51571273803711,113.0500030517578,109.55915832519533,38.36000061035156,19.770000457763672,204.27000427246097,69.62000274658203,70.69999694824219,186.17999267578125,121.1500015258789,160.97000122070312,389.0700073242187,109.12000274658205,42.619998931884766,63.400001525878906,186.5,219.87449645996097,652.280029296875,231.9499969482422,146.74844360351562,222.4300537109375,551.7570190429688,171.5758056640625,602.0599975585938,76.35232543945312,136.2784423828125,41.23127365112305,28.399620056152344,42.77046585083008,324.42156982421875,54.675899505615234,14.611455917358398,32.80228042602539,144.2320098876953,40.46229934692383,49.370948791503906,3.708409070968628,3.413006544113159,4.567399024963379,17.462018966674805,71.15010833740234,26.767799377441406,121.01068115234376,197.63816833496097,295.2449035644531,561.8099365234375,51.06685256958008,125.12905883789062,98.20184326171876,134.4236602783203,32.71006393432617,114.97836303710938,108.06212615966795,50.23554229736328,35.993263244628906,233.58999633789065,93.35669708251952,58.85920333862305,41.74324035644531,108.94798278808594,117.5146484375,141.38906860351562,119.7079086303711
2023-11-17,188.55792236328125,366.3702087402344,145.17999267578125,136.29444885253906,333.4683837890625,147.57997131347656,247.25086975097656,49.27516174316406,465.9100036621094,113.27994537353516,43.23101806640625,120.62000274658205,146.57931518554688,45.63665390014648,208.0399932861328,94.85074615478516,9.294476509094238,27.59238624572754,125.4872055053711,149.233154296875,77.02652740478516,69.46001434326172,178.37637329101562,95.74227905273438,97.35012817382812,682.2060546875,196.6055908203125,72.5130615234375,56.540000915527344,68.33999633789062,99.0500030517578,63.11000061035156,54.439998626708984,10.579999923706056,95.2300033569336,127.1500015258789,39.09000015258789,31.489999771118164,11.890000343322754,72.52999877929688,38.95661163330078,74.94194030761719,108.0999984741211,26.07189559936523,115.1500015258789,114.23017120361328,37.90999984741211,20.489999771118164,207.08999633789065,70.22000122070312,72.69000244140625,187.47000122070312,123.79499816894533,161.85000610351562,392.5700073242187,109.54000091552734,42.95000076293945,64.12000274658203,184.9900054931641,219.64614868164065,654.3599853515625,231.66000366210935,148.0915985107422,221.92697143554688,554.9370727539062,175.3798065185547,602.6599731445312,76.94658660888672,134.66616821289062,41.64814758300781,28.822633743286133,43.431129455566406,326.84979248046875,55.766082763671875,14.629857063293455,32.84761428833008,144.4471435546875,40.47183609008789,48.88975524902344,3.745493173599243,3.432288885116577,4.642893314361572,17.47198486328125,72.18978118896484,26.86269187927246,121.40108489990234,199.0255889892578,296.0445251464844,560.4214477539062,50.84103775024414,125.08089447021484,100.5979461669922,136.97427368164062,33.26115036010742,118.12191772460938,110.5709228515625,50.948917388916016,36.77741622924805,234.3000030517578,93.0010986328125,59.49357223510742,42.751712799072266,111.67337036132812,119.62551879882812,144.11744689941406,124.3849105834961
2023-11-20,190.30740356445312,373.8887939453125,146.1300048828125,137.2698211669922,338.3752136230469,148.03384399414062,247.65708923339844,50.38564682006836,474.4700012207031,114.81182861328124,44.14872741699219,121.52999877929688,147.97906494140625,46.12397766113281,217.7100067138672,94.9614715576172,9.357827186584473,28.07473373413086,125.52596282958984,150.12109375,78.07923126220703,71.32559967041016,179.12673950195312,97.50293731689452,97.72160339355467,690.3795166015625,198.9538116455078,73.64070892333984,56.9900016784668,69.51000213623047,106.0999984741211,63.630001068115234,54.75,10.390000343322754,95.75,129.6999969482422,38.689998626708984,32.130001068115234,12.149999618530272,72.06999969482422,38.28696060180664,75.7724838256836,111.29000091552734,26.95952796936035,118.77999877929688,115.52713012695312,37.86000061035156,21.34000015258789,207.72999572753903,72.05999755859375,72.80999755859375,191.9600067138672,130.28500366210938,166.72999572753906,407.6099853515625,111.7699966430664,43.79999923706055,66.0,186.1000061035156,223.5283203125,666.9199829101562,237.02000427246097,151.40008544921875,224.17149353027344,559.236572265625,180.26080322265625,612.7000122070312,76.39067840576172,135.6016845703125,41.48333358764648,28.851472854614254,43.33538055419922,327.100341796875,55.55001449584961,14.813880920410156,33.300933837890625,145.2196807861328,40.96795272827149,49.467193603515625,3.8196613788604736,3.4612128734588623,4.756134510040283,17.450056076049805,71.95439147949219,26.559051513671875,122.17240142822266,199.7486267089844,296.9309387207031,563.9656372070312,50.82467269897461,124.84978485107422,100.15705871582033,136.89840698242188,33.51333999633789,119.29361724853516,111.3428726196289,50.84287643432617,36.980709075927734,235.6000061035156,93.87035369873048,59.66923904418945,43.02503967285156,113.34314727783205,120.22311401367188,145.17958068847656,127.28485107421875
2023-11-21,189.50225830078125,369.5599670410156,143.89999389648438,137.96653747558594,335.3992614746094,147.7248077392578,249.89617919921875,49.920860290527344,474.9500122070313,113.98696899414062,43.063262939453125,119.16000366210938,147.55723571777344,45.67486953735352,218.27000427246097,94.8191146850586,9.222074508666992,27.464412689208984,123.11255645751952,148.08460998535156,76.182373046875,70.1572494506836,176.62232971191406,96.0820770263672,96.20632934570312,680.5454711914062,196.11639404296875,72.6850814819336,55.400001525878906,69.7300033569336,105.48999786376952,62.529998779296875,54.849998474121094,10.380000114440918,94.5999984741211,126.81999969482422,38.34000015258789,31.56999969482422,12.0600004196167,70.58999633789062,39.19924545288086,76.23603820800781,113.41999816894533,26.51571273803711,117.33999633789062,113.5865707397461,36.720001220703125,19.799999237060547,208.97999572753903,71.0199966430664,73.8499984741211,191.36000061035156,132.01499938964844,166.6699981689453,405.510009765625,111.93000030517578,42.5,65.94000244140625,185.07000732421875,222.7240753173828,668.4000244140625,236.67999267578125,150.61000061035156,223.6877593994141,556.938232421875,175.9923858642578,610.989990234375,75.21174621582031,136.31825256347656,41.29913330078125,28.51498794555664,43.172611236572266,322.7833557128906,54.99018859863281,14.896690368652344,33.77238845825195,145.32723999023438,40.64356994628906,46.67624282836914,3.7825772762298584,3.4033656120300293,4.671203136444092,17.300554275512695,72.20940399169922,26.44518661499023,120.7249984741211,193.5150146484375,294.18505859375,567.3640747070312,51.0079460144043,125.95719909667967,100.11872863769533,136.57603454589844,33.382572174072266,118.36007690429688,111.1305923461914,50.8235969543457,36.99039077758789,241.1999969482422,93.29743194580078,59.28861999511719,42.64803695678711,112.67140197753906,118.71947479248048,143.85433959960938,123.15463256835938
2023-11-22,190.16824340820312,374.2949523925781,146.7100067138672,139.3599395751953,339.8880920410156,148.07244873046875,251.37240600585935,48.69342422485352,478.0,114.14408111572266,43.09286117553711,122.51000213623048,148.7268829345703,45.94242477416992,219.91000366210935,94.58975219726562,9.285426139831545,27.661291122436523,123.57778930664062,148.56719970703125,76.56968688964844,71.15798950195312,178.00607299804688,95.1811752319336,96.4409408569336,680.92333984375,195.27491760253903,73.1533432006836,56.34000015258789,70.95999908447266,109.25,62.65999984741211,55.369998931884766,10.289999961853027,95.3499984741211,129.0399932861328,39.7599983215332,31.760000228881836,12.3100004196167,71.4800033569336,40.412391662597656,76.2553482055664,120.12000274658205,26.732898712158203,117.44000244140624,113.85961151123048,37.81999969482422,19.690000534057617,209.61000061035156,71.93000030517578,73.68000030517578,190.63999938964844,131.57000732421875,168.9199981689453,405.0700073242187,112.12999725341795,42.2599983215332,63.83000183105469,180.5500030517578,222.2474822998047,669.6599731445312,234.2599945068359,151.26182556152344,223.6297149658203,558.9691162109375,175.3798065185547,619.719970703125,75.23091888427734,137.83103942871094,41.473636627197266,28.486146926879883,43.1055908203125,326.3198547363281,54.93125534057617,14.878288269042969,33.86305618286133,145.62063598632812,40.529083251953125,47.157440185546875,3.8196613788604736,3.4033656120300293,4.66176700592041,17.460023880004883,73.24909973144531,27.194795608520508,121.3439483642578,193.9253692626953,297.904052734375,572.0056762695312,50.61849594116211,125.6683120727539,99.68743133544922,136.85101318359375,32.94357681274414,117.3312759399414,110.82181549072266,50.63078689575195,36.68060302734375,234.2100067138672,93.9098663330078,58.76160430908203,42.56321334838867,113.24717712402344,120.8303451538086,145.39393615722656,123.60377502441406
2023-11-24,188.83624267578125,373.8788757324219,146.74000549316406,137.56842041015625,336.6434020996094,148.27525329589844,251.9470367431641,47.753868103027344,479.55999755859375,114.15390014648438,43.3790283203125,122.30999755859376,148.77479553222656,46.20997619628906,220.0,94.88237762451172,9.412127494812012,27.74004173278809,123.82010650634766,148.23904418945312,76.34127807617188,71.16194915771484,178.37637329101562,95.85391235351562,95.63931274414062,687.2672119140625,195.8032684326172,72.70419311523438,55.7599983215332,70.3499984741211,115.54000091552734,63.040000915527344,55.31999969482422,10.270000457763672,93.80999755859376,128.3699951171875,40.0099983215332,31.670000076293945,12.520000457763672,71.81999969482422,40.257110595703125,75.80144500732422,123.4000015258789,27.1578311920166,118.6999969482422,112.54314422607422,38.13999938964844,19.200000762939453,210.66000366210935,73.25,73.4000015258789,193.08999633789065,133.0399932861328,171.16000366210938,407.7000122070313,112.87000274658205,42.7400016784668,64.52999877929688,181.58999633789065,222.78366088867188,673.9000244140625,236.61000061035156,152.279052734375,223.15565490722656,558.8106689453125,176.73135375976562,619.4299926757812,75.38427734375,136.0395965576172,41.6093635559082,28.582284927368164,43.30665588378906,326.8112487792969,55.42233657836914,14.915091514587402,33.91745376586914,145.68907165527344,40.62449645996094,47.44615936279297,3.8474745750427246,3.4226479530334473,4.690077304840088,17.270652770996094,72.9842758178711,27.17581558227539,121.53439331054688,194.5018310546875,299.3492736816406,574.219482421875,51.07340240478515,126.59278869628906,100.22415161132812,137.39146423339844,33.45729446411133,117.64562225341795,111.43936157226562,50.70791244506836,36.845176696777344,235.4499969482422,94.88778686523438,58.71281051635742,42.742286682128906,113.84215545654295,120.4448013305664,145.67652893066406,125.83000946044922
2023-11-27,188.6573181152344,375.0477600097656,147.72999572753906,137.3992156982422,333.1300048828125,147.937255859375,251.78851318359375,48.21965026855469,479.1700134277344,114.36993408203124,43.4974479675293,122.6500015258789,149.14869689941406,45.799095153808594,219.3000030517578,94.88237762451172,9.357827186584473,28.05504608154297,124.25626373291016,147.28353881835938,76.97686004638672,71.65289306640625,179.0780029296875,93.05038452148438,95.03319549560548,684.4830932617188,195.3532257080078,74.1185302734375,56.38999938964844,73.79000091552734,119.7699966430664,62.849998474121094,56.060001373291016,10.25,93.9499969482422,129.0,41.099998474121094,32.08000183105469,12.68000030517578,73.94999694824219,40.13093566894531,74.87432861328125,124.0,26.761228561401367,117.72000122070312,111.4607162475586,38.599998474121094,19.079999923706055,210.07000732421875,70.27999877929688,73.94999694824219,191.91000366210935,134.5449981689453,170.3000030517578,401.9100036621094,111.91999816894533,42.349998474121094,65.55000305175781,180.32000732421875,223.1907196044922,670.5499877929688,235.8300018310547,153.01976013183594,221.70445251464844,555.9970703125,174.3748016357422,619.27001953125,74.71333312988281,135.76092529296875,41.7063102722168,28.41884422302246,43.16304016113281,325.4236755371094,55.00000762939453,14.915091514587402,33.86305618286133,145.5130615234375,40.1569938659668,46.4837646484375,3.8474745750427246,3.413006544113159,4.66176700592041,17.332447052001953,73.03331756591797,27.061954498291016,120.78213500976562,195.23464965820312,299.56121826171875,577.6569213867188,51.305763244628906,126.46759033203124,99.63949584960938,136.8794403076172,33.56938171386719,117.16932678222656,110.77356719970705,50.659706115722656,36.48698806762695,236.0800018310547,94.00865173339844,58.429786682128906,42.346439361572266,113.55426788330078,121.0713119506836,146.69969177246094,117.93082427978516
2023-11-28,189.26368713378903,379.0993347167969,147.02999877929688,137.96653747558594,337.3998107910156,148.27525329589844,250.59957885742188,47.79884719848633,479.0,114.14408111572266,43.64546203613281,122.01000213623048,149.2253875732422,45.72264862060547,222.3699951171875,93.99659729003906,9.384977340698242,28.4389591217041,122.69579315185548,147.57308959960938,75.59642791748047,70.45677947998047,178.52255249023438,92.6694564819336,95.78594207763672,672.1632080078125,195.71522521972656,73.53559112548828,58.470001220703125,73.51000213623047,128.27000427246094,65.0999984741211,56.209999084472656,11.260000228881836,94.44000244140624,127.55999755859376,41.91999816894531,32.25,12.84000015258789,75.2699966430664,39.91743087768555,74.11139678955078,119.62999725341795,26.59125709533691,139.0,111.3729476928711,39.02000045776367,19.709999084472656,212.3500061035156,72.61000061035156,74.54000091552734,193.8500061035156,138.9149932861328,171.5500030517578,406.25,114.23999786376952,42.709999084472656,67.52999877929688,188.41000366210935,223.31980895996097,665.239990234375,237.3300018310547,154.36289978027344,221.53997802734375,559.80126953125,176.5036163330078,623.3200073242188,73.68775177001953,136.54718017578125,42.045623779296875,28.390005111694336,42.952392578125,325.3658142089844,54.81340026855469,14.887490272521973,33.97185134887695,145.10235595703125,39.94710159301758,45.713844299316406,3.8845584392547607,3.393724203109741,4.66176700592041,17.388261795043945,72.61155700683594,27.17581558227539,120.03938293457033,195.4593505859375,301.89276123046875,576.782958984375,51.91775131225586,126.79499053955078,99.58199310302734,137.9698486328125,33.56938171386719,117.77898406982422,110.94727325439452,50.4283447265625,36.322418212890625,246.72000122070312,91.37123107910156,58.61521911621094,42.242767333984375,113.23757934570312,120.71468353271484,146.1540069580078,120.98700714111328
2023-11-29,188.23980712890625,375.2855529785156,146.32000732421875,135.7570037841797,330.6417236328125,149.0285186767578,251.87765502929688,48.117698669433594,477.19000244140625,114.1146240234375,44.34607696533203,123.8499984741211,149.95404052734375,45.913761138916016,224.42999267578125,94.00450897216795,9.584080696105955,31.10664939880371,124.76364135742188,147.8626251220703,76.1624984741211,70.81382751464844,178.04507446289062,92.12892150878906,96.66578674316406,683.7174072265625,199.9224853515625,74.99771118164062,57.970001220703125,73.33000183105469,127.81999969482422,66.12999725341797,56.400001525878906,11.630000114440918,94.95999908447266,126.4800033569336,42.290000915527344,33.279998779296875,12.979999542236328,77.19999694824219,39.44187545776367,72.11229705810547,118.02999877929688,25.911365509033203,141.72999572753906,110.797607421875,38.68000030517578,19.84000015258789,234.44000244140625,70.7699966430664,78.30999755859375,199.83999633789065,144.4550018310547,175.32000732421875,420.510009765625,116.6500015258789,43.619998931884766,67.94999694824219,195.5500030517578,228.711181640625,678.9299926757812,263.489990234375,156.66403198242188,221.70445251464844,571.8478393554688,179.50375366210938,617.3900146484375,75.2884292602539,134.34768676757812,42.4431037902832,29.139892578125,43.80454635620117,330.5732727050781,58.54554748535156,14.997902870178224,34.23476791381836,146.24649047851562,39.71812438964844,45.232643127441406,3.921642780303955,3.432288885116577,4.727824687957764,17.163009643554688,73.62181091308594,27.583833694458008,120.78213500976562,195.3323211669922,301.669677734375,570.8209838867188,51.0799446105957,126.4579620361328,98.08682250976562,136.45277404785156,33.69081115722656,117.39795684814452,109.97269439697266,50.00416946411133,36.10943603515625,244.13999938964844,91.37123107910156,58.87872314453125,42.299312591552734,117.28726196289062,119.59660339355467,143.6497039794922,120.46951293945312
2023-11-30,188.81637573242188,375.3449401855469,146.08999633789062,133.28868103027344,325.6153869628906,150.72817993164062,254.30496215820312,46.74833297729492,473.9700012207031,114.1146240234375,44.1092529296875,121.16000366210938,152.0153045654297,46.22908782958984,231.6300048828125,96.32969665527344,9.285426139831545,31.19549560546875,125.8756103515625,147.38970947265625,75.59642791748047,71.00524139404297,178.6979522705078,90.6502914428711,95.1309585571289,679.8892211914062,199.6778564453125,75.59019470214844,57.61000061035156,72.81999969482422,124.72000122070312,64.68000030517578,56.380001068115234,11.729999542236328,93.9800033569336,126.33999633789062,40.939998626708984,34.06999969482422,13.829999923706056,75.80999755859375,40.04731369018555,72.31510925292969,118.66000366210938,25.90192222595215,147.44000244140625,111.14530181884766,39.310001373291016,20.049999237060547,236.9900054931641,67.05000305175781,77.1500015258789,197.52999877929688,147.5449981689453,187.67999267578125,415.739990234375,116.56999969482422,43.099998474121094,67.83000183105469,190.9499969482422,250.10784912109375,685.739990234375,270.7200012207031,157.14794921875,222.43972778320312,566.1317749023438,179.87014770507812,611.010009765625,76.04560852050781,131.89938354492188,43.228370666503906,29.54690170288086,44.13965606689453,331.81683349609375,60.225006103515625,15.24633502960205,34.751564025878906,147.7688751220703,39.9661750793457,45.04016876220703,3.9587268829345703,3.355159044265747,4.6145830154418945,17.13311004638672,74.41630554199219,27.84003257751465,121.81055450439452,194.2673492431641,304.0654602050781,575.5595092773438,50.95231246948242,128.8557586669922,98.47019958496094,136.15884399414062,33.896297454833984,117.23600769042967,111.51656341552734,50.16805648803711,35.848052978515625,240.0800018310547,91.55892181396484,57.72711181640625,42.38413619995117,123.68807220458984,120.8303451538086,145.37448120117188,118.4092788696289
2023-12-01,190.09866333007812,370.98638916015625,147.02999877929688,132.69151306152344,323.29632568359375,151.46209716796875,254.0771484375,46.74333572387695,465.739990234375,115.04750061035156,43.16194152832031,121.38999938964844,153.9231414794922,46.315086364746094,233.8699951171875,96.8833236694336,9.575030326843262,31.945770263671875,126.48033905029295,149.8026123046875,75.40773010253906,71.6161880493164,179.23643493652344,91.06841278076172,96.34318542480467,688.2814331054688,201.24334716796875,75.66664123535156,59.650001525878906,73.86000061035156,133.75999450683594,66.76000213623047,57.349998474121094,13.140000343322754,96.58000183105467,135.02000427246094,43.36000061035156,34.790000915527344,14.140000343322754,82.04000091552734,40.75041580200195,71.4555892944336,116.7699966430664,25.646963119506836,145.27000427246094,107.12964630126952,40.45000076293945,20.270000457763672,235.02999877929688,73.62999725341797,78.77999877929688,198.02999877929688,148.0800018310547,185.97000122070312,435.2300109863281,118.62000274658205,45.9900016784668,70.29000091552734,195.11000061035156,258.1502685546875,690.7899780273438,272.9200134277344,158.10592651367188,225.36146545410156,568.9650268554688,183.9198303222656,612.469970703125,77.53125,131.2325897216797,43.64524459838867,30.002363204956055,45.22160720825195,338.5106506347656,62.03215026855469,15.421157836914062,34.97822189331055,149.53677368164062,40.271484375,46.96495819091797,4.014352798461914,3.364800453186035,4.737260818481445,17.170984268188477,70.55178833007812,27.991851806640625,125.29574584960938,199.2405548095703,310.0111389160156,578.9678344726562,50.510498046875,129.78982543945312,98.7098159790039,137.30613708496094,33.60674285888672,117.74088287353516,111.18848419189452,50.505470275878906,36.506343841552734,238.8300018310547,91.45025634765624,57.41481018066406,42.57263946533203,124.4653778076172,121.81349182128906,147.54742431640625,123.1839370727539
2023-12-04,188.29945373535156,365.6669006347656,144.83999633789062,130.01419067382812,318.5188293457031,152.5726776123047,252.08572387695312,45.488914489746094,453.8999938964844,113.69237518310548,41.790306091308594,118.56999969482422,154.45045471191406,45.913761138916016,234.8699951171875,96.11615753173828,9.683631896972656,32.64667892456055,126.7534637451172,151.93557739257812,73.77901458740234,70.42404174804688,179.42245483398438,90.47793579101562,94.8376693725586,686.4120483398438,201.83041381835935,75.1028060913086,59.849998474121094,72.5199966430664,141.08999633789062,67.5199966430664,58.630001068115234,12.65999984741211,98.36000061035156,133.6999969482422,44.09000015258789,34.5,14.300000190734863,82.98999786376953,40.64299392700195,70.52847290039062,113.6999969482422,25.108718872070312,142.8300018310547,102.03663635253906,41.22999954223633,18.399999618530273,237.38999938964844,72.5,79.81999969482422,198.2599945068359,143.30499267578125,188.3000030517578,423.0199890136719,118.18000030517578,45.880001068115234,68.16000366210938,194.42999267578125,248.8766937255859,687.6199951171875,269.2200012207031,157.2960968017578,225.01319885253903,565.15087890625,184.36538696289065,604.5599975585938,77.83797454833984,128.6549072265625,43.7421875,29.866695404052734,45.355655670166016,339.443359375,61.52143859863281,15.329147338867188,34.4886360168457,150.07699584960938,41.10152816772461,43.885292053222656,4.005081653594971,3.0466389656066895,4.954306602478027,17.007526397705078,67.9917984008789,27.555374145507812,125.22909545898438,202.78724670410156,314.27886962890625,581.7158203125,50.497413635253906,128.7594757080078,98.17308807373048,137.36302185058594,33.242469787597656,117.16932678222656,110.51304626464844,50.158416748046875,36.17720413208008,235.5800018310547,90.88721466064452,56.468143463134766,42.110809326171875,123.2562255859375,121.8906021118164,147.5181884765625,117.14971923828125
2023-12-05,192.26565551757812,369.01507568359375,146.8800048828125,131.76589965820312,316.7969665527344,152.5533905029297,252.254150390625,46.54851913452149,455.1499938964844,112.46491241455078,41.365989685058594,118.37999725341795,154.72850036621094,45.799095153808594,234.16000366210935,95.0880126953125,9.593131065368652,32.26167297363281,127.5337905883789,151.7715301513672,73.18314361572266,69.14263153076172,176.8475341796875,89.41547393798828,94.52482604980467,690.5982055664062,201.39012145996097,73.54515075683594,57.91999816894531,74.72000122070312,140.1999969482422,68.37999725341797,57.970001220703125,12.239999771118164,96.23500061035156,133.7100067138672,44.290000915527344,34.11000061035156,14.600000381469728,81.66000366210938,40.50628280639648,69.9007339477539,113.5500030517578,24.66490173339844,143.4600067138672,100.61647033691406,40.66999816894531,18.299999237060547,238.97000122070312,72.69000244140625,77.94999694824219,198.91000366210935,146.38999938964844,186.16000366210935,433.6700134277344,118.06999969482422,46.060001373291016,68.72000122070312,190.6999969482422,249.2341156005859,688.219970703125,267.760009765625,157.38497924804688,224.0263671875,566.44873046875,180.3255920410156,602.219970703125,76.84114837646484,130.36672973632812,43.13142395019531,29.634119033813477,44.71414566040039,332.0208740234375,61.11875915527344,15.84440803527832,34.83315658569336,151.25559997558594,39.69903945922851,43.404090881347656,4.005081653594971,2.892378330230713,5.1524786949157715,17.22281265258789,67.96237182617188,27.38457489013672,125.6004638671875,201.1946563720703,313.7745056152344,587.803955078125,50.96540069580078,127.96021270751952,96.26579284667967,135.45718383789062,32.962257385253906,116.16911315917967,109.17179107666016,49.025054931640625,35.1703987121582,238.72000122070312,89.6821060180664,55.90209197998047,41.26256561279297,122.5460968017578,121.10987854003906,145.11135864257812,110.58824157714844
2023-12-06,191.17222595214844,365.3300476074219,144.52000427246094,130.81040954589844,315.9609069824219,150.9502716064453,251.9371032714844,45.48591613769531,446.7300109863281,110.00999450683594,40.72458267211914,116.81999969482422,153.66429138183594,45.57931900024414,236.88999938964844,94.75584411621094,9.67458152770996,32.48872375488281,126.7632293701172,150.6133270263672,72.62698364257812,68.91749572753906,176.78878784179688,88.4871597290039,95.65885925292967,688.1620483398438,201.47816467285156,74.35743713378906,59.529998779296875,71.13999938964844,134.6300048828125,68.30000305175781,59.75,12.210000038146973,96.8499984741211,135.30999755859375,45.09000015258789,33.52000045776367,14.770000457763672,79.54000091552734,40.49651718139648,69.04122161865234,113.37999725341795,25.118162155151367,141.99000549316406,100.44995880126952,39.959999084472656,17.1299991607666,239.4199981689453,73.9800033569336,76.66000366210938,197.91000366210935,143.60000610351562,184.47000122070312,387.4200134277344,114.30999755859376,47.36000061035156,70.94000244140625,188.72000122070312,247.35757446289065,686.22998046875,267.32000732421875,156.14059448242188,224.7906951904297,560.9505004882812,183.68218994140625,595.7000122070312,76.11271667480469,129.40135192871094,43.14112091064453,29.58566665649414,45.82482147216797,332.2345886230469,61.050010681152344,15.586776733398438,34.90568923950195,152.72886657714844,39.77535629272461,43.21161651611328,3.9679980278015137,2.902019739151001,5.2468461990356445,17.621488571166992,66.33418273925781,27.03348922729492,128.9047393798828,203.91085815429688,316.3060302734375,589.82373046875,50.412322998046875,128.44168090820312,94.99105834960938,135.144287109375,32.55127716064453,114.0733871459961,106.64369201660156,47.591407775878906,33.896602630615234,239.3699951171875,90.38343048095705,55.121334075927734,40.76303482055664,119.95506286621094,118.2953872680664,139.51817321777344,115.50935363769531
2023-12-07,193.1105804443359,367.45989990234375,146.8800048828125,137.7973175048828,325.0579833984375,151.41380310058594,253.4529571533203,46.57851028442383,452.0,110.83484649658205,41.59295654296875,128.3699951171875,153.6067657470703,46.11442184448242,237.3300018310547,94.4948501586914,9.792232513427734,33.0810432434082,129.66990661621094,152.18653869628906,73.1434097290039,70.22271728515625,180.51902770996097,90.31049346923828,97.06661224365234,695.6892700195312,207.13348388671875,75.28438568115234,58.47999954223633,71.86000061035156,136.19000244140625,68.77999877929688,60.97999954223633,12.43000030517578,98.97000122070312,139.83999633789062,46.72999954223633,34.02000045776367,14.760000228881836,78.97000122070312,40.50628280639648,69.85245513916016,115.77999877929688,25.429777145385746,140.2899932861328,102.60470581054688,39.86000061035156,17.219999313354492,240.1699981689453,72.0,76.80000305175781,200.0500030517578,146.80499267578125,187.30999755859375,384.239990234375,115.0,47.439998626708984,71.93000030517578,187.8500061035156,247.07957458496097,687.6799926757812,272.3800048828125,157.36521911621094,223.8562774658203,566.161376953125,183.4346466064453,608.780029296875,77.01367950439453,136.2784423828125,44.01363754272461,29.71164321899414,46.43760681152344,334.8091125488281,61.835723876953125,15.7247953414917,35.041690826416016,153.57354736328125,40.23331832885742,45.32888412475586,4.005081653594971,2.988790988922119,5.2751569747924805,17.643415451049805,67.2757797241211,27.906455993652344,130.90444946289062,203.52003479003903,316.3642578125,593.24169921875,50.08054733276367,130.18467712402344,94.3297348022461,135.0399627685547,32.40183639526367,112.73975372314452,106.96210479736328,46.942386627197266,33.468753814697266,242.63999938964844,91.22306823730467,55.219242095947266,40.960968017578125,119.59040069580078,117.65921783447266,137.95909118652344,122.3930435180664
2023-12-08,194.5419921875,370.7090148925781,147.4199981689453,135.99586486816406,331.1890869140625,153.08448791503906,253.37368774414065,47.48816680908203,453.760009765625,111.5615005493164,42.135684967041016,128.9199981689453,155.27496337890625,46.22908782958984,244.6999969482422,95.37272644042967,9.96418571472168,33.31797790527344,129.69918823242188,151.55918884277344,74.44440460205078,69.74069213867188,181.0085296630859,92.46871185302734,98.1028823852539,692.4874877929688,210.9004669189453,77.01407623291016,58.939998626708984,72.5199966430664,146.6199951171875,70.61000061035156,61.70000076293945,13.210000038146973,100.0,140.67999267578125,46.40999984741211,34.90999984741211,15.09000015258789,80.08000183105469,40.32074737548828,69.66896057128906,113.4499969482422,24.976518630981445,138.9600067138672,102.38922882080078,40.83000183105469,17.770000457763672,242.5500030517578,72.01000213623047,77.5199966430664,198.8000030517578,149.2100067138672,190.6699981689453,381.7900085449219,113.83000183105467,49.72999954223633,73.05999755859375,192.36000061035156,249.0256195068359,699.0800170898438,273.4100036621094,158.17506408691406,223.1554718017578,568.5489501953125,184.73175048828125,610.010009765625,78.8635482788086,134.34768676757812,44.6922607421875,30.002363204956055,46.8110237121582,340.84234619140625,62.9259033203125,15.568376541137695,34.67902755737305,153.61282348632812,40.166534423828125,44.65520858764648,3.9958107471466064,3.0659215450286865,5.341214179992676,17.800893783569336,67.38368225097656,27.953895568847656,132.91366577148438,203.0608062744141,316.6552429199219,593.07666015625,49.55497741699219,130.18467712402344,95.41278076171876,136.83204650878906,32.971595764160156,113.3208465576172,108.13932037353516,47.2717399597168,33.96466827392578,243.83999633789065,91.98614501953124,55.28778076171875,41.55474090576172,120.26215362548828,118.30502319335938,139.36227416992188,124.97075653076172
2023-12-11,192.027099609375,367.80657958984375,145.88999938964844,134.06500244140625,323.754150390625,153.6446075439453,254.14646911621097,46.6094970703125,459.8900146484375,113.05409240722656,43.95136642456055,134.41000366210938,156.760986328125,47.194183349609375,248.0800018310547,95.12755584716795,10.018485069274902,33.150150299072266,132.75218200683594,154.39675903320312,77.25493621826172,72.95612335205078,186.1486053466797,100.78630828857422,98.68943786621094,706.21923828125,215.79261779785156,78.35196685791016,59.040000915527344,72.80999755859375,138.02000427246094,71.16999816894531,62.459999084472656,14.359999656677246,101.5,142.91000366210938,45.54999923706055,35.36000061035156,15.75,84.69000244140625,40.77970886230469,68.92533874511719,113.55999755859376,24.17386817932129,143.00999450683594,102.8593521118164,40.4900016784668,17.770000457763672,246.97000122070312,73.53500366210938,77.81999969482422,205.47000122070312,149.94000244140625,192.9900054931641,395.3900146484375,114.7300033569336,53.720001220703125,72.58000183105469,198.58999633789065,250.30645751953125,705.1199951171875,276.1099853515625,157.1578369140625,227.06825256347656,581.18994140625,187.36553955078125,625.2000122070312,79.38111877441406,132.65576171875,44.59531021118164,29.895767211914062,46.10249328613281,341.745849609375,62.87679672241211,15.292341232299805,34.153175354003906,156.01918029785156,40.70081329345703,48.31232070922851,4.005081653594971,3.008073329925537,5.360087871551514,17.80687141418457,67.913330078125,28.81737518310547,132.97080993652344,201.60499572753903,321.369140625,605.7775268554688,49.679805755615234,131.696533203125,95.4798812866211,136.86997985839844,32.81281280517578,113.5494613647461,108.22615814208984,47.61077880859375,33.809085845947266,239.7400054931641,91.37171173095705,55.86542892456055,41.8563346862793,121.30815887451172,119.01828002929688,140.17103576660156,123.55497741699219
2023-12-12,193.54795837402344,370.8576049804687,147.47999572753906,133.00999450683594,332.6522216796875,155.01593017578125,257.15838623046875,47.63911056518555,463.0,98.99229431152344,43.457977294921875,137.61000061035156,157.91143798828125,47.1368522644043,248.6300048828125,96.740966796875,10.099935531616213,32.9921989440918,133.3179168701172,152.41818237304688,77.62239837646484,72.52468872070312,186.9709930419922,105.00090789794922,99.32489013671876,716.4808349609375,215.39352416992188,78.96355438232422,58.88999938964844,72.5,139.6199951171875,71.13999938964844,62.720001220703125,13.970000267028809,101.0,140.5500030517578,47.2599983215332,36.130001068115234,15.850000381469728,85.81999969482422,40.14496994018555,68.94464874267578,113.1500015258789,23.777265548706055,147.17999267578125,104.47540283203124,42.040000915527344,17.5,248.5500030517578,76.98999786376953,78.19000244140625,210.7599945068359,152.7899932861328,193.4900054931641,393.0899963378906,114.66000366210938,56.0,71.27999877929688,202.0,254.62551879882812,716.47998046875,276.75,156.29859924316406,230.36785888671875,588.639892578125,187.5734710693359,633.6599731445312,80.12873840332031,131.8894500732422,45.05096054077149,29.78916931152344,46.01631546020508,342.5716857910156,63.41697311401367,15.099116325378418,33.81771469116211,157.5808563232422,40.71035385131836,51.00702667236328,3.8501148223876953,3.1044862270355225,5.397834777832031,18.018169403076172,68.64895629882812,28.94760513305664,133.81829833984375,203.91085815429688,323.18292236328125,611.2540893554688,49.71922302246094,130.63726806640625,93.9751205444336,135.1158447265625,32.46721649169922,112.0919952392578,107.16474151611328,47.50422668457031,33.48820877075195,237.0099945068359,90.25186920166016,54.38703918457031,40.847869873046875,120.16618347167967,116.53150939941406,139.7032928466797,124.92194366455078
2023-12-13,196.778564453125,370.84765625,148.83999633789062,133.3384552001953,333.16973876953125,155.5373992919922,259.9522705078125,48.06995391845703,479.9800109863281,101.13299560546876,43.9809684753418,138.19000244140625,156.86642456054688,47.48084259033203,250.91000366210935,95.83935546875,10.172338485717772,33.554901123046875,135.3857879638672,156.1726531982422,79.24118041992188,72.8628921508789,188.24380493164065,106.70574188232422,99.83324432373048,731.12744140625,217.55599975585935,81.63932037353516,61.72999954223633,73.86000061035156,150.4600067138672,72.58999633789062,61.970001220703125,14.670000076293944,100.43000030517578,144.50999450683594,52.0,36.5099983215332,16.450000762939453,83.97000122070312,40.97501754760742,69.01225280761719,112.36000061035156,23.881139755249023,146.41000366210938,104.73005676269533,43.310001373291016,17.8700008392334,252.0399932861328,78.63999938964844,80.37999725341797,215.4499969482422,156.92999267578125,196.5500030517578,411.1799926757813,117.2300033569336,56.150001525878906,71.22000122070312,215.13999938964844,255.4893035888672,715.6400146484375,278.67999267578125,157.78990173339844,232.84011840820312,604.5303344726562,196.1976318359375,624.260009765625,82.0744400024414,131.939208984375,46.30156707763672,31.048959732055664,47.241886138916016,352.403564453125,65.1160888671875,15.135921478271484,33.53666305541992,156.70668029785156,41.66443634033203,52.25814437866211,3.830864191055298,3.1334102153778076,5.482766151428223,18.29724502563477,68.53125762939453,28.871000289916992,138.22715759277344,210.50596618652344,333.0762634277344,623.3917846679688,50.602840423583984,133.25657653808594,94.8089599609375,137.1165008544922,32.71940231323242,112.86360168457033,107.92703247070312,47.6495246887207,33.731300354003906,239.2899932861328,91.99606323242188,56.02207565307617,41.67726516723633,122.02789306640624,120.29058837890624,142.90916442871094,136.7560272216797
2023-12-14,196.92767333984375,362.4870910644531,147.4199981689453,132.5720672607422,331.6071472167969,158.36695861816406,256.3360290527344,48.33184814453125,469.8299865722656,98.50131225585938,44.582908630371094,138.0,156.18576049804688,47.24195861816406,256.239990234375,95.97380828857422,10.93254852294922,35.785972595214844,138.01934814453125,162.89984130859375,81.62467193603516,76.09221649169922,195.9783477783203,108.3508529663086,101.61007690429688,749.4432373046875,228.71246337890625,81.54374694824219,61.869998931884766,77.54000091552734,153.6300048828125,75.81999969482422,62.5,15.229999542236328,101.76000213623048,147.25999450683594,55.56999969482422,37.0099983215332,16.940000534057617,83.26000213623047,41.64882278442383,70.02629089355469,112.91000366210938,24.778215408325195,146.41000366210938,102.29129028320312,44.52000045776367,18.209999084472656,252.67999267578125,81.05999755859375,84.66000366210938,216.3999938964844,150.22000122070312,200.86000061035156,419.239990234375,120.6500015258789,56.119998931884766,72.13999938964844,221.9199981689453,255.3800506591797,680.3900146484375,270.7799987792969,154.0764923095703,229.6768035888672,595.5745849609375,201.702880859375,584.6400146484375,87.25981903076172,131.3122100830078,48.96759414672851,32.89018630981445,48.103614807128906,372.5531311035156,69.67323303222656,15.319944381713867,34.334503173828125,154.07444763183594,42.58988571166992,54.7603759765625,3.8501148223876953,3.2491049766540527,5.699811935424805,18.422826766967773,71.0422134399414,29.61791229248047,147.41629028320312,220.36441040039065,341.23345947265625,612.4970092773438,49.98528671264648,135.91436767578125,97.3584213256836,142.1608123779297,33.43861389160156,116.35621643066406,110.9183120727539,50.77837371826172,34.898136138916016,251.0500030517578,93.09608459472656,57.52983856201172,43.15443801879883,124.85883331298828,124.5123291015625,147.03097534179688,142.85650634765625
2023-12-15,196.39089965820312,367.241943359375,149.97000122070312,133.2090606689453,333.34893798828125,159.56442260742188,255.6425018310547,48.87164306640625,472.05999755859375,101.45703887939452,45.54995346069336,139.14999389648438,155.53379821777344,47.6528434753418,264.2699890136719,97.4606704711914,10.878249168395996,35.27262496948242,139.60926818847656,162.7646942138672,80.85004425048828,76.71604919433594,196.67347717285156,110.6275634765625,100.71627044677734,748.6974487304688,228.9582061767578,80.54034423828125,61.2599983215332,76.81999969482422,147.89999389648438,75.95999908447266,61.86000061035156,15.550000190734863,101.56999969482422,146.60000610351562,55.79999923706055,37.369998931884766,16.920000076293945,80.68000030517578,40.76994323730469,71.9577865600586,114.12000274658205,25.88303565979004,148.35000610351562,100.77317810058594,43.91999816894531,18.200000762939453,260.0799865722656,83.16999816894531,85.05000305175781,221.66000366210935,153.64999389648438,199.0099945068359,420.1700134277344,122.5999984741211,63.11000061035156,71.56999969482422,229.55999755859375,259.73883056640625,698.239990234375,272.70001220703125,151.59759521484375,227.89561462402344,602.8362426757812,200.77212524414065,584.6799926757812,87.77738952636719,131.9690704345703,48.77370071411133,32.56070327758789,47.71105194091797,369.6773986816406,69.71251678466797,15.200329780578612,33.88118362426758,153.36729431152344,42.43722915649414,51.96942138671875,3.724986076354981,3.1430516242980957,5.652627944946289,18.476648330688477,70.24773406982422,29.474275588989254,142.15040588378906,220.41326904296875,343.3575744628906,639.7243041992188,50.17252349853515,133.24693298339844,96.70668029785156,141.6108856201172,32.513916015625,115.88345336914062,110.52269744873048,50.55557632446289,34.83007049560547,253.5,92.62039184570312,57.33402633666992,43.039329528808594,124.62850189208984,123.92437744140624,144.58517456054688,144.00216674804688
2023-12-18,194.72091674804688,369.1438293457031,154.07000732421875,136.54327392578125,343.00341796875,160.53012084960938,255.9793701171875,50.05820083618164,486.1199951171875,103.10675048828124,45.0861701965332,138.89999389648438,156.0227813720703,48.00639343261719,260.4100036621094,97.78491973876952,10.796797752380373,34.9863395690918,138.16567993164062,161.5872039794922,80.99901580810547,76.3609848022461,192.4733123779297,112.31771087646484,101.09931182861328,737.859130859375,225.4196014404297,80.24410247802734,61.470001220703125,77.12999725341797,153.42999267578125,76.22000122070312,61.72999954223633,15.640000343322754,102.70999908447266,147.5,56.27000045776367,37.70000076293945,17.020000457763672,84.45999908447266,41.52186965942383,71.31072998046875,112.26000213623048,25.15593147277832,148.41000366210938,100.79276275634766,44.4900016784668,17.84000015258789,259.79998779296875,84.3499984741211,84.69999694824219,222.5500030517578,153.7899932861328,198.97000122070312,412.739990234375,123.2699966430664,61.540000915527344,71.36000061035156,228.55999755859375,261.71466064453125,703.719970703125,272.75,152.98023986816406,228.5866546630859,612.6636962890625,201.61375427246097,599.1300048828125,86.99143981933594,135.15383911132812,48.143550872802734,32.39596176147461,47.54827880859375,365.6843872070313,68.07232666015625,15.14512062072754,34.153175354003906,153.47532653808594,42.64712905883789,50.33334732055664,3.744236707687378,3.1141276359558105,5.633753776550293,18.38096618652344,71.96419525146484,28.976335525512695,140.2459259033203,218.9183654785156,340.2635192871094,661.4943237304688,50.9050407409668,132.62098693847656,97.42550659179688,141.92376708984375,32.803470611572266,117.34032440185548,110.87006378173828,50.64275741577149,35.20928955078125,252.0800018310547,92.02578735351562,57.735443115234375,43.39423751831055,126.00079345703124,127.15332794189452,147.92745971679688,142.87608337402344
2023-12-19,195.7646484375,369.7481384277344,153.7899932861328,137.448974609375,348.71649169921875,162.67401123046875,257.5843200683594,49.58537673950195,495.0199890136719,104.33421325683594,46.0433464050293,140.14999389648438,154.89146423339844,47.94906234741211,263.510009765625,99.60396575927734,10.878249168395996,35.41083526611328,139.706787109375,162.62957763671875,81.60481262207031,77.46089935302734,193.68736267089844,112.10424041748048,102.02261352539062,740.5040283203125,225.46873474121097,80.17720794677734,63.0099983215332,78.3499984741211,161.16000366210938,77.8499984741211,62.119998931884766,15.06999969482422,101.45999908447266,146.91000366210938,57.849998474121094,38.040000915527344,17.18000030517578,87.02999877929688,42.644874572753906,72.8076400756836,114.62000274658205,26.06245231628418,150.08999633789062,101.0963897705078,44.72999954223633,17.950000762939453,258.3299865722656,86.68000030517578,85.51000213623047,224.0399932861328,154.30499267578125,199.02000427246097,409.7799987792969,122.41000366210938,62.43000030517578,72.41999816894531,233.07000732421875,262.4593505859375,707.7100219726562,273.9800109863281,153.15802001953125,227.46731567382812,615.6655883789062,205.93080139160156,604.6400146484375,88.10326385498047,135.99977111816406,48.56041717529297,32.473487854003906,48.76427459716797,371.5621948242187,68.4946517944336,15.283141136169434,34.06250762939453,153.09226989746094,42.64712905883789,52.45062255859375,3.97524356842041,3.1912577152252197,5.74699592590332,18.263357162475582,72.12113189697266,28.995485305786133,141.55050659179688,220.2471618652344,341.485595703125,658.0957641601562,51.088993072509766,134.4121551513672,98.7098159790039,143.78221130371094,33.065006256103516,118.21829986572266,112.40428924560548,51.32083511352539,35.802433013916016,257.2200012207031,93.08617401123048,59.037593841552734,43.816287994384766,128.39991760253906,128.77261352539062,149.8373260498047,145.83328247070312
2023-12-20,193.667236328125,367.1329650878906,152.1199951171875,139.00161743164062,347.6415710449219,160.83917236328125,254.73101806640625,48.09293746948242,489.2699890136719,102.27207946777344,45.155242919921875,135.47000122070312,153.44378662109375,47.58595275878906,260.25,97.5713882446289,10.679144859313965,35.01595687866211,136.9854278564453,159.42526245117188,78.14875793457031,74.874267578125,188.16546630859375,109.23174285888672,98.26072692871094,725.4796142578125,219.09922790527344,78.87625885009766,61.7400016784668,75.41999816894531,161.86000061035156,74.94999694824219,60.68000030517578,15.0600004196167,98.72000122070312,141.07000732421875,56.86000061035156,37.119998931884766,16.600000381469727,83.58999633789062,41.97107696533203,71.78975677490234,111.2300033569336,24.957632064819336,146.42999267578125,99.9602508544922,43.83000183105469,17.25,253.9499969482422,85.2699966430664,82.83000183105469,218.72999572753903,150.49000549316406,194.27999877929688,401.6700134277344,120.62000274658205,59.630001068115234,69.86000061035156,237.6000061035156,258.3984680175781,693.7999877929688,270.1499938964844,149.266845703125,226.0365447998047,609.9691162109375,202.0197296142578,596.0599975585938,87.35565185546875,137.68173217773438,47.83332443237305,31.959882736206055,47.94084167480469,366.77252197265625,65.92144775390625,15.08991527557373,33.81771469116211,151.7859649658203,42.17009353637695,50.33334732055664,3.830864191055298,3.1334102153778076,5.728122711181641,17.956377029418945,71.03239440917969,28.52627182006836,139.77931213378906,216.91542053222656,338.17816162109375,641.8410034179688,50.491153717041016,131.83132934570312,97.06128692626952,142.46424865722656,32.71006393432617,117.1570053100586,112.5972900390625,50.904300689697266,35.45238494873047,247.13999938964844,90.4500732421875,58.91031646728515,43.39423751831055,128.65902709960938,127.75091552734376,149.70091247558594,139.56634521484375
2023-12-21,193.5181427001953,370.0254821777344,153.83999633789062,141.1315460205078,352.4289855957031,161.75660705566406,257.1385498046875,48.97161102294922,491.6099853515625,103.95124053955078,46.457801818847656,139.91000366210938,154.1436309814453,47.49040222167969,262.0199890136719,100.41857147216795,11.167852401733398,35.785972595214844,138.93621826171875,160.99844360351562,84.89205169677734,77.05525207519531,192.16981506347656,110.89523315429688,100.72607421875,750.9944458007812,225.3409423828125,82.20092010498047,62.060001373291016,76.13999938964844,168.02999877929688,76.20999908447266,61.459999084472656,15.59000015258789,100.55999755859376,142.08999633789062,58.75,37.36000061035156,17.229999542236328,85.23999786376953,42.703468322753906,74.63786315917969,117.61000061035156,26.421283721923828,146.72000122070312,102.26190185546876,44.47999954223633,17.59000015258789,257.32000732421875,89.04000091552734,84.8499984741211,221.3300018310547,149.6999969482422,196.7899932861328,409.8200073242187,122.4800033569336,60.470001220703125,71.9000015258789,245.02999877929688,265.3486022949219,700.760009765625,272.8999938964844,150.29396057128906,222.8829345703125,615.1998291015625,204.56439208984375,600.1400146484375,88.78378295898438,139.75184631347656,47.939964294433594,32.17308044433594,48.44830703735352,369.7357482910156,66.96250915527344,15.17272663116455,33.935585021972656,152.1690216064453,41.99835968017578,52.73933792114258,3.811613798141479,3.1623339653015137,5.813053131103516,18.490602493286133,73.87683868408203,28.86142349243164,140.8458251953125,218.42010498046875,338.4787902832031,645.8804931640625,50.84919738769531,134.2099151611328,97.50218963623048,142.90042114257812,33.12104415893555,116.81932830810548,112.73236846923828,50.93336486816406,35.62740707397461,254.5,91.19332885742188,59.174659729003906,43.97934341430664,128.87013244628906,127.15332794189452,148.75572204589844,142.42562866210938
2023-12-22,192.444580078125,371.05572509765625,153.4199981689453,142.04721069335938,351.7322692871094,161.66000366210938,256.038818359375,48.81167221069336,486.760009765625,104.28511810302734,47.36563873291016,139.60000610351562,155.44752502441406,47.863067626953125,260.44000244140625,100.19712829589844,11.17690372467041,35.55891799926758,139.96041870117188,162.37863159179688,85.89508819580078,77.35973358154297,192.97264099121097,110.37286376953124,101.31541442871094,748.2699584960938,225.04608154296875,82.06599426269531,61.84000015258789,76.83000183105469,175.47999572753906,76.27999877929688,61.709999084472656,15.350000381469728,100.52999877929688,140.8000030517578,58.790000915527344,37.380001068115234,17.049999237060547,84.94999694824219,42.791351318359375,73.67870330810547,114.73999786376952,26.053009033203125,144.47999572753906,85.83692932128906,45.970001220703125,17.40999984741211,255.6300048828125,89.36000061035156,84.31999969482422,221.67999267578125,149.10499572753906,195.6699981689453,407.4800109863281,122.48999786376952,60.689998626708984,72.5,240.8000030517578,264.44512939453125,697.5499877929688,272.57000732421875,150.80751037597656,224.8101501464844,618.2511596679688,203.5742645263672,598.75,88.57292938232422,140.81675720214844,47.67820739746094,32.39596176147461,48.69724655151367,369.8133850097656,67.3553695678711,15.227931022644045,33.9899787902832,152.93515014648438,41.97927474975586,52.64310073852539,3.801988363265991,3.239464044570923,5.869673728942871,18.36701202392578,74.25935363769531,28.899728775024418,140.37924194335938,217.88270568847656,338.1102294921875,652.1337280273438,51.45689392089844,135.00918579101562,97.67469787597656,143.2227783203125,32.9996223449707,117.96744537353516,113.53326416015624,51.41770553588867,35.578792572021484,252.5399932861328,90.20231628417967,59.53691864013672,43.94098281860352,128.6494140625,127.42320251464844,147.01148986816406,146.96914672851562
2023-12-26,191.8978729248047,371.1349487304687,153.41000366210938,142.146728515625,353.16546630859375,162.61605834960938,256.7620849609375,49.260498046875,491.19000244140625,104.27529907226562,49.83259963989258,143.41000366210938,156.473388671875,48.04461669921875,262.7900085449219,100.81401824951172,11.267401695251465,35.667510986328125,141.8819580078125,164.85910034179688,86.46117401123047,78.91885375976562,194.70558166503903,111.3477554321289,102.59227752685548,758.3623657226562,227.99490356445312,82.75019836425781,62.560001373291016,78.20999908447266,172.0500030517578,76.91000366210938,61.97999954223633,15.31999969482422,99.86000061035156,138.72000122070312,58.68000030517578,37.15999984741211,16.780000686645508,82.58999633789062,42.4593391418457,74.23657989501953,114.66999816894533,26.07189559936523,145.22000122070312,90.3031005859375,46.380001068115234,17.68000030517578,257.8699951171875,91.72000122070312,85.76000213623047,224.58999633789065,150.41000366210938,198.55999755859375,416.8999938964844,123.55999755859376,60.38999938964844,74.20999908447266,245.0500030517578,264.32598876953125,701.22998046875,273.9700012207031,151.28155517578125,226.33824157714844,619.0238647460938,204.28713989257812,598.260009765625,88.98506927490234,140.84661865234375,48.12416076660156,32.81266403198242,49.15684127807617,370.74609375,67.71875762939453,15.24633502960205,33.98091506958008,154.03517150878906,41.9124870300293,52.93181991577149,3.8212389945983887,3.2298226356506348,5.888547420501709,18.63213348388672,75.52465057373047,29.119970321655273,141.12197875976562,217.70684814453125,338.8085632324219,655.0662841796875,51.3780632019043,135.80844116210938,97.89514923095705,144.51231384277344,33.31718826293945,119.926025390625,114.84555053710938,51.99892044067383,36.02607727050781,256.6099853515625,90.13294219970705,60.15372467041016,44.75630187988281,130.24240112304688,128.37742614746094,148.19053649902344,149.22132873535156
2023-12-27,191.9972686767578,370.5505065917969,153.33999633789062,140.77325439453125,356.1514587402344,163.59144592285156,256.5341796875,49.39845275878906,491.7900085449219,104.02980041503906,50.08916091918945,146.07000732421875,156.71304321289062,48.1974983215332,262.1000061035156,101.45502471923828,11.213102340698242,35.61814880371094,142.13555908203125,165.2644500732422,86.06392669677734,78.84148406982422,195.175537109375,110.78506469726562,102.78873443603516,759.704833984375,228.14236450195312,82.56710815429688,62.68000030517578,78.33999633789062,185.2400054931641,77.38999938964844,63.279998779296875,15.220000267028809,100.69000244140624,136.5500030517578,59.470001220703125,37.29999923706055,16.950000762939453,82.38999938964844,42.3616828918457,74.49105072021484,114.38999938964844,26.2040958404541,144.4499969482422,85.82713317871094,46.849998474121094,17.469999313354492,257.32000732421875,90.5999984741211,85.55000305175781,225.02000427246097,148.75,198.7100067138672,418.2799987792969,123.5999984741211,59.7599983215332,73.7300033569336,243.05999755859375,264.8224182128906,703.760009765625,273.70001220703125,153.9678497314453,225.43307495117188,623.2540893554688,203.66336059570312,596.0800170898438,89.77102661132812,139.70208740234375,47.82362747192383,32.79328155517578,49.27173614501953,373.5343933105469,68.03305053710938,15.255536079406738,33.826786041259766,155.12539672851562,41.9697380065918,52.73933792114258,3.792363166809082,3.25874662399292,5.98291540145874,18.739774703979492,75.77967071533203,28.957181930541992,142.16944885253906,217.77525329589844,338.0520324707031,662.1966552734375,51.86092758178711,137.10845947265625,97.43509674072266,144.03822326660156,33.373233795166016,119.8970718383789,114.33415222167967,51.36927032470703,35.64685821533203,261.44000244140625,89.56806182861328,59.762107849121094,44.50690841674805,129.26356506347656,127.0569305419922,146.0468292236328,146.2151641845703
2023-12-28,192.4247131347656,371.7491149902344,153.3800048828125,140.61398315429688,356.63922119140625,164.46060180664062,257.9905700683594,49.50341033935547,490.510009765625,104.33421325683594,49.72405242919922,148.75999450683594,156.99105834960938,48.2357292175293,260.3500061035156,101.5500030517578,11.167852401733398,35.73661422729492,142.27210998535156,165.73741149902344,85.40846252441406,78.3198013305664,196.04690551757812,110.4151611328125,102.83783721923828,753.5597534179688,227.1299285888672,83.63677215576172,63.08000183105469,79.11000061035156,186.36000061035156,77.16999816894531,63.13999938964844,15.539999961853027,100.20999908447266,137.0,58.849998474121094,37.27000045776367,17.049999237060547,81.91999816894531,42.4495735168457,75.59701538085938,117.81999969482422,26.9217586517334,145.35000610351562,87.46277618408203,46.43000030517578,17.559999465942383,256.1300048828125,91.33000183105467,84.68000030517578,224.44000244140625,147.7899932861328,201.22999572753903,417.0799865722656,123.27999877929688,60.20000076293945,73.08999633789062,241.22000122070312,263.6905212402344,702.4600219726562,276.0799865722656,152.4173126220703,226.28961181640625,622.1643676757812,205.5149383544922,595.52001953125,89.7518539428711,139.56275939941406,47.96904754638672,32.83204650878906,49.32918548583984,375.4094543457031,68.30805206298828,15.402752876281738,33.9899787902832,156.1173858642578,42.0937614440918,53.22054290771485,3.7634873390197754,3.2491049766540527,5.973478317260742,18.867351531982425,75.21077728271484,28.899728775024418,142.05516052246094,217.78500366210935,336.9172058105469,658.522216796875,51.75910186767578,137.26254272460938,96.02618408203124,142.0091094970703,32.9996223449707,117.0605239868164,112.4139404296875,50.6040153503418,35.20928955078125,253.17999267578125,89.58788299560547,58.714500427246094,43.89301681518555,127.47864532470705,125.38944244384766,143.12353515625,146.3228759765625
2023-12-29,191.38096618652344,372.5019836425781,151.94000244140625,140.265625,352.29962158203125,164.26744079589844,257.9410705566406,49.50341033935547,486.8800048828125,103.52899169921876,49.58590316772461,147.41000366210938,156.79933166503906,48.27394485473633,260.6600036621094,101.00394439697266,11.032099723815918,35.46019744873047,141.0723876953125,164.52130126953125,84.86649322509766,77.68405151367188,194.4020538330078,109.80918884277344,102.1502914428711,752.6350708007812,225.7636260986328,82.26836395263672,61.40999984741211,77.9000015258789,173.9199981689453,75.87000274658203,61.56999969482422,14.989999771118164,98.88999938964844,136.13999938964844,57.86000061035156,37.040000915527344,16.93000030517578,81.05000305175781,42.59605026245117,75.86127471923828,119.08999633789062,27.280588150024418,146.30999755859375,91.2433624267578,45.720001220703125,17.170000076293945,255.32000732421875,90.52999877929688,83.26000213623047,221.55999755859375,147.44000244140625,199.0,408.8500061035156,121.37999725341795,59.45000076293945,71.91000366210938,237.86000061035156,261.26788330078125,706.489990234375,276.05999755859375,152.67408752441406,226.7567901611328,619.2022705078125,204.6831970214844,596.5999755859375,89.37803649902344,139.02532958984375,47.71698760986328,32.6285400390625,49.25258255004883,374.78765869140625,67.5714340209961,15.43955898284912,34.18037796020508,157.47280883789062,41.83616256713867,52.64310073852539,3.753862142562866,3.297311544418335,5.945168495178223,18.875324249267575,75.03422546386719,28.81354522705078,141.92185974121094,217.4430389404297,336.13153076171875,655.5231323242188,51.785377502441406,137.14697265625,95.82492065429688,141.4307403564453,33.065006256103516,116.69388580322266,111.9990234375,50.410274505615234,35.15095138549805,248.47999572753903,89.47887420654297,58.4599494934082,43.451786041259766,127.76653289794922,125.30269622802734,144.56568908691406,141.47581481933594
